Date,Text,Raw_BERT_Score
2026-05-09 14:31:00+00:00,Mock tweet 0,-0.9713971452059942
2026-05-09 14:31:00+00:00,Mock tweet 1,-0.946183915647717
2026-05-09 15:00:00+00:00,Mock tweet 2,0.4089582869053332
2026-05-09 15:01:00+00:00,Mock tweet 3,-0.976385858405314
2026-05-09 15:07:00+00:00,Mock tweet 4,0.030266700663790225
2026-05-09 15:09:00+00:00,Mock tweet 5,-0.4102770395253661
2026-05-09 15:10:00+00:00,Mock tweet 6,0.11686632280402365
2026-05-09 15:13:00+00:00,Mock tweet 7,-0.9067034751899834
2026-05-09 15:17:00+00:00,Mock tweet 8,0.6359150307733499
2026-05-09 15:23:00+00:00,Mock tweet 9,-0.3613240367028214
2026-05-09 15:28:00+00:00,Mock tweet 10,0.861429754523974
2026-05-09 15:38:00+00:00,Mock tweet 11,0.7868629832964988
2026-05-09 15:42:00+00:00,Mock tweet 12,0.09895338349287575
2026-05-09 15:45:00+00:00,Mock tweet 13,0.530537439279291
2026-05-09 15:56:00+00:00,Mock tweet 14,0.4407344138166369
2026-05-09 16:01:00+00:00,Mock tweet 15,-0.07155648348323274
2026-05-09 16:01:00+00:00,Mock tweet 16,-0.68449228250663
2026-05-09 16:05:00+00:00,Mock tweet 17,0.8859463590657857
2026-05-09 16:13:00+00:00,Mock tweet 18,-0.6251496392700302
2026-05-09 16:15:00+00:00,Mock tweet 19,-0.04066108151908354
2026-05-09 16:18:00+00:00,Mock tweet 20,0.6571525554690518
2026-05-09 16:28:00+00:00,Mock tweet 21,-0.3966925939639421
2026-05-09 16:29:00+00:00,Mock tweet 22,-0.9450389584783643
2026-05-09 16:31:00+00:00,Mock tweet 23,-0.3587923373129731
2026-05-09 16:36:00+00:00,Mock tweet 24,-0.22825120362601115
2026-05-09 16:44:00+00:00,Mock tweet 25,0.4728256029400717
2026-05-09 17:05:00+00:00,Mock tweet 26,0.46924730443353213
2026-05-09 17:07:00+00:00,Mock tweet 27,0.8752719005973644
2026-05-09 17:08:00+00:00,Mock tweet 28,0.3688920574492789
2026-05-09 17:09:00+00:00,Mock tweet 29,0.7051462463995577
2026-05-09 17:11:00+00:00,Mock tweet 30,-0.5841532475391242
2026-05-09 17:22:00+00:00,Mock tweet 31,-0.8382011239591458
2026-05-09 17:25:00+00:00,Mock tweet 32,0.4026848657912283
2026-05-09 17:26:00+00:00,Mock tweet 33,0.9574479231432562
2026-05-09 17:29:00+00:00,Mock tweet 34,-0.8918625138770382
2026-05-09 17:30:00+00:00,Mock tweet 35,6.648905244575517
2026-05-09 17:30:00+00:00,Mock tweet 36,0.37034633894525104
2026-05-09 17:31:00+00:00,Mock tweet 37,0.25345172114750425
2026-05-09 17:32:00+00:00,Mock tweet 38,0.23571425211284258
2026-05-09 17:34:00+00:00,Mock tweet 39,0.1577501076376171
2026-05-09 17:42:00+00:00,Mock tweet 40,-0.40675558258588707
2026-05-09 17:45:00+00:00,Mock tweet 41,-0.899948802285953
2026-05-09 17:48:00+00:00,Mock tweet 42,0.6584703088102835
2026-05-09 17:49:00+00:00,Mock tweet 43,0.9351410735788686
2026-05-09 17:51:00+00:00,Mock tweet 44,-0.3454972790414612
2026-05-09 17:54:00+00:00,Mock tweet 45,-0.4313701780945549
2026-05-09 17:54:00+00:00,Mock tweet 46,0.48911389196333
2026-05-09 17:57:00+00:00,Mock tweet 47,-0.7900394040001051
2026-05-09 17:58:00+00:00,Mock tweet 48,-0.5986120156280501
2026-05-09 17:58:00+00:00,Mock tweet 49,0.7326163599523849
2026-05-09 18:03:00+00:00,Mock tweet 50,0.8953446712417317
2026-05-09 18:14:00+00:00,Mock tweet 51,0.8113743248136531
2026-05-09 18:16:00+00:00,Mock tweet 52,-0.6167275460337454
2026-05-09 18:16:00+00:00,Mock tweet 53,0.8742267279847356
2026-05-09 18:17:00+00:00,Mock tweet 54,-0.9113317981274576
2026-05-09 18:19:00+00:00,Mock tweet 55,-0.7874894499635157
2026-05-09 18:25:00+00:00,Mock tweet 56,-0.23717696975761338
2026-05-09 18:27:00+00:00,Mock tweet 57,-0.017837993497321403
2026-05-09 18:41:00+00:00,Mock tweet 58,0.005322217008283836
2026-05-09 18:42:00+00:00,Mock tweet 59,-0.741954475699055
2026-05-09 18:48:00+00:00,Mock tweet 60,0.4165721136205902
2026-05-09 18:48:00+00:00,Mock tweet 61,0.7303159801815924
2026-05-09 18:56:00+00:00,Mock tweet 62,0.9673352151967007
2026-05-09 19:07:00+00:00,Mock tweet 63,-0.694502800361567
2026-05-09 19:08:00+00:00,Mock tweet 64,0.9095060224109424
2026-05-09 19:13:00+00:00,Mock tweet 65,0.7931562152428957
2026-05-09 19:14:00+00:00,Mock tweet 66,-0.3836889211996062
2026-05-09 19:15:00+00:00,Mock tweet 67,0.9823556763909618
2026-05-09 19:22:00+00:00,Mock tweet 68,-0.9504602742116661
2026-05-09 19:29:00+00:00,Mock tweet 69,0.0475219841607295
2026-05-09 19:31:00+00:00,Mock tweet 70,0.8707166105712274
2026-05-09 19:38:00+00:00,Mock tweet 71,0.007103087826687782
2026-05-09 19:42:00+00:00,Mock tweet 72,-0.8890769806925565
2026-05-09 19:48:00+00:00,Mock tweet 73,-0.7328015678476345
2026-05-09 19:49:00+00:00,Mock tweet 74,0.1547886868990438
2026-05-09 19:55:00+00:00,Mock tweet 75,0.18579006276401788
2026-05-09 20:02:00+00:00,Mock tweet 76,-0.5466444039863894
2026-05-09 20:11:00+00:00,Mock tweet 77,0.8091651792862289
2026-05-09 20:12:00+00:00,Mock tweet 78,0.09751672044418092
2026-05-09 20:23:00+00:00,Mock tweet 79,-0.9218382678699462
2026-05-09 20:35:00+00:00,Mock tweet 80,-0.6118162118872712
2026-05-09 20:36:00+00:00,Mock tweet 81,-0.840756435723633
2026-05-09 20:36:00+00:00,Mock tweet 82,-0.5089873737624377
2026-05-09 20:41:00+00:00,Mock tweet 83,0.9454882761229078
2026-05-09 20:43:00+00:00,Mock tweet 84,0.4371228191588248
2026-05-09 20:47:00+00:00,Mock tweet 85,-0.19360502728100526
2026-05-09 20:49:00+00:00,Mock tweet 86,0.04841929848999804
2026-05-09 20:51:00+00:00,Mock tweet 87,-0.13848245580786034
2026-05-09 21:00:00+00:00,Mock tweet 88,0.9585475734006015
2026-05-09 21:24:00+00:00,Mock tweet 89,0.6354969516989417
2026-05-09 21:28:00+00:00,Mock tweet 90,0.9094903559721828
2026-05-09 21:33:00+00:00,Mock tweet 91,0.5943360395553798
2026-05-09 21:38:00+00:00,Mock tweet 92,0.604563183604393
2026-05-09 21:51:00+00:00,Mock tweet 93,-0.5387216438448295
2026-05-09 21:51:00+00:00,Mock tweet 94,-0.3833087219539153
2026-05-09 21:52:00+00:00,Mock tweet 95,-0.7046495110611508
2026-05-09 22:01:00+00:00,Mock tweet 96,0.8353593066681235
2026-05-09 22:02:00+00:00,Mock tweet 97,-0.3184284549213048
2026-05-09 22:02:00+00:00,Mock tweet 98,0.12257382341057044
2026-05-09 22:03:00+00:00,Mock tweet 99,0.23249505912124624
2026-05-09 22:07:00+00:00,Mock tweet 100,-0.7888514358929091
2026-05-09 22:26:00+00:00,Mock tweet 101,-0.25037369917828367
2026-05-09 22:35:00+00:00,Mock tweet 102,-0.1753748426204944
2026-05-09 22:37:00+00:00,Mock tweet 103,0.06558353714033038
2026-05-09 22:42:00+00:00,Mock tweet 104,0.158478699239738
2026-05-09 22:44:00+00:00,Mock tweet 105,0.6588721144870517
2026-05-09 22:45:00+00:00,Mock tweet 106,-0.4196605153274533
2026-05-09 22:58:00+00:00,Mock tweet 107,0.8444715385822044
2026-05-09 23:09:00+00:00,Mock tweet 108,0.498941666855353
2026-05-09 23:09:00+00:00,Mock tweet 109,0.12869844158569932
2026-05-09 23:20:00+00:00,Mock tweet 110,0.6213709821083206
2026-05-09 23:27:00+00:00,Mock tweet 111,-0.7963809076631578
2026-05-09 23:27:00+00:00,Mock tweet 112,-0.6087579348439898
2026-05-09 23:39:00+00:00,Mock tweet 113,0.21855554158641555
2026-05-09 23:45:00+00:00,Mock tweet 114,0.1189813677442586
2026-05-09 23:52:00+00:00,Mock tweet 115,0.31361024046467834
2026-05-09 23:58:00+00:00,Mock tweet 116,0.5178513111448282
2026-05-10 00:16:00+00:00,Mock tweet 117,0.2982282638363587
2026-05-10 00:26:00+00:00,Mock tweet 118,0.9373421519187426
2026-05-10 00:29:00+00:00,Mock tweet 119,-0.6140511580349479
2026-05-10 00:32:00+00:00,Mock tweet 120,0.2657670274963766
2026-05-10 00:41:00+00:00,Mock tweet 121,0.7250476752648924
2026-05-10 00:41:00+00:00,Mock tweet 122,-0.47796051680740725
2026-05-10 00:41:00+00:00,Mock tweet 123,0.991249833450196
2026-05-10 00:45:00+00:00,Mock tweet 124,0.9020830456021274
2026-05-10 00:47:00+00:00,Mock tweet 125,-0.0447019242320863
2026-05-10 00:47:00+00:00,Mock tweet 126,0.3707906788977151
2026-05-10 00:51:00+00:00,Mock tweet 127,0.8678359625933869
2026-05-10 00:53:00+00:00,Mock tweet 128,-0.5860401111271794
2026-05-10 00:56:00+00:00,Mock tweet 129,-0.5620641214154571
2026-05-10 00:58:00+00:00,Mock tweet 130,0.27593491951144355
2026-05-10 01:04:00+00:00,Mock tweet 131,-0.5298997220721744
2026-05-10 01:04:00+00:00,Mock tweet 132,-0.4270704260987317
2026-05-10 01:04:00+00:00,Mock tweet 133,9.387436414689365
2026-05-10 01:09:00+00:00,Mock tweet 134,0.3231698802817349
2026-05-10 01:13:00+00:00,Mock tweet 135,0.5684648829058219
2026-05-10 01:19:00+00:00,Mock tweet 136,-0.3776595547036872
2026-05-10 01:24:00+00:00,Mock tweet 137,-0.2726995036985871
2026-05-10 01:34:00+00:00,Mock tweet 138,-0.8881260148932433
2026-05-10 01:43:00+00:00,Mock tweet 139,-0.7307618232461583
2026-05-10 01:43:00+00:00,Mock tweet 140,0.8420975547712499
2026-05-10 01:46:00+00:00,Mock tweet 141,0.11911758454159593
2026-05-10 01:49:00+00:00,Mock tweet 142,0.9458648587942791
2026-05-10 01:51:00+00:00,Mock tweet 143,0.8065811438290054
2026-05-10 01:58:00+00:00,Mock tweet 144,-0.41197200093209196
2026-05-10 01:59:00+00:00,Mock tweet 145,-0.4848144084171724
2026-05-10 02:00:00+00:00,Mock tweet 146,0.5382145871160613
2026-05-10 02:02:00+00:00,Mock tweet 147,-0.06845847441223696
2026-05-10 02:03:00+00:00,Mock tweet 148,-0.2924170360967602
2026-05-10 02:10:00+00:00,Mock tweet 149,0.5277102359009753
2026-05-10 02:11:00+00:00,Mock tweet 150,0.050909018510159276
2026-05-10 02:28:00+00:00,Mock tweet 151,0.24650286721374304
2026-05-10 02:32:00+00:00,Mock tweet 152,0.5805321742313299
2026-05-10 02:33:00+00:00,Mock tweet 153,-0.9827068923977686
2026-05-10 02:40:00+00:00,Mock tweet 154,-0.6849248204471994
2026-05-10 02:41:00+00:00,Mock tweet 155,-0.9438504841131048
2026-05-10 02:47:00+00:00,Mock tweet 156,0.2398189293485562
2026-05-10 02:54:00+00:00,Mock tweet 157,-0.8495999249798176
2026-05-10 02:56:00+00:00,Mock tweet 158,0.7025967029872806
2026-05-10 02:59:00+00:00,Mock tweet 159,0.13689636657492454
2026-05-10 03:02:00+00:00,Mock tweet 160,-0.8730935229581795
2026-05-10 03:07:00+00:00,Mock tweet 161,-0.9081747978399692
2026-05-10 03:10:00+00:00,Mock tweet 162,0.9048635138729635
2026-05-10 03:12:00+00:00,Mock tweet 163,0.3408275167361583
2026-05-10 03:14:00+00:00,Mock tweet 164,0.3396483170440998
2026-05-10 03:28:00+00:00,Mock tweet 165,-0.19869708662273933
2026-05-10 03:30:00+00:00,Mock tweet 166,0.30242346579903834
2026-05-10 03:35:00+00:00,Mock tweet 167,0.1955273964975206
2026-05-10 03:35:00+00:00,Mock tweet 168,0.6033245056589358
2026-05-10 03:44:00+00:00,Mock tweet 169,0.6540409056567629
2026-05-10 04:01:00+00:00,Mock tweet 170,0.386460361058546
2026-05-10 04:09:00+00:00,Mock tweet 171,0.6176770664677924
2026-05-10 04:21:00+00:00,Mock tweet 172,-0.20234359352333153
2026-05-10 04:21:00+00:00,Mock tweet 173,-0.19837346694259206
2026-05-10 04:22:00+00:00,Mock tweet 174,0.24856029443641692
2026-05-10 04:25:00+00:00,Mock tweet 175,0.1340139337173356
2026-05-10 04:27:00+00:00,Mock tweet 176,0.31783759211075124
2026-05-10 04:30:00+00:00,Mock tweet 177,-0.4458639466601044
2026-05-10 04:35:00+00:00,Mock tweet 178,0.3138515310058114
2026-05-10 04:40:00+00:00,Mock tweet 179,-0.48145124396210703
2026-05-10 04:44:00+00:00,Mock tweet 180,0.09887307392767308
2026-05-10 04:45:00+00:00,Mock tweet 181,-0.29113643934874545
2026-05-10 04:47:00+00:00,Mock tweet 182,0.991150809297555
2026-05-10 04:50:00+00:00,Mock tweet 183,-0.9143698651083629
2026-05-10 05:03:00+00:00,Mock tweet 184,0.5889626986183849
2026-05-10 05:05:00+00:00,Mock tweet 185,-0.8764401832340718
2026-05-10 05:19:00+00:00,Mock tweet 186,0.9505003916111894
2026-05-10 05:22:00+00:00,Mock tweet 187,0.6510079901918029
2026-05-10 05:23:00+00:00,Mock tweet 188,0.6355465163312954
2026-05-10 05:29:00+00:00,Mock tweet 189,0.9568569354403214
2026-05-10 05:31:00+00:00,Mock tweet 190,0.7228483352455997
2026-05-10 05:33:00+00:00,Mock tweet 191,-0.5068754856300839
2026-05-10 05:35:00+00:00,Mock tweet 192,-0.6098228516791311
2026-05-10 05:36:00+00:00,Mock tweet 193,0.5806672103005346
2026-05-10 05:37:00+00:00,Mock tweet 194,-0.8285566959409043
2026-05-10 05:43:00+00:00,Mock tweet 195,-0.6283559100381775
2026-05-10 05:44:00+00:00,Mock tweet 196,-0.6641338807840345
2026-05-10 05:44:00+00:00,Mock tweet 197,-0.9999292029679325
2026-05-10 05:44:00+00:00,Mock tweet 198,-0.49090829170038175
2026-05-10 06:03:00+00:00,Mock tweet 199,-0.19088417266500013
2026-05-10 06:08:00+00:00,Mock tweet 200,0.26121904203250623
2026-05-10 06:15:00+00:00,Mock tweet 201,0.42788689250369694
2026-05-10 06:16:00+00:00,Mock tweet 202,-0.187516157885111
2026-05-10 06:16:00+00:00,Mock tweet 203,7.055187284780708
2026-05-10 06:20:00+00:00,Mock tweet 204,-0.5340962897913581
2026-05-10 06:20:00+00:00,Mock tweet 205,0.48178619539954526
2026-05-10 06:20:00+00:00,Mock tweet 206,-0.08944513551686062
2026-05-10 06:34:00+00:00,Mock tweet 207,-0.33287201013562884
2026-05-10 06:34:00+00:00,Mock tweet 208,-0.8512791876964501
2026-05-10 06:34:00+00:00,Mock tweet 209,-0.06234011980916443
2026-05-10 06:49:00+00:00,Mock tweet 210,-0.7767976771509717
2026-05-10 06:49:00+00:00,Mock tweet 211,0.12567806588937214
2026-05-10 06:55:00+00:00,Mock tweet 212,0.4510715512326364
2026-05-10 06:56:00+00:00,Mock tweet 213,0.9067052743445541
2026-05-10 06:57:00+00:00,Mock tweet 214,-0.8744928697413514
2026-05-10 07:00:00+00:00,Mock tweet 215,0.5451314426643545
2026-05-10 07:04:00+00:00,Mock tweet 216,0.2113742936559968
2026-05-10 07:12:00+00:00,Mock tweet 217,0.1544246141015373
2026-05-10 07:14:00+00:00,Mock tweet 218,-0.008463660187850497
2026-05-10 07:19:00+00:00,Mock tweet 219,-0.9074369848402546
2026-05-10 07:22:00+00:00,Mock tweet 220,-0.9720343998888636
2026-05-10 07:28:00+00:00,Mock tweet 221,-0.884150034348433
2026-05-10 07:32:00+00:00,Mock tweet 222,-0.3068923475275205
2026-05-10 07:34:00+00:00,Mock tweet 223,-0.2606296507708603
2026-05-10 07:46:00+00:00,Mock tweet 224,-0.3056730406362367
2026-05-10 07:49:00+00:00,Mock tweet 225,-0.6478199545315295
2026-05-10 08:03:00+00:00,Mock tweet 226,-0.5020190528142803
2026-05-10 08:04:00+00:00,Mock tweet 227,-0.5213533881832393
2026-05-10 08:10:00+00:00,Mock tweet 228,0.9445861372136695
2026-05-10 08:12:00+00:00,Mock tweet 229,-0.3452367826127165
2026-05-10 08:20:00+00:00,Mock tweet 230,0.34696223554171146
2026-05-10 08:22:00+00:00,Mock tweet 231,-0.7591339035436038
2026-05-10 08:27:00+00:00,Mock tweet 232,0.5810587995554928
2026-05-10 08:28:00+00:00,Mock tweet 233,-0.8427583973543367
2026-05-10 08:36:00+00:00,Mock tweet 234,-0.017904202571537242
2026-05-10 08:39:00+00:00,Mock tweet 235,0.05666023813140986
2026-05-10 08:44:00+00:00,Mock tweet 236,-0.3216845655675149
2026-05-10 08:46:00+00:00,Mock tweet 237,-0.050701368209915776
2026-05-10 08:48:00+00:00,Mock tweet 238,-0.5336866620855585
2026-05-10 08:51:00+00:00,Mock tweet 239,0.9416205323457381
2026-05-10 08:54:00+00:00,Mock tweet 240,0.06460668258384006
2026-05-10 08:55:00+00:00,Mock tweet 241,-0.1988630868040533
2026-05-10 09:03:00+00:00,Mock tweet 242,0.012382293354172846
2026-05-10 09:12:00+00:00,Mock tweet 243,0.09969777939259394
2026-05-10 09:25:00+00:00,Mock tweet 244,-0.470717063157696
2026-05-10 09:26:00+00:00,Mock tweet 245,0.7355025566040738
2026-05-10 09:30:00+00:00,Mock tweet 246,-0.19729014639711617
2026-05-10 09:33:00+00:00,Mock tweet 247,-0.4587266597637898
2026-05-10 09:35:00+00:00,Mock tweet 248,0.46655416811111716
2026-05-10 09:42:00+00:00,Mock tweet 249,-0.36757273618785624
2026-05-10 09:44:00+00:00,Mock tweet 250,-0.8641175249703579
2026-05-10 09:46:00+00:00,Mock tweet 251,-0.9203350814463178
2026-05-10 09:50:00+00:00,Mock tweet 252,-0.4924851230526923
2026-05-10 09:59:00+00:00,Mock tweet 253,0.277607571536429
2026-05-10 10:08:00+00:00,Mock tweet 254,0.35143355847843183
2026-05-10 10:13:00+00:00,Mock tweet 255,0.6041237025076771
2026-05-10 10:17:00+00:00,Mock tweet 256,0.2030039301209503
2026-05-10 10:19:00+00:00,Mock tweet 257,0.7660747134609753
2026-05-10 10:25:00+00:00,Mock tweet 258,0.8173327494006986
2026-05-10 10:26:00+00:00,Mock tweet 259,-0.1364409918558811
2026-05-10 10:29:00+00:00,Mock tweet 260,0.6592761622897678
2026-05-10 10:30:00+00:00,Mock tweet 261,-0.09159558622769337
2026-05-10 10:35:00+00:00,Mock tweet 262,-0.1308561063728524
2026-05-10 10:37:00+00:00,Mock tweet 263,-0.742077912324367
2026-05-10 10:52:00+00:00,Mock tweet 264,0.6038069396066739
2026-05-10 10:52:00+00:00,Mock tweet 265,-0.8893763874435565
2026-05-10 10:58:00+00:00,Mock tweet 266,0.8679250265888288
2026-05-10 11:00:00+00:00,Mock tweet 267,-0.8208455221651627
2026-05-10 11:02:00+00:00,Mock tweet 268,0.9247911484994997
2026-05-10 11:03:00+00:00,Mock tweet 269,-0.20751619342275274
2026-05-10 11:05:00+00:00,Mock tweet 270,-0.5072511280477732
2026-05-10 11:11:00+00:00,Mock tweet 271,0.060639052828090456
2026-05-10 11:12:00+00:00,Mock tweet 272,5.544950027095567
2026-05-10 11:13:00+00:00,Mock tweet 273,-0.29065753701414754
2026-05-10 11:18:00+00:00,Mock tweet 274,0.5176169231895813
2026-05-10 11:19:00+00:00,Mock tweet 275,0.9885572861179401
2026-05-10 11:25:00+00:00,Mock tweet 276,0.23971686006981652
2026-05-10 11:35:00+00:00,Mock tweet 277,-0.8196279049610611
2026-05-10 11:53:00+00:00,Mock tweet 278,-0.8160644919607436
2026-05-10 11:53:00+00:00,Mock tweet 279,0.6529023479074405
2026-05-10 11:54:00+00:00,Mock tweet 280,-0.7223322249313999
2026-05-10 11:54:00+00:00,Mock tweet 281,-0.36561716673255784
2026-05-10 12:01:00+00:00,Mock tweet 282,0.46020659275468656
2026-05-10 12:13:00+00:00,Mock tweet 283,0.028898077059089866
2026-05-10 12:14:00+00:00,Mock tweet 284,0.5818889709155826
2026-05-10 12:20:00+00:00,Mock tweet 285,-0.467432997329154
2026-05-10 12:25:00+00:00,Mock tweet 286,-0.6940765864910501
2026-05-10 12:33:00+00:00,Mock tweet 287,-0.38631969578046443
2026-05-10 12:35:00+00:00,Mock tweet 288,0.4804202281595247
2026-05-10 12:49:00+00:00,Mock tweet 289,-0.3817981851030645
2026-05-10 12:52:00+00:00,Mock tweet 290,0.2712434650849429
2026-05-10 12:57:00+00:00,Mock tweet 291,-0.055109181691670006
2026-05-10 13:06:00+00:00,Mock tweet 292,-0.9564585750099384
2026-05-10 13:06:00+00:00,Mock tweet 293,-0.7204275039050148
2026-05-10 13:14:00+00:00,Mock tweet 294,-0.7515677698204957
2026-05-10 13:16:00+00:00,Mock tweet 295,-0.14000372218126955
2026-05-10 13:20:00+00:00,Mock tweet 296,0.8285390938163724
2026-05-10 13:33:00+00:00,Mock tweet 297,0.6244474552879604
2026-05-10 13:35:00+00:00,Mock tweet 298,-0.7082463300287578
2026-05-10 14:04:00+00:00,Mock tweet 299,-0.28466851024715445
2026-05-10 14:07:00+00:00,Mock tweet 300,0.4780448977721765
2026-05-10 14:10:00+00:00,Mock tweet 301,-0.8297584847909036
2026-05-10 14:18:00+00:00,Mock tweet 302,0.8500377128842269
2026-05-10 14:19:00+00:00,Mock tweet 303,0.2862586026119103
2026-05-10 14:20:00+00:00,Mock tweet 304,-0.029079208999142736
2026-05-10 14:23:00+00:00,Mock tweet 305,0.6517358867032432
2026-05-10 14:24:00+00:00,Mock tweet 306,-0.21424988798152955
2026-05-10 14:26:00+00:00,Mock tweet 307,0.3586082440406586
2026-05-10 14:26:00+00:00,Mock tweet 308,-0.37937842178693937
2026-05-10 14:27:00+00:00,Mock tweet 309,0.19686095894973765
2026-05-10 14:29:00+00:00,Mock tweet 310,-0.4270146139448092
2026-05-10 14:34:00+00:00,Mock tweet 311,-0.6519476726097386
2026-05-10 14:35:00+00:00,Mock tweet 312,-0.8411744851320915
2026-05-10 14:37:00+00:00,Mock tweet 313,0.8862881017742927
2026-05-10 14:53:00+00:00,Mock tweet 314,-0.31111052277749973
2026-05-10 14:55:00+00:00,Mock tweet 315,-0.5790006090763298
2026-05-10 14:56:00+00:00,Mock tweet 316,0.9851259330704629
2026-05-10 15:02:00+00:00,Mock tweet 317,-0.5919995871647572
2026-05-10 15:13:00+00:00,Mock tweet 318,0.17150039946233142
2026-05-10 15:19:00+00:00,Mock tweet 319,0.16442089550838546
2026-05-10 15:19:00+00:00,Mock tweet 320,-0.30456055870481347
2026-05-10 15:26:00+00:00,Mock tweet 321,-0.430691369505134
2026-05-10 15:27:00+00:00,Mock tweet 322,-0.6358040068337598
2026-05-10 15:34:00+00:00,Mock tweet 323,0.18641433628400428
2026-05-10 15:35:00+00:00,Mock tweet 324,0.4942015232710866
2026-05-10 15:36:00+00:00,Mock tweet 325,0.3368630990517836
2026-05-10 15:47:00+00:00,Mock tweet 326,0.8586218399274814
2026-05-10 15:58:00+00:00,Mock tweet 327,-0.8226895182756444
2026-05-10 16:00:00+00:00,Mock tweet 328,-0.2844432695882655
2026-05-10 16:04:00+00:00,Mock tweet 329,0.24829979912796918
2026-05-10 16:12:00+00:00,Mock tweet 330,0.9006901767996265
2026-05-10 16:12:00+00:00,Mock tweet 331,0.2743212786743925
2026-05-10 16:16:00+00:00,Mock tweet 332,-0.0505674017576172
2026-05-10 16:21:00+00:00,Mock tweet 333,0.8722371937565883
2026-05-10 16:21:00+00:00,Mock tweet 334,-0.6891230534769779
2026-05-10 16:25:00+00:00,Mock tweet 335,-0.07665858235543799
2026-05-10 16:28:00+00:00,Mock tweet 336,-0.07837680334911235
2026-05-10 16:30:00+00:00,Mock tweet 337,0.03265433810514162
2026-05-10 16:32:00+00:00,Mock tweet 338,-0.715592635852474
2026-05-10 16:38:00+00:00,Mock tweet 339,-0.1256318712350244
2026-05-10 16:44:00+00:00,Mock tweet 340,-0.009446021154646544
2026-05-10 16:50:00+00:00,Mock tweet 341,0.053098246469269306
2026-05-10 16:53:00+00:00,Mock tweet 342,-0.9884038566422915
2026-05-10 17:01:00+00:00,Mock tweet 343,-0.7110714688895876
2026-05-10 17:04:00+00:00,Mock tweet 344,0.6719713412924362
2026-05-10 17:05:00+00:00,Mock tweet 345,0.8958200803715368
2026-05-10 17:07:00+00:00,Mock tweet 346,0.4087474021276736
2026-05-10 17:12:00+00:00,Mock tweet 347,-0.19412265367051806
2026-05-10 17:12:00+00:00,Mock tweet 348,-0.1921423921795442
2026-05-10 17:14:00+00:00,Mock tweet 349,0.9948498041102678
2026-05-10 17:23:00+00:00,Mock tweet 350,-0.5017433938078673
2026-05-10 17:26:00+00:00,Mock tweet 351,-0.4556644792113629
2026-05-10 17:26:00+00:00,Mock tweet 352,-0.41151652289010454
2026-05-10 17:32:00+00:00,Mock tweet 353,-0.24865276962928595
2026-05-10 17:34:00+00:00,Mock tweet 354,0.08608789569691111
2026-05-10 17:40:00+00:00,Mock tweet 355,-0.01259535863255068
2026-05-10 17:40:00+00:00,Mock tweet 356,0.33125440410990303
2026-05-10 17:52:00+00:00,Mock tweet 357,-0.5744657349638105
2026-05-10 18:04:00+00:00,Mock tweet 358,-0.06244618332955887
2026-05-10 18:08:00+00:00,Mock tweet 359,0.823825291597656
2026-05-10 18:08:00+00:00,Mock tweet 360,-0.7269629709772776
2026-05-10 18:15:00+00:00,Mock tweet 361,-0.08708510536739733
2026-05-10 18:23:00+00:00,Mock tweet 362,-0.06860437061549862
2026-05-10 18:33:00+00:00,Mock tweet 363,0.9674726418295432
2026-05-10 18:39:00+00:00,Mock tweet 364,-0.9341627993644042
2026-05-10 18:39:00+00:00,Mock tweet 365,-0.40899106794368434
2026-05-10 18:41:00+00:00,Mock tweet 366,-0.5568427104337501
2026-05-10 18:44:00+00:00,Mock tweet 367,0.7606319031994027
2026-05-10 18:44:00+00:00,Mock tweet 368,6.6301733914825505
2026-05-10 19:09:00+00:00,Mock tweet 369,0.6425322098729009
2026-05-10 19:10:00+00:00,Mock tweet 370,0.8317710364130009
2026-05-10 19:15:00+00:00,Mock tweet 371,-0.7485877454377878
2026-05-10 19:17:00+00:00,Mock tweet 372,0.6592582930204891
2026-05-10 19:17:00+00:00,Mock tweet 373,0.8407324723335545
2026-05-10 19:21:00+00:00,Mock tweet 374,-0.16719494133999002
2026-05-10 19:24:00+00:00,Mock tweet 375,0.7740259498445197
2026-05-10 19:34:00+00:00,Mock tweet 376,0.2669190566647963
2026-05-10 19:36:00+00:00,Mock tweet 377,-0.4260443507367926
2026-05-10 19:40:00+00:00,Mock tweet 378,0.9533523893745368
2026-05-10 19:57:00+00:00,Mock tweet 379,-0.6965395467658642
2026-05-10 19:58:00+00:00,Mock tweet 380,-0.016448169317961447
2026-05-10 20:06:00+00:00,Mock tweet 381,0.05001276174904601
2026-05-10 20:11:00+00:00,Mock tweet 382,0.5395948743917212
2026-05-10 20:12:00+00:00,Mock tweet 383,0.9743904665956435
2026-05-10 20:16:00+00:00,Mock tweet 384,-0.5590069270847358
2026-05-10 20:16:00+00:00,Mock tweet 385,-0.24987610114175274
2026-05-10 20:27:00+00:00,Mock tweet 386,-0.4057718861308355
2026-05-10 20:27:00+00:00,Mock tweet 387,0.46415626253412423
2026-05-10 20:27:00+00:00,Mock tweet 388,0.9084132665596791
2026-05-10 20:30:00+00:00,Mock tweet 389,-0.2580824228123819
2026-05-10 20:34:00+00:00,Mock tweet 390,0.6391337112433848
2026-05-10 20:36:00+00:00,Mock tweet 391,-0.8650067345485217
2026-05-10 20:37:00+00:00,Mock tweet 392,-0.5347847479062566
2026-05-10 20:52:00+00:00,Mock tweet 393,0.30124630298337074
2026-05-10 20:55:00+00:00,Mock tweet 394,0.6480889519553534
2026-05-10 21:06:00+00:00,Mock tweet 395,-0.5381943092659152
2026-05-10 21:09:00+00:00,Mock tweet 396,-0.6962674374430968
2026-05-10 21:09:00+00:00,Mock tweet 397,0.9506625737039367
2026-05-10 21:11:00+00:00,Mock tweet 398,-0.4078184249942076
2026-05-10 21:14:00+00:00,Mock tweet 399,-0.14333212319819122
2026-05-10 21:16:00+00:00,Mock tweet 400,-0.30302934299806705
2026-05-10 21:34:00+00:00,Mock tweet 401,0.5525719716155884
2026-05-10 21:39:00+00:00,Mock tweet 402,-0.24622500011648119
2026-05-10 21:51:00+00:00,Mock tweet 403,0.8128496755746599
2026-05-10 21:54:00+00:00,Mock tweet 404,-0.7152204566479556
2026-05-10 21:55:00+00:00,Mock tweet 405,0.042167549963348705
2026-05-10 21:56:00+00:00,Mock tweet 406,-0.6943602621647755
2026-05-10 22:03:00+00:00,Mock tweet 407,-0.1408504635081358
2026-05-10 22:08:00+00:00,Mock tweet 408,0.6758230678658554
2026-05-10 22:17:00+00:00,Mock tweet 409,0.3745432682545238
2026-05-10 22:20:00+00:00,Mock tweet 410,-0.5866701281542708
2026-05-10 22:23:00+00:00,Mock tweet 411,-0.2046115433477913
2026-05-10 22:24:00+00:00,Mock tweet 412,-0.9017948370896995
2026-05-10 22:26:00+00:00,Mock tweet 413,-0.4901881918077473
2026-05-10 22:30:00+00:00,Mock tweet 414,0.5842806309274282
2026-05-10 22:33:00+00:00,Mock tweet 415,-0.3344892310791179
2026-05-10 22:51:00+00:00,Mock tweet 416,0.5198960017070866
2026-05-10 22:53:00+00:00,Mock tweet 417,-0.15243823197928186
2026-05-10 23:03:00+00:00,Mock tweet 418,-0.8651443672305117
2026-05-10 23:13:00+00:00,Mock tweet 419,0.925866317603036
2026-05-10 23:17:00+00:00,Mock tweet 420,-0.8658244025629203
2026-05-10 23:19:00+00:00,Mock tweet 421,0.4024133780451862
2026-05-10 23:21:00+00:00,Mock tweet 422,0.7130618370399007
2026-05-10 23:33:00+00:00,Mock tweet 423,-0.3593851403003594
2026-05-10 23:39:00+00:00,Mock tweet 424,0.48234959370233166
2026-05-10 23:41:00+00:00,Mock tweet 425,0.36240641679668206
2026-05-10 23:46:00+00:00,Mock tweet 426,0.7219408133609566
2026-05-10 23:49:00+00:00,Mock tweet 427,0.05237751613588615
2026-05-10 23:51:00+00:00,Mock tweet 428,-0.4420982330637968
2026-05-10 23:54:00+00:00,Mock tweet 429,-0.8337068549399509
2026-05-10 23:59:00+00:00,Mock tweet 430,0.9760740301056667
2026-05-11 00:02:00+00:00,Mock tweet 431,-0.011734198856475864
2026-05-11 00:10:00+00:00,Mock tweet 432,0.9175607864660649
2026-05-11 00:11:00+00:00,Mock tweet 433,0.13643975007111475
2026-05-11 00:16:00+00:00,Mock tweet 434,-0.44148980822824746
2026-05-11 00:16:00+00:00,Mock tweet 435,0.6579733913603742
2026-05-11 00:19:00+00:00,Mock tweet 436,-0.8947659096846705
2026-05-11 00:22:00+00:00,Mock tweet 437,-0.6870345098600408
2026-05-11 00:29:00+00:00,Mock tweet 438,0.024869513965503298
2026-05-11 00:29:00+00:00,Mock tweet 439,0.7326515046859621
2026-05-11 00:29:00+00:00,Mock tweet 440,0.9160306926150599
2026-05-11 00:31:00+00:00,Mock tweet 441,0.6335944808557086
2026-05-11 00:36:00+00:00,Mock tweet 442,0.8783827194100045
2026-05-11 00:54:00+00:00,Mock tweet 443,0.39644226531538607
2026-05-11 01:01:00+00:00,Mock tweet 444,0.22346846559372824
2026-05-11 01:05:00+00:00,Mock tweet 445,-0.9154618367875675
2026-05-11 01:06:00+00:00,Mock tweet 446,0.3358861554159829
2026-05-11 01:07:00+00:00,Mock tweet 447,0.7205049853426326
2026-05-11 01:07:00+00:00,Mock tweet 448,0.4576361835230369
2026-05-11 01:09:00+00:00,Mock tweet 449,0.6810608756412344
2026-05-11 01:13:00+00:00,Mock tweet 450,-0.4795685186808194
2026-05-11 01:18:00+00:00,Mock tweet 451,0.9014853285367954
2026-05-11 01:20:00+00:00,Mock tweet 452,0.30761986552545006
2026-05-11 01:28:00+00:00,Mock tweet 453,-0.3701568626603968
2026-05-11 01:29:00+00:00,Mock tweet 454,-0.5821478832979161
2026-05-11 01:34:00+00:00,Mock tweet 455,0.32859762225429456
2026-05-11 01:37:00+00:00,Mock tweet 456,0.8252808319839235
2026-05-11 01:46:00+00:00,Mock tweet 457,0.5480259449047769
2026-05-11 01:47:00+00:00,Mock tweet 458,0.3889758579530682
2026-05-11 01:57:00+00:00,Mock tweet 459,-0.43672374542965753
2026-05-11 01:58:00+00:00,Mock tweet 460,0.32946738772487816
2026-05-11 02:01:00+00:00,Mock tweet 461,0.36945629732232277
2026-05-11 02:02:00+00:00,Mock tweet 462,-0.15571055047294524
2026-05-11 02:13:00+00:00,Mock tweet 463,-0.5591102416336242
2026-05-11 02:15:00+00:00,Mock tweet 464,-0.008882399319406264
2026-05-11 02:17:00+00:00,Mock tweet 465,0.6500370566431362
2026-05-11 02:18:00+00:00,Mock tweet 466,0.9695967517010462
2026-05-11 02:19:00+00:00,Mock tweet 467,-0.5793282759244844
2026-05-11 02:20:00+00:00,Mock tweet 468,-0.20686396988732025
2026-05-11 02:22:00+00:00,Mock tweet 469,0.8118853207056258
2026-05-11 02:30:00+00:00,Mock tweet 470,0.958287815166732
2026-05-11 02:46:00+00:00,Mock tweet 471,-0.3883282654158464
2026-05-11 02:50:00+00:00,Mock tweet 472,0.9218091339965193
2026-05-11 03:04:00+00:00,Mock tweet 473,-0.931593134456757
2026-05-11 03:06:00+00:00,Mock tweet 474,0.5405987990462977
2026-05-11 03:06:00+00:00,Mock tweet 475,0.16162074785047276
2026-05-11 03:07:00+00:00,Mock tweet 476,-0.17802800962885756
2026-05-11 03:17:00+00:00,Mock tweet 477,-0.5253966184512708
2026-05-11 03:18:00+00:00,Mock tweet 478,-0.4590223194202969
2026-05-11 03:20:00+00:00,Mock tweet 479,-0.5287467380430289
2026-05-11 03:25:00+00:00,Mock tweet 480,-0.7250211166833003
2026-05-11 03:34:00+00:00,Mock tweet 481,-0.4373206364702358
2026-05-11 03:39:00+00:00,Mock tweet 482,-0.9742984047686589
2026-05-11 03:41:00+00:00,Mock tweet 483,0.15710206999750853
2026-05-11 03:53:00+00:00,Mock tweet 484,0.8071163633774454
2026-05-11 03:58:00+00:00,Mock tweet 485,0.7376123548983144
2026-05-11 04:02:00+00:00,Mock tweet 486,-0.1539511491850254
2026-05-11 04:12:00+00:00,Mock tweet 487,-0.44120623600400743
2026-05-11 04:20:00+00:00,Mock tweet 488,0.10626376759225753
2026-05-11 04:21:00+00:00,Mock tweet 489,-0.04073642573189917
2026-05-11 04:25:00+00:00,Mock tweet 490,0.32403808844023674
2026-05-11 04:26:00+00:00,Mock tweet 491,5.756527758770536
2026-05-11 04:36:00+00:00,Mock tweet 492,0.3443283519933995
2026-05-11 04:37:00+00:00,Mock tweet 493,7.527704370738945
2026-05-11 04:38:00+00:00,Mock tweet 494,-0.45221212367193875
2026-05-11 04:38:00+00:00,Mock tweet 495,-0.4561851428375918
2026-05-11 04:46:00+00:00,Mock tweet 496,0.6374807483759817
2026-05-11 04:48:00+00:00,Mock tweet 497,-0.7472298998408946
2026-05-11 05:02:00+00:00,Mock tweet 498,-0.9038977082728283
2026-05-11 05:06:00+00:00,Mock tweet 499,-0.0024270954328891037
2026-05-11 05:11:00+00:00,Mock tweet 500,0.4104946674833061
2026-05-11 05:26:00+00:00,Mock tweet 501,-0.16077118062798945
2026-05-11 05:29:00+00:00,Mock tweet 502,0.35525546299635646
2026-05-11 05:33:00+00:00,Mock tweet 503,-0.662301825728226
2026-05-11 05:44:00+00:00,Mock tweet 504,-0.5877823548966548
2026-05-11 05:46:00+00:00,Mock tweet 505,0.7029492676617031
2026-05-11 05:51:00+00:00,Mock tweet 506,0.8022258824804716
2026-05-11 05:57:00+00:00,Mock tweet 507,-0.48379336032255615
2026-05-11 06:02:00+00:00,Mock tweet 508,-0.17314741864381666
2026-05-11 06:03:00+00:00,Mock tweet 509,0.06715013003705672
2026-05-11 06:04:00+00:00,Mock tweet 510,-0.8771422766346686
2026-05-11 06:09:00+00:00,Mock tweet 511,-0.9427039663797714
2026-05-11 06:10:00+00:00,Mock tweet 512,-0.013676932660963814
2026-05-11 06:14:00+00:00,Mock tweet 513,-0.9997587078586003
2026-05-11 06:14:00+00:00,Mock tweet 514,-0.35980364307593526
2026-05-11 06:17:00+00:00,Mock tweet 515,0.6316582991713362
2026-05-11 06:20:00+00:00,Mock tweet 516,-0.09469695900157071
2026-05-11 06:21:00+00:00,Mock tweet 517,0.7273965214616895
2026-05-11 06:22:00+00:00,Mock tweet 518,-0.8396094715791098
2026-05-11 06:29:00+00:00,Mock tweet 519,0.13404961000637106
2026-05-11 06:44:00+00:00,Mock tweet 520,-0.44462206549525285
2026-05-11 06:48:00+00:00,Mock tweet 521,-0.20405791742860635
2026-05-11 06:49:00+00:00,Mock tweet 522,0.5507625508416818
2026-05-11 06:51:00+00:00,Mock tweet 523,-0.4882410329849727
2026-05-11 06:56:00+00:00,Mock tweet 524,0.8307865232629987
2026-05-11 07:03:00+00:00,Mock tweet 525,-0.30818012379214754
2026-05-11 07:09:00+00:00,Mock tweet 526,0.13352233939513192
2026-05-11 07:11:00+00:00,Mock tweet 527,-0.24660759457395298
2026-05-11 07:15:00+00:00,Mock tweet 528,0.40665533568560885
2026-05-11 07:20:00+00:00,Mock tweet 529,-0.5241837075124081
2026-05-11 07:24:00+00:00,Mock tweet 530,0.6453956815161177
2026-05-11 07:28:00+00:00,Mock tweet 531,-0.23398619661947295
2026-05-11 07:32:00+00:00,Mock tweet 532,-0.15783138724969326
2026-05-11 07:36:00+00:00,Mock tweet 533,-0.193959446346887
2026-05-11 07:37:00+00:00,Mock tweet 534,-0.5111121028703789
2026-05-11 07:37:00+00:00,Mock tweet 535,0.33144813029281317
2026-05-11 07:37:00+00:00,Mock tweet 536,0.8196429435036285
2026-05-11 07:43:00+00:00,Mock tweet 537,-0.07849892129794633
2026-05-11 07:43:00+00:00,Mock tweet 538,-0.632670771771755
2026-05-11 07:48:00+00:00,Mock tweet 539,0.7423516836421808
2026-05-11 07:50:00+00:00,Mock tweet 540,0.9546822616145261
2026-05-11 07:55:00+00:00,Mock tweet 541,-0.7997390699573701
2026-05-11 08:04:00+00:00,Mock tweet 542,-0.976395236474149
2026-05-11 08:07:00+00:00,Mock tweet 543,-0.5053363788528784
2026-05-11 08:13:00+00:00,Mock tweet 544,0.2898393951573073
2026-05-11 08:14:00+00:00,Mock tweet 545,-0.3239682411056777
2026-05-11 08:20:00+00:00,Mock tweet 546,-0.9015007791367557
2026-05-11 08:20:00+00:00,Mock tweet 547,-0.24740483999142215
2026-05-11 08:29:00+00:00,Mock tweet 548,0.9425912446668518
2026-05-11 08:30:00+00:00,Mock tweet 549,-0.9338832495719187
2026-05-11 08:31:00+00:00,Mock tweet 550,-0.9763914580263124
2026-05-11 08:37:00+00:00,Mock tweet 551,0.5620736538998528
2026-05-11 08:43:00+00:00,Mock tweet 552,-0.4946849589035429
2026-05-11 08:54:00+00:00,Mock tweet 553,-0.5418325919630742
2026-05-11 08:55:00+00:00,Mock tweet 554,0.6665947772985286
2026-05-11 08:56:00+00:00,Mock tweet 555,0.9420282556476753
2026-05-11 08:57:00+00:00,Mock tweet 556,-0.24108535525267594
2026-05-11 09:17:00+00:00,Mock tweet 557,0.47433671564537705
2026-05-11 09:19:00+00:00,Mock tweet 558,-0.4374159120732726
2026-05-11 09:20:00+00:00,Mock tweet 559,-0.4945253446778015
2026-05-11 09:24:00+00:00,Mock tweet 560,0.08755326354089554
2026-05-11 09:27:00+00:00,Mock tweet 561,-0.6969183976231643
2026-05-11 09:27:00+00:00,Mock tweet 562,-0.3974605038877925
2026-05-11 09:33:00+00:00,Mock tweet 563,0.6217055407571517
2026-05-11 09:44:00+00:00,Mock tweet 564,0.9172520876004449
2026-05-11 09:46:00+00:00,Mock tweet 565,-0.6812358894597976
2026-05-11 09:47:00+00:00,Mock tweet 566,0.21152111843793886
2026-05-11 09:53:00+00:00,Mock tweet 567,-0.9588605263107117
2026-05-11 09:56:00+00:00,Mock tweet 568,-0.9610772541200023
2026-05-11 09:58:00+00:00,Mock tweet 569,0.89521070552067
2026-05-11 10:01:00+00:00,Mock tweet 570,-0.9840297740587258
2026-05-11 10:02:00+00:00,Mock tweet 571,-0.6944478414235762
2026-05-11 10:02:00+00:00,Mock tweet 572,-0.526437384284548
2026-05-11 10:15:00+00:00,Mock tweet 573,-0.6761568020908708
2026-05-11 10:20:00+00:00,Mock tweet 574,0.11281301594517457
2026-05-11 10:23:00+00:00,Mock tweet 575,-0.2825516380402604
2026-05-11 10:25:00+00:00,Mock tweet 576,0.42335672181612605
2026-05-11 10:31:00+00:00,Mock tweet 577,0.0532414043158671
2026-05-11 10:38:00+00:00,Mock tweet 578,-0.21790697325592712
2026-05-11 10:38:00+00:00,Mock tweet 579,0.29907047979240264
2026-05-11 10:39:00+00:00,Mock tweet 580,0.09958713166193744
2026-05-11 11:11:00+00:00,Mock tweet 581,0.7362284849033482
2026-05-11 11:17:00+00:00,Mock tweet 582,-0.6502373539730053
2026-05-11 11:20:00+00:00,Mock tweet 583,0.8985107480443058
2026-05-11 11:21:00+00:00,Mock tweet 584,0.7463834187087277
2026-05-11 11:21:00+00:00,Mock tweet 585,-0.25889242603802654
2026-05-11 11:30:00+00:00,Mock tweet 586,-0.6508032382980389
2026-05-11 11:52:00+00:00,Mock tweet 587,0.5152737301529329
2026-05-11 12:01:00+00:00,Mock tweet 588,-0.7329382173829098
2026-05-11 12:06:00+00:00,Mock tweet 589,-0.743189086046768
2026-05-11 12:21:00+00:00,Mock tweet 590,0.8127168217173997
2026-05-11 12:23:00+00:00,Mock tweet 591,0.684067607766907
2026-05-11 12:30:00+00:00,Mock tweet 592,0.5590346025707507
2026-05-11 12:30:00+00:00,Mock tweet 593,0.24787286525580687
2026-05-11 12:30:00+00:00,Mock tweet 594,-0.9971537021050225
2026-05-11 12:32:00+00:00,Mock tweet 595,0.10804961178646155
2026-05-11 12:48:00+00:00,Mock tweet 596,-0.4287448097501263
2026-05-11 12:50:00+00:00,Mock tweet 597,0.46051408129398475
2026-05-11 12:52:00+00:00,Mock tweet 598,0.4175418797032411
2026-05-11 13:01:00+00:00,Mock tweet 599,-0.2763780951445367
2026-05-11 13:02:00+00:00,Mock tweet 600,0.6382280627750336
2026-05-11 13:03:00+00:00,Mock tweet 601,-0.940593944910296
2026-05-11 13:05:00+00:00,Mock tweet 602,0.8284720248075079
2026-05-11 13:24:00+00:00,Mock tweet 603,-0.34045963253251954
2026-05-11 13:28:00+00:00,Mock tweet 604,0.18414144728101456
2026-05-11 13:29:00+00:00,Mock tweet 605,0.535883190882271
2026-05-11 13:34:00+00:00,Mock tweet 606,0.20204354237530997
2026-05-11 13:38:00+00:00,Mock tweet 607,0.5154140572634442
2026-05-11 13:41:00+00:00,Mock tweet 608,0.9477091317994208
2026-05-11 13:45:00+00:00,Mock tweet 609,-0.2617154707329734
2026-05-11 13:45:00+00:00,Mock tweet 610,0.8734937368613549
2026-05-11 13:48:00+00:00,Mock tweet 611,0.5647001843688833
2026-05-11 13:49:00+00:00,Mock tweet 612,0.9832506405674668
2026-05-11 13:49:00+00:00,Mock tweet 613,-0.7759477960062684
2026-05-11 14:03:00+00:00,Mock tweet 614,-0.7137451908951835
2026-05-11 14:11:00+00:00,Mock tweet 615,-0.9524488139446319
2026-05-11 14:12:00+00:00,Mock tweet 616,-0.11550150985720409
2026-05-11 14:12:00+00:00,Mock tweet 617,0.9930326594421344
2026-05-11 14:13:00+00:00,Mock tweet 618,0.38823634283099184
2026-05-11 14:18:00+00:00,Mock tweet 619,0.9391986346902146
2026-05-11 14:20:00+00:00,Mock tweet 620,-0.6022870922786012
2026-05-11 14:21:00+00:00,Mock tweet 621,0.31170592334135794
2026-05-11 14:22:00+00:00,Mock tweet 622,-0.18820794594543444
2026-05-11 14:24:00+00:00,Mock tweet 623,0.011065765442875408
2026-05-11 14:27:00+00:00,Mock tweet 624,0.9737027600410466
2026-05-11 14:29:00+00:00,Mock tweet 625,8.223919219188074
2026-05-11 14:32:00+00:00,Mock tweet 626,0.31473776801927444
2026-05-11 14:34:00+00:00,Mock tweet 627,0.8290638475274619
2026-05-11 14:36:00+00:00,Mock tweet 628,0.5428615911208501
2026-05-11 14:46:00+00:00,Mock tweet 629,0.9701004619632936
2026-05-11 14:46:00+00:00,Mock tweet 630,-0.7574979746466732
2026-05-11 14:47:00+00:00,Mock tweet 631,-0.6599638666239727
2026-05-11 14:54:00+00:00,Mock tweet 632,-0.6516461593912695
2026-05-11 15:00:00+00:00,Mock tweet 633,-0.9985588576665689
2026-05-11 15:04:00+00:00,Mock tweet 634,0.5636775041129651
2026-05-11 15:06:00+00:00,Mock tweet 635,0.11522555749826258
2026-05-11 15:15:00+00:00,Mock tweet 636,-0.10824565446061274
2026-05-11 15:16:00+00:00,Mock tweet 637,-0.7315427882155765
2026-05-11 15:16:00+00:00,Mock tweet 638,-0.6774028293921546
2026-05-11 15:16:00+00:00,Mock tweet 639,0.3147775854667798
2026-05-11 15:18:00+00:00,Mock tweet 640,0.6850673345240372
2026-05-11 15:25:00+00:00,Mock tweet 641,-0.8426189126700261
2026-05-11 15:26:00+00:00,Mock tweet 642,-0.9118390628565292
2026-05-11 15:30:00+00:00,Mock tweet 643,-0.5441995913762803
2026-05-11 15:38:00+00:00,Mock tweet 644,-0.5473511850684443
2026-05-11 15:42:00+00:00,Mock tweet 645,0.11131243245219125
2026-05-11 15:46:00+00:00,Mock tweet 646,0.8800602063771725
2026-05-11 15:47:00+00:00,Mock tweet 647,-0.572624124412831
2026-05-11 15:47:00+00:00,Mock tweet 648,0.2482648199644535
2026-05-11 15:50:00+00:00,Mock tweet 649,-0.9627562079910426
2026-05-11 15:59:00+00:00,Mock tweet 650,0.5799157942776247
2026-05-11 16:01:00+00:00,Mock tweet 651,-0.9185671404667521
2026-05-11 16:05:00+00:00,Mock tweet 652,0.6831520587696143
2026-05-11 16:10:00+00:00,Mock tweet 653,0.1818575643914555
2026-05-11 16:19:00+00:00,Mock tweet 654,-0.2385097705174486
2026-05-11 16:23:00+00:00,Mock tweet 655,-0.45054433294347884
2026-05-11 16:36:00+00:00,Mock tweet 656,-0.18238933398146173
2026-05-11 16:41:00+00:00,Mock tweet 657,0.7662719392029225
2026-05-11 16:43:00+00:00,Mock tweet 658,-0.26712542240950876
2026-05-11 16:45:00+00:00,Mock tweet 659,0.7952499550779397
2026-05-11 16:46:00+00:00,Mock tweet 660,0.71943804525777
2026-05-11 16:51:00+00:00,Mock tweet 661,-0.4345568986171573
2026-05-11 16:54:00+00:00,Mock tweet 662,-0.7861077454556844
2026-05-11 17:02:00+00:00,Mock tweet 663,-0.9804677119480767
2026-05-11 17:06:00+00:00,Mock tweet 664,0.7749468708326883
2026-05-11 17:08:00+00:00,Mock tweet 665,0.9183123709974217
2026-05-11 17:10:00+00:00,Mock tweet 666,0.279575433299196
2026-05-11 17:11:00+00:00,Mock tweet 667,0.18591330042931253
2026-05-11 17:25:00+00:00,Mock tweet 668,0.8033899164684302
2026-05-11 17:30:00+00:00,Mock tweet 669,-0.7704503476244193
2026-05-11 17:33:00+00:00,Mock tweet 670,0.7732978769991419
2026-05-11 17:39:00+00:00,Mock tweet 671,-0.015293954420106726
2026-05-11 17:44:00+00:00,Mock tweet 672,0.4870333924346575
2026-05-11 17:45:00+00:00,Mock tweet 673,-0.394139683973151
2026-05-11 17:58:00+00:00,Mock tweet 674,0.06664496310423917
2026-05-11 17:59:00+00:00,Mock tweet 675,-0.18160484372984387
2026-05-11 18:07:00+00:00,Mock tweet 676,-0.5990664540316184
2026-05-11 18:22:00+00:00,Mock tweet 677,-0.5843455729004388
2026-05-11 18:33:00+00:00,Mock tweet 678,0.6437748960221741
2026-05-11 18:50:00+00:00,Mock tweet 679,0.24128995407253995
2026-05-11 18:51:00+00:00,Mock tweet 680,0.9047640158887518
2026-05-11 18:54:00+00:00,Mock tweet 681,-0.030100271298712622
2026-05-11 19:25:00+00:00,Mock tweet 682,-0.7924610424426501
2026-05-11 19:25:00+00:00,Mock tweet 683,0.791484527160321
2026-05-11 19:26:00+00:00,Mock tweet 684,0.7175830550676654
2026-05-11 19:28:00+00:00,Mock tweet 685,0.08434521891003821
2026-05-11 19:36:00+00:00,Mock tweet 686,-0.08901031965635053
2026-05-11 19:38:00+00:00,Mock tweet 687,-0.3881763077927425
2026-05-11 19:39:00+00:00,Mock tweet 688,0.7581437436028329
2026-05-11 19:40:00+00:00,Mock tweet 689,-0.957764984701436
2026-05-11 19:43:00+00:00,Mock tweet 690,0.7758497189990452
2026-05-11 19:44:00+00:00,Mock tweet 691,-0.2746363322506957
2026-05-11 19:46:00+00:00,Mock tweet 692,0.26832289165702594
2026-05-11 19:48:00+00:00,Mock tweet 693,0.006798503151243418
2026-05-11 19:48:00+00:00,Mock tweet 694,0.5960568473783232
2026-05-11 19:50:00+00:00,Mock tweet 695,-0.9067077036657434
2026-05-11 20:06:00+00:00,Mock tweet 696,0.3026395987420005
2026-05-11 20:11:00+00:00,Mock tweet 697,-0.13625204220670573
2026-05-11 20:15:00+00:00,Mock tweet 698,-0.5317487302715482
2026-05-11 20:20:00+00:00,Mock tweet 699,0.5188180607670745
2026-05-11 20:28:00+00:00,Mock tweet 700,-0.5335421868731403
2026-05-11 20:37:00+00:00,Mock tweet 701,-0.032951819630946844
2026-05-11 20:38:00+00:00,Mock tweet 702,0.2041000329677385
2026-05-11 20:39:00+00:00,Mock tweet 703,-0.3402182287160833
2026-05-11 20:42:00+00:00,Mock tweet 704,-0.05508112794536402
2026-05-11 20:44:00+00:00,Mock tweet 705,-0.9401400927802503
2026-05-11 20:45:00+00:00,Mock tweet 706,-0.794649886113282
2026-05-11 20:50:00+00:00,Mock tweet 707,0.7932524619632579
2026-05-11 20:51:00+00:00,Mock tweet 708,0.08174630753329226
2026-05-11 20:51:00+00:00,Mock tweet 709,-0.040296848820620124
2026-05-11 20:52:00+00:00,Mock tweet 710,0.5660667668122141
2026-05-11 20:53:00+00:00,Mock tweet 711,0.08219745468945416
2026-05-11 20:53:00+00:00,Mock tweet 712,-0.5223074781693504
2026-05-11 20:54:00+00:00,Mock tweet 713,-0.6752060146376186
2026-05-11 20:57:00+00:00,Mock tweet 714,0.5518404947284992
2026-05-11 21:00:00+00:00,Mock tweet 715,-0.04227722044870119
2026-05-11 21:04:00+00:00,Mock tweet 716,0.40159066085245954
2026-05-11 21:05:00+00:00,Mock tweet 717,-0.28917646466136726
2026-05-11 21:08:00+00:00,Mock tweet 718,0.462518895377805
2026-05-11 21:10:00+00:00,Mock tweet 719,0.9963285174066423
2026-05-11 21:10:00+00:00,Mock tweet 720,-0.903776371788386
2026-05-11 21:16:00+00:00,Mock tweet 721,-0.10078674576039037
2026-05-11 21:17:00+00:00,Mock tweet 722,0.14547789494381314
2026-05-11 21:18:00+00:00,Mock tweet 723,-0.7326006855985356
2026-05-11 21:31:00+00:00,Mock tweet 724,0.13553972716034735
2026-05-11 21:40:00+00:00,Mock tweet 725,0.4044403586549987
2026-05-11 21:40:00+00:00,Mock tweet 726,0.22431386105146855
2026-05-11 21:43:00+00:00,Mock tweet 727,-0.11208544320146463
2026-05-11 21:49:00+00:00,Mock tweet 728,-0.4039335504890751
2026-05-11 21:51:00+00:00,Mock tweet 729,-0.6711776866582391
2026-05-11 21:56:00+00:00,Mock tweet 730,-0.014594653263869217
2026-05-11 21:56:00+00:00,Mock tweet 731,-0.8053556187762625
2026-05-11 22:01:00+00:00,Mock tweet 732,0.23878993660096737
2026-05-11 22:11:00+00:00,Mock tweet 733,-0.9908554463016452
2026-05-11 22:13:00+00:00,Mock tweet 734,0.4687700793647669
2026-05-11 22:19:00+00:00,Mock tweet 735,-0.6294847337042166
2026-05-11 22:29:00+00:00,Mock tweet 736,-0.03930835075609229
2026-05-11 22:40:00+00:00,Mock tweet 737,-0.7323306968194832
2026-05-11 22:44:00+00:00,Mock tweet 738,-0.04723480344498299
2026-05-11 22:45:00+00:00,Mock tweet 739,0.19611501058279135
2026-05-11 22:46:00+00:00,Mock tweet 740,-0.8478088505510519
2026-05-11 22:59:00+00:00,Mock tweet 741,0.5567064869328708
2026-05-11 23:16:00+00:00,Mock tweet 742,-0.7214750007569066
2026-05-11 23:16:00+00:00,Mock tweet 743,0.07463650591579163
2026-05-11 23:20:00+00:00,Mock tweet 744,-0.1615103361167789
2026-05-11 23:22:00+00:00,Mock tweet 745,0.2590673293906809
2026-05-11 23:31:00+00:00,Mock tweet 746,-0.12854261704532255
2026-05-11 23:32:00+00:00,Mock tweet 747,0.5780935223378274
2026-05-11 23:39:00+00:00,Mock tweet 748,0.9099682508583844
2026-05-11 23:40:00+00:00,Mock tweet 749,0.27154341598208176
2026-05-11 23:47:00+00:00,Mock tweet 750,0.5271881414693291
2026-05-11 23:50:00+00:00,Mock tweet 751,-0.6530935274548739
2026-05-11 23:52:00+00:00,Mock tweet 752,-0.10641309299690382
2026-05-12 00:01:00+00:00,Mock tweet 753,-0.06541089603506145
2026-05-12 00:10:00+00:00,Mock tweet 754,-0.40230635088769273
2026-05-12 00:16:00+00:00,Mock tweet 755,0.001065258327497265
2026-05-12 00:24:00+00:00,Mock tweet 756,0.3487316635243849
2026-05-12 00:24:00+00:00,Mock tweet 757,-0.8221358412004469
2026-05-12 00:33:00+00:00,Mock tweet 758,0.9460622636207419
2026-05-12 00:35:00+00:00,Mock tweet 759,0.011344588363079167
2026-05-12 00:35:00+00:00,Mock tweet 760,0.6661875958482812
2026-05-12 00:38:00+00:00,Mock tweet 761,-0.9163638540601233
2026-05-12 00:55:00+00:00,Mock tweet 762,0.3001461880308509
2026-05-12 00:56:00+00:00,Mock tweet 763,0.4328807038480498
2026-05-12 00:58:00+00:00,Mock tweet 764,0.9633126362470363
2026-05-12 01:02:00+00:00,Mock tweet 765,-0.0925085985958094
2026-05-12 01:07:00+00:00,Mock tweet 766,-0.09846379368826175
2026-05-12 01:20:00+00:00,Mock tweet 767,-0.44810955701892863
2026-05-12 01:20:00+00:00,Mock tweet 768,-0.203190957100148
2026-05-12 01:25:00+00:00,Mock tweet 769,-0.6301676668467491
2026-05-12 01:26:00+00:00,Mock tweet 770,0.25583502027075866
2026-05-12 01:27:00+00:00,Mock tweet 771,0.4334836317807964
2026-05-12 01:35:00+00:00,Mock tweet 772,-0.5449329872620541
2026-05-12 01:36:00+00:00,Mock tweet 773,-0.5254263970868007
2026-05-12 01:46:00+00:00,Mock tweet 774,-0.18435414401335715
2026-05-12 01:48:00+00:00,Mock tweet 775,0.8256287347796141
2026-05-12 01:51:00+00:00,Mock tweet 776,0.02057869192440842
2026-05-12 01:58:00+00:00,Mock tweet 777,0.06014932854044286
2026-05-12 02:00:00+00:00,Mock tweet 778,-0.881651179062219
2026-05-12 02:03:00+00:00,Mock tweet 779,0.7892465816893379
2026-05-12 02:08:00+00:00,Mock tweet 780,0.11636707356185294
2026-05-12 02:12:00+00:00,Mock tweet 781,0.8742089668535407
2026-05-12 02:12:00+00:00,Mock tweet 782,-0.24797410550607513
2026-05-12 02:14:00+00:00,Mock tweet 783,0.09361957646440477
2026-05-12 02:14:00+00:00,Mock tweet 784,-0.9696874899928201
2026-05-12 02:14:00+00:00,Mock tweet 785,-0.777764834283935
2026-05-12 02:16:00+00:00,Mock tweet 786,-0.42234255279071853
2026-05-12 02:16:00+00:00,Mock tweet 787,-0.9651656220555136
2026-05-12 02:17:00+00:00,Mock tweet 788,0.09027950000176599
2026-05-12 02:33:00+00:00,Mock tweet 789,0.2766955658634538
2026-05-12 02:38:00+00:00,Mock tweet 790,0.5380868838236341
2026-05-12 02:43:00+00:00,Mock tweet 791,-0.3534924148452063
2026-05-12 02:55:00+00:00,Mock tweet 792,0.25576109386504764
2026-05-12 02:57:00+00:00,Mock tweet 793,0.64209587353854
2026-05-12 02:57:00+00:00,Mock tweet 794,-0.758146022001867
2026-05-12 03:00:00+00:00,Mock tweet 795,-0.49284206084330795
2026-05-12 03:04:00+00:00,Mock tweet 796,0.4713021698951312
2026-05-12 03:19:00+00:00,Mock tweet 797,0.2389402046466702
2026-05-12 03:25:00+00:00,Mock tweet 798,0.9808790471982451
2026-05-12 03:27:00+00:00,Mock tweet 799,0.040839343419354135
2026-05-12 03:31:00+00:00,Mock tweet 800,-0.641676269089559
2026-05-12 03:33:00+00:00,Mock tweet 801,-0.09028342819834267
2026-05-12 03:36:00+00:00,Mock tweet 802,0.4833469093040441
2026-05-12 03:40:00+00:00,Mock tweet 803,-0.12218941309979203
2026-05-12 03:41:00+00:00,Mock tweet 804,-0.7681984928055845
2026-05-12 03:43:00+00:00,Mock tweet 805,0.7570556392882515
2026-05-12 03:50:00+00:00,Mock tweet 806,0.9540487597562552
2026-05-12 03:55:00+00:00,Mock tweet 807,0.1207584590554327
2026-05-12 04:04:00+00:00,Mock tweet 808,-0.019883755018334615
2026-05-12 04:05:00+00:00,Mock tweet 809,-0.9840652325063355
2026-05-12 04:06:00+00:00,Mock tweet 810,0.8995792150033632
2026-05-12 04:12:00+00:00,Mock tweet 811,-0.44568952071940915
2026-05-12 04:17:00+00:00,Mock tweet 812,0.5339405701633984
2026-05-12 04:22:00+00:00,Mock tweet 813,-0.08659409027906206
2026-05-12 04:36:00+00:00,Mock tweet 814,-0.7562585430488078
2026-05-12 04:40:00+00:00,Mock tweet 815,0.790730635783657
2026-05-12 04:41:00+00:00,Mock tweet 816,0.3136227297031595
2026-05-12 04:42:00+00:00,Mock tweet 817,0.003688963945888135
2026-05-12 04:43:00+00:00,Mock tweet 818,0.040706274397658504
2026-05-12 04:43:00+00:00,Mock tweet 819,-0.2840427331611419
2026-05-12 04:44:00+00:00,Mock tweet 820,0.5283916958051711
2026-05-12 04:50:00+00:00,Mock tweet 821,-0.31750099800897247
2026-05-12 04:50:00+00:00,Mock tweet 822,0.0561762048102461
2026-05-12 04:53:00+00:00,Mock tweet 823,0.44538546951961666
2026-05-12 05:03:00+00:00,Mock tweet 824,-0.10549195578292547
2026-05-12 05:03:00+00:00,Mock tweet 825,-0.9092036616644139
2026-05-12 05:06:00+00:00,Mock tweet 826,0.3876079195216633
2026-05-12 05:11:00+00:00,Mock tweet 827,0.08671846060946775
2026-05-12 05:11:00+00:00,Mock tweet 828,-0.8822161604886267
2026-05-12 05:20:00+00:00,Mock tweet 829,0.0835906824130963
2026-05-12 05:26:00+00:00,Mock tweet 830,0.3220433498921955
2026-05-12 05:32:00+00:00,Mock tweet 831,0.3264506221486181
2026-05-12 05:33:00+00:00,Mock tweet 832,0.13007382176768378
2026-05-12 05:40:00+00:00,Mock tweet 833,0.26503429231716225
2026-05-12 05:43:00+00:00,Mock tweet 834,0.8034977152002858
2026-05-12 05:49:00+00:00,Mock tweet 835,0.8821238530280351
2026-05-12 05:49:00+00:00,Mock tweet 836,-0.6516756007814204
2026-05-12 05:50:00+00:00,Mock tweet 837,-0.8071474783409909
2026-05-12 05:58:00+00:00,Mock tweet 838,0.27438213916645604
2026-05-12 06:05:00+00:00,Mock tweet 839,-0.8248113841032827
2026-05-12 06:10:00+00:00,Mock tweet 840,-0.13826204723556113
2026-05-12 06:18:00+00:00,Mock tweet 841,0.9000166507588778
2026-05-12 06:26:00+00:00,Mock tweet 842,0.26333716431644727
2026-05-12 06:33:00+00:00,Mock tweet 843,-0.8894765266194999
2026-05-12 06:34:00+00:00,Mock tweet 844,-0.02757093685304146
2026-05-12 06:34:00+00:00,Mock tweet 845,5.263942830066234
2026-05-12 06:35:00+00:00,Mock tweet 846,-0.9270351036093856
2026-05-12 06:37:00+00:00,Mock tweet 847,-0.04909735569414919
2026-05-12 06:40:00+00:00,Mock tweet 848,-0.2055044168714648
2026-05-12 06:46:00+00:00,Mock tweet 849,0.21701897717316965
2026-05-12 06:48:00+00:00,Mock tweet 850,0.2358347445245781
2026-05-12 06:55:00+00:00,Mock tweet 851,-0.6554974643740887
2026-05-12 06:55:00+00:00,Mock tweet 852,0.9431418269546958
2026-05-12 06:59:00+00:00,Mock tweet 853,-0.9911367550335335
2026-05-12 06:59:00+00:00,Mock tweet 854,0.33573109134418555
2026-05-12 07:03:00+00:00,Mock tweet 855,0.8242873559292629
2026-05-12 07:27:00+00:00,Mock tweet 856,-0.42743064765038197
2026-05-12 07:29:00+00:00,Mock tweet 857,0.13116299925091823
2026-05-12 07:30:00+00:00,Mock tweet 858,-0.01733497563991082
2026-05-12 07:40:00+00:00,Mock tweet 859,-0.7844608906610755
2026-05-12 07:42:00+00:00,Mock tweet 860,-0.28313293170635756
2026-05-12 07:57:00+00:00,Mock tweet 861,0.2502476266100184
2026-05-12 08:14:00+00:00,Mock tweet 862,0.05536434181723959
2026-05-12 08:14:00+00:00,Mock tweet 863,-0.6999106841486273
2026-05-12 08:20:00+00:00,Mock tweet 864,-0.2598527623515561
2026-05-12 08:22:00+00:00,Mock tweet 865,-0.9128213114486348
2026-05-12 08:29:00+00:00,Mock tweet 866,0.13630037562761443
2026-05-12 08:32:00+00:00,Mock tweet 867,0.027121433527840466
2026-05-12 08:34:00+00:00,Mock tweet 868,0.027771533759021416
2026-05-12 08:37:00+00:00,Mock tweet 869,0.6902462757494154
2026-05-12 08:40:00+00:00,Mock tweet 870,-0.16217048843808812
2026-05-12 08:41:00+00:00,Mock tweet 871,-0.5674369216219319
2026-05-12 08:44:00+00:00,Mock tweet 872,-0.514655955862185
2026-05-12 08:55:00+00:00,Mock tweet 873,0.20988083016674186
2026-05-12 08:57:00+00:00,Mock tweet 874,0.769376939614203
2026-05-12 09:06:00+00:00,Mock tweet 875,-0.7395018129063806
2026-05-12 09:07:00+00:00,Mock tweet 876,0.12135904268496267
2026-05-12 09:11:00+00:00,Mock tweet 877,-0.7494056421653983
2026-05-12 09:13:00+00:00,Mock tweet 878,-0.2139732031857693
2026-05-12 09:15:00+00:00,Mock tweet 879,-0.8363433864034864
2026-05-12 09:21:00+00:00,Mock tweet 880,0.07035541932510259
2026-05-12 09:26:00+00:00,Mock tweet 881,0.6827157274812785
2026-05-12 09:28:00+00:00,Mock tweet 882,-0.6318504026575524
2026-05-12 09:30:00+00:00,Mock tweet 883,0.38346185251453413
2026-05-12 09:42:00+00:00,Mock tweet 884,-0.7126106363411755
2026-05-12 09:53:00+00:00,Mock tweet 885,-0.44389238062978764
2026-05-12 09:59:00+00:00,Mock tweet 886,0.3992432604534386
2026-05-12 10:03:00+00:00,Mock tweet 887,-0.25207468095651575
2026-05-12 10:05:00+00:00,Mock tweet 888,0.5506653362975278
2026-05-12 10:06:00+00:00,Mock tweet 889,0.17810695869765047
2026-05-12 10:14:00+00:00,Mock tweet 890,0.7047126441343565
2026-05-12 10:22:00+00:00,Mock tweet 891,-0.6902163010723448
2026-05-12 10:23:00+00:00,Mock tweet 892,0.6707110998111461
2026-05-12 10:31:00+00:00,Mock tweet 893,0.5193705164496512
2026-05-12 10:41:00+00:00,Mock tweet 894,0.27079360680550724
2026-05-12 10:43:00+00:00,Mock tweet 895,-0.014147126857307901
2026-05-12 10:43:00+00:00,Mock tweet 896,0.1039800665588364
2026-05-12 10:49:00+00:00,Mock tweet 897,0.9467507709068892
2026-05-12 10:52:00+00:00,Mock tweet 898,0.5887351131742729
2026-05-12 11:02:00+00:00,Mock tweet 899,0.053827194670671874
2026-05-12 11:05:00+00:00,Mock tweet 900,-0.7104306288065532
2026-05-12 11:06:00+00:00,Mock tweet 901,-0.9019121537337755
2026-05-12 11:17:00+00:00,Mock tweet 902,0.28575373617901456
2026-05-12 11:19:00+00:00,Mock tweet 903,-0.67784927866488
2026-05-12 11:25:00+00:00,Mock tweet 904,0.40877581105119676
2026-05-12 11:29:00+00:00,Mock tweet 905,-0.25350062289669606
2026-05-12 11:36:00+00:00,Mock tweet 906,0.5493668377761436
2026-05-12 11:36:00+00:00,Mock tweet 907,0.6969386871719592
2026-05-12 11:39:00+00:00,Mock tweet 908,0.2616366841655908
2026-05-12 11:42:00+00:00,Mock tweet 909,0.5656819760147933
2026-05-12 11:42:00+00:00,Mock tweet 910,0.5531641870367969
2026-05-12 12:02:00+00:00,Mock tweet 911,0.4836689036477766
2026-05-12 12:17:00+00:00,Mock tweet 912,-0.6522231656336335
2026-05-12 12:18:00+00:00,Mock tweet 913,0.1437268174562205
2026-05-12 12:21:00+00:00,Mock tweet 914,-0.7279297367912549
2026-05-12 12:28:00+00:00,Mock tweet 915,-0.8881063300632812
2026-05-12 12:35:00+00:00,Mock tweet 916,-0.058290430537760285
2026-05-12 12:41:00+00:00,Mock tweet 917,0.4529094322174716
2026-05-12 12:42:00+00:00,Mock tweet 918,0.28311188372036744
2026-05-12 12:43:00+00:00,Mock tweet 919,0.2990600111100288
2026-05-12 12:46:00+00:00,Mock tweet 920,0.0782977810117762
2026-05-12 12:48:00+00:00,Mock tweet 921,-0.8900780574637481
2026-05-12 12:49:00+00:00,Mock tweet 922,-0.015016458365611163
2026-05-12 12:50:00+00:00,Mock tweet 923,0.2417535627675056
2026-05-12 12:54:00+00:00,Mock tweet 924,-0.9313809740228314
2026-05-12 12:58:00+00:00,Mock tweet 925,0.29983699654668716
2026-05-12 12:58:00+00:00,Mock tweet 926,0.03694772340915198
2026-05-12 13:06:00+00:00,Mock tweet 927,-0.7455850843889709
2026-05-12 13:20:00+00:00,Mock tweet 928,0.4738325448716678
2026-05-12 13:24:00+00:00,Mock tweet 929,-0.061384760549977324
2026-05-12 13:28:00+00:00,Mock tweet 930,-0.25819779721479574
2026-05-12 13:29:00+00:00,Mock tweet 931,-0.7980118134101519
2026-05-12 13:36:00+00:00,Mock tweet 932,-0.9705702501384799
2026-05-12 13:37:00+00:00,Mock tweet 933,-0.829204945077018
2026-05-12 13:42:00+00:00,Mock tweet 934,-0.4324701548456309
2026-05-12 13:46:00+00:00,Mock tweet 935,-0.3041604742282864
2026-05-12 13:51:00+00:00,Mock tweet 936,0.8224293863203505
2026-05-12 13:52:00+00:00,Mock tweet 937,-0.43652606862107524
2026-05-12 13:53:00+00:00,Mock tweet 938,0.529400977944724
2026-05-12 13:56:00+00:00,Mock tweet 939,-0.7275011673215825
2026-05-12 13:56:00+00:00,Mock tweet 940,-0.38057523252448133
2026-05-12 14:02:00+00:00,Mock tweet 941,0.2841960395303733
2026-05-12 14:03:00+00:00,Mock tweet 942,-0.28439255928144447
2026-05-12 14:07:00+00:00,Mock tweet 943,0.9230301463467747
2026-05-12 14:13:00+00:00,Mock tweet 944,0.9559079480691413
2026-05-12 14:24:00+00:00,Mock tweet 945,-0.46589298261130074
2026-05-12 14:33:00+00:00,Mock tweet 946,-0.1174669239731072
2026-05-12 14:33:00+00:00,Mock tweet 947,0.37691828265794824
2026-05-12 14:35:00+00:00,Mock tweet 948,-0.8533498386515972
2026-05-12 14:36:00+00:00,Mock tweet 949,0.9635784205806952
2026-05-12 14:42:00+00:00,Mock tweet 950,-0.1822678055753777
2026-05-12 14:43:00+00:00,Mock tweet 951,0.8362661303621759
2026-05-12 14:45:00+00:00,Mock tweet 952,-0.5722496580000271
2026-05-12 14:53:00+00:00,Mock tweet 953,0.48359591096702714
2026-05-12 14:54:00+00:00,Mock tweet 954,0.7646151891042965
2026-05-12 14:56:00+00:00,Mock tweet 955,-0.2085602405794167
2026-05-12 14:57:00+00:00,Mock tweet 956,-0.0427694118498918
2026-05-12 14:58:00+00:00,Mock tweet 957,0.3771677482457756
2026-05-12 14:58:00+00:00,Mock tweet 958,-0.36903335030834983
2026-05-12 14:59:00+00:00,Mock tweet 959,0.7383353508794659
2026-05-12 15:00:00+00:00,Mock tweet 960,-0.12454377289644403
2026-05-12 15:01:00+00:00,Mock tweet 961,-0.8300469124252003
2026-05-12 15:16:00+00:00,Mock tweet 962,0.5371623478203369
2026-05-12 15:17:00+00:00,Mock tweet 963,-0.33799824056602845
2026-05-12 15:22:00+00:00,Mock tweet 964,0.6042014136010381
2026-05-12 15:26:00+00:00,Mock tweet 965,-0.7368305729084783
2026-05-12 15:28:00+00:00,Mock tweet 966,0.4137402437810265
2026-05-12 15:29:00+00:00,Mock tweet 967,-0.210367725513402
2026-05-12 15:51:00+00:00,Mock tweet 968,0.6802345128008565
2026-05-12 15:55:00+00:00,Mock tweet 969,-0.059378966652433585
2026-05-12 15:55:00+00:00,Mock tweet 970,0.1791155525613548
2026-05-12 16:02:00+00:00,Mock tweet 971,0.5067026472749172
2026-05-12 16:04:00+00:00,Mock tweet 972,0.4758301137796397
2026-05-12 16:08:00+00:00,Mock tweet 973,0.7183652146325126
2026-05-12 16:16:00+00:00,Mock tweet 974,0.29696839147482734
2026-05-12 16:22:00+00:00,Mock tweet 975,-0.33339741890038654
2026-05-12 16:28:00+00:00,Mock tweet 976,-0.888227004120071
2026-05-12 16:28:00+00:00,Mock tweet 977,-0.5103104426176692
2026-05-12 16:31:00+00:00,Mock tweet 978,0.44502393001232043
2026-05-12 16:35:00+00:00,Mock tweet 979,0.2724159128385961
2026-05-12 16:40:00+00:00,Mock tweet 980,0.016512421378100273
2026-05-12 16:47:00+00:00,Mock tweet 981,-0.9229648303311027
2026-05-12 16:48:00+00:00,Mock tweet 982,0.4575083650155425
2026-05-12 16:54:00+00:00,Mock tweet 983,0.5848884191593668
2026-05-12 16:55:00+00:00,Mock tweet 984,-0.08432682646955025
2026-05-12 17:01:00+00:00,Mock tweet 985,-0.5292267588299138
2026-05-12 17:01:00+00:00,Mock tweet 986,-0.2963759480384778
2026-05-12 17:08:00+00:00,Mock tweet 987,0.002301973601059437
2026-05-12 17:11:00+00:00,Mock tweet 988,-0.2890852112462907
2026-05-12 17:16:00+00:00,Mock tweet 989,0.35494990633963086
2026-05-12 17:20:00+00:00,Mock tweet 990,0.40526505727563045
2026-05-12 17:24:00+00:00,Mock tweet 991,-0.6273101285640066
2026-05-12 17:27:00+00:00,Mock tweet 992,0.7212478654782619
2026-05-12 17:30:00+00:00,Mock tweet 993,0.23638066283665937
2026-05-12 17:32:00+00:00,Mock tweet 994,-0.05528820553094094
2026-05-12 17:34:00+00:00,Mock tweet 995,0.35266282702299145
2026-05-12 17:37:00+00:00,Mock tweet 996,-0.24225156813332727
2026-05-12 17:38:00+00:00,Mock tweet 997,0.6612594421527209
2026-05-12 17:40:00+00:00,Mock tweet 998,0.9852215413349279
2026-05-12 17:46:00+00:00,Mock tweet 999,0.38758154177069404
2026-05-12 17:58:00+00:00,Mock tweet 1000,-0.14573380583618145
2026-05-12 18:08:00+00:00,Mock tweet 1001,0.6596370251882107
2026-05-12 18:13:00+00:00,Mock tweet 1002,-0.7174074885785062
2026-05-12 18:15:00+00:00,Mock tweet 1003,0.7307971739818095
2026-05-12 18:18:00+00:00,Mock tweet 1004,0.8451323126535275
2026-05-12 18:18:00+00:00,Mock tweet 1005,-0.41098746034253253
2026-05-12 18:19:00+00:00,Mock tweet 1006,-0.8281616996917387
2026-05-12 18:20:00+00:00,Mock tweet 1007,-0.6338441268235906
2026-05-12 18:25:00+00:00,Mock tweet 1008,-0.05400449462193668
2026-05-12 18:27:00+00:00,Mock tweet 1009,-0.23709095452021955
2026-05-12 18:30:00+00:00,Mock tweet 1010,0.3969942637363213
2026-05-12 18:30:00+00:00,Mock tweet 1011,-0.2395401098082217
2026-05-12 18:32:00+00:00,Mock tweet 1012,-0.6622878311915885
2026-05-12 18:33:00+00:00,Mock tweet 1013,0.25524330207695134
2026-05-12 18:34:00+00:00,Mock tweet 1014,0.6307177127453703
2026-05-12 18:41:00+00:00,Mock tweet 1015,0.19137682448285886
2026-05-12 18:46:00+00:00,Mock tweet 1016,0.6542083751004124
2026-05-12 18:46:00+00:00,Mock tweet 1017,0.14759475618648366
2026-05-12 18:49:00+00:00,Mock tweet 1018,-0.9682583229039523
2026-05-12 18:57:00+00:00,Mock tweet 1019,-0.6034284425812313
2026-05-12 19:06:00+00:00,Mock tweet 1020,-0.5127027603791416
2026-05-12 19:06:00+00:00,Mock tweet 1021,0.44121859236543237
2026-05-12 19:10:00+00:00,Mock tweet 1022,0.8281528175639152
2026-05-12 19:17:00+00:00,Mock tweet 1023,0.3286812246102804
2026-05-12 19:18:00+00:00,Mock tweet 1024,-0.35027793632957827
2026-05-12 19:19:00+00:00,Mock tweet 1025,0.1552964270955548
2026-05-12 19:28:00+00:00,Mock tweet 1026,0.8871759633912542
2026-05-12 19:29:00+00:00,Mock tweet 1027,0.17270862677712517
2026-05-12 19:31:00+00:00,Mock tweet 1028,-0.10270227557814482
2026-05-12 19:35:00+00:00,Mock tweet 1029,-0.4353502305042909
2026-05-12 19:37:00+00:00,Mock tweet 1030,-0.8011786292260625
2026-05-12 19:37:00+00:00,Mock tweet 1031,-0.3244954965578497
2026-05-12 19:42:00+00:00,Mock tweet 1032,0.5358943945313297
2026-05-12 19:52:00+00:00,Mock tweet 1033,-0.1679602751449989
2026-05-12 19:59:00+00:00,Mock tweet 1034,-0.7768631951054885
2026-05-12 20:00:00+00:00,Mock tweet 1035,0.752966348126644
2026-05-12 20:07:00+00:00,Mock tweet 1036,-0.9685030321566428
2026-05-12 20:07:00+00:00,Mock tweet 1037,0.1359492332145642
2026-05-12 20:09:00+00:00,Mock tweet 1038,-0.08916496884401215
2026-05-12 20:15:00+00:00,Mock tweet 1039,0.23945142035191203
2026-05-12 20:17:00+00:00,Mock tweet 1040,-0.9137248488983727
2026-05-12 20:18:00+00:00,Mock tweet 1041,-0.813307221632962
2026-05-12 20:29:00+00:00,Mock tweet 1042,-0.9381519101544236
2026-05-12 20:29:00+00:00,Mock tweet 1043,0.029942259362806922
2026-05-12 20:36:00+00:00,Mock tweet 1044,-0.829944712958985
2026-05-12 20:36:00+00:00,Mock tweet 1045,0.2328228996720183
2026-05-12 20:36:00+00:00,Mock tweet 1046,0.14612475407870162
2026-05-12 20:37:00+00:00,Mock tweet 1047,0.5575922149656578
2026-05-12 20:39:00+00:00,Mock tweet 1048,0.5468778452102057
2026-05-12 20:43:00+00:00,Mock tweet 1049,-0.7759217774825804
2026-05-12 20:44:00+00:00,Mock tweet 1050,-0.42932644962512656
2026-05-12 20:49:00+00:00,Mock tweet 1051,0.7324545733871579
2026-05-12 20:52:00+00:00,Mock tweet 1052,0.43689029878518126
2026-05-12 20:58:00+00:00,Mock tweet 1053,-0.8163947117537627
2026-05-12 21:06:00+00:00,Mock tweet 1054,0.2711445004559796
2026-05-12 21:07:00+00:00,Mock tweet 1055,0.9582400987538799
2026-05-12 21:08:00+00:00,Mock tweet 1056,0.31912782178248045
2026-05-12 21:08:00+00:00,Mock tweet 1057,0.5131214132579116
2026-05-12 21:15:00+00:00,Mock tweet 1058,0.5301647754621932
2026-05-12 21:17:00+00:00,Mock tweet 1059,-0.1625219587082658
2026-05-12 21:18:00+00:00,Mock tweet 1060,9.277531558667834
2026-05-12 21:21:00+00:00,Mock tweet 1061,0.5940454713190937
2026-05-12 21:21:00+00:00,Mock tweet 1062,-0.5061902473150082
2026-05-12 21:24:00+00:00,Mock tweet 1063,-0.8448116236584049
2026-05-12 21:24:00+00:00,Mock tweet 1064,0.525199321782478
2026-05-12 21:33:00+00:00,Mock tweet 1065,-0.7294016289101402
2026-05-12 21:39:00+00:00,Mock tweet 1066,-0.47798235221854135
2026-05-12 21:39:00+00:00,Mock tweet 1067,0.9214383283420513
2026-05-12 21:41:00+00:00,Mock tweet 1068,0.03505677051174061
2026-05-12 21:52:00+00:00,Mock tweet 1069,0.17210633068755254
2026-05-12 21:54:00+00:00,Mock tweet 1070,0.8044490217358538
2026-05-12 21:55:00+00:00,Mock tweet 1071,-0.11946270879974685
2026-05-12 22:02:00+00:00,Mock tweet 1072,0.535767452208944
2026-05-12 22:06:00+00:00,Mock tweet 1073,0.4869238188833216
2026-05-12 22:08:00+00:00,Mock tweet 1074,-0.716152933346369
2026-05-12 22:09:00+00:00,Mock tweet 1075,0.016760307087084314
2026-05-12 22:18:00+00:00,Mock tweet 1076,-0.1995278552415416
2026-05-12 22:22:00+00:00,Mock tweet 1077,-0.6702606308337966
2026-05-12 22:23:00+00:00,Mock tweet 1078,0.2978066794430463
2026-05-12 22:33:00+00:00,Mock tweet 1079,0.1445304604638109
2026-05-12 22:34:00+00:00,Mock tweet 1080,0.5806944128497395
2026-05-12 22:45:00+00:00,Mock tweet 1081,0.6085239120266481
2026-05-12 22:57:00+00:00,Mock tweet 1082,0.7139321355876109
2026-05-12 22:57:00+00:00,Mock tweet 1083,-0.8988874695486342
2026-05-12 23:03:00+00:00,Mock tweet 1084,-0.4207808164935323
2026-05-12 23:06:00+00:00,Mock tweet 1085,0.6398300088235511
2026-05-12 23:07:00+00:00,Mock tweet 1086,0.6463150404790168
2026-05-12 23:09:00+00:00,Mock tweet 1087,-0.9420124926395557
2026-05-12 23:14:00+00:00,Mock tweet 1088,-0.9920819271907815
2026-05-12 23:14:00+00:00,Mock tweet 1089,-0.36782294561055706
2026-05-12 23:15:00+00:00,Mock tweet 1090,0.40876903662348707
2026-05-12 23:22:00+00:00,Mock tweet 1091,0.42538507902991696
2026-05-12 23:22:00+00:00,Mock tweet 1092,-0.7514479722731306
2026-05-12 23:24:00+00:00,Mock tweet 1093,-0.010774758301955734
2026-05-12 23:39:00+00:00,Mock tweet 1094,-0.7102947048970687
2026-05-12 23:39:00+00:00,Mock tweet 1095,0.6345119938747001
2026-05-12 23:52:00+00:00,Mock tweet 1096,-0.6741356225340074
2026-05-12 23:58:00+00:00,Mock tweet 1097,0.6931776067092255
2026-05-13 00:01:00+00:00,Mock tweet 1098,-0.07149918881852368
2026-05-13 00:03:00+00:00,Mock tweet 1099,0.8744717718887449
2026-05-13 00:04:00+00:00,Mock tweet 1100,-0.20629178083369837
2026-05-13 00:08:00+00:00,Mock tweet 1101,0.09907880388784096
2026-05-13 00:08:00+00:00,Mock tweet 1102,0.4430737497995336
2026-05-13 00:15:00+00:00,Mock tweet 1103,-0.7999125378101757
2026-05-13 00:27:00+00:00,Mock tweet 1104,-0.613637048961295
2026-05-13 00:27:00+00:00,Mock tweet 1105,0.9266351900949386
2026-05-13 00:29:00+00:00,Mock tweet 1106,-0.33349541507079716
2026-05-13 00:30:00+00:00,Mock tweet 1107,0.7686945863642018
2026-05-13 00:39:00+00:00,Mock tweet 1108,-0.016689917610806626
2026-05-13 00:43:00+00:00,Mock tweet 1109,-0.14119349595609076
2026-05-13 00:51:00+00:00,Mock tweet 1110,0.5380063936565693
2026-05-13 00:52:00+00:00,Mock tweet 1111,-0.38873542455177046
2026-05-13 00:55:00+00:00,Mock tweet 1112,-0.15592685048582866
2026-05-13 01:00:00+00:00,Mock tweet 1113,-0.9960228119831991
2026-05-13 01:00:00+00:00,Mock tweet 1114,0.4561116603701829
2026-05-13 01:11:00+00:00,Mock tweet 1115,0.1800470432462633
2026-05-13 01:11:00+00:00,Mock tweet 1116,0.4770854547010339
2026-05-13 01:12:00+00:00,Mock tweet 1117,-0.7775932031478958
2026-05-13 01:15:00+00:00,Mock tweet 1118,-0.29922369527486903
2026-05-13 01:18:00+00:00,Mock tweet 1119,-0.6946550411831514
2026-05-13 01:21:00+00:00,Mock tweet 1120,-0.9657706338123095
2026-05-13 01:21:00+00:00,Mock tweet 1121,0.7192723734755482
2026-05-13 01:35:00+00:00,Mock tweet 1122,-0.3284632862314065
2026-05-13 01:42:00+00:00,Mock tweet 1123,0.14979257289082137
2026-05-13 01:43:00+00:00,Mock tweet 1124,0.8783117451637061
2026-05-13 01:46:00+00:00,Mock tweet 1125,0.35487941336999307
2026-05-13 01:47:00+00:00,Mock tweet 1126,-0.1097474943479424
2026-05-13 01:50:00+00:00,Mock tweet 1127,-0.12727374801397673
2026-05-13 01:51:00+00:00,Mock tweet 1128,-0.5564217970875551
2026-05-13 01:51:00+00:00,Mock tweet 1129,0.6612187477820246
2026-05-13 01:55:00+00:00,Mock tweet 1130,0.6910496854658783
2026-05-13 02:05:00+00:00,Mock tweet 1131,0.11020114667642256
2026-05-13 02:08:00+00:00,Mock tweet 1132,-0.8834290046374229
2026-05-13 02:13:00+00:00,Mock tweet 1133,0.3369702267083885
2026-05-13 02:14:00+00:00,Mock tweet 1134,0.5680959933509115
2026-05-13 02:16:00+00:00,Mock tweet 1135,0.6020780996916149
2026-05-13 02:20:00+00:00,Mock tweet 1136,0.5543195364365527
2026-05-13 02:22:00+00:00,Mock tweet 1137,0.1883996783920565
2026-05-13 02:26:00+00:00,Mock tweet 1138,0.909984557273759
2026-05-13 02:28:00+00:00,Mock tweet 1139,-0.6660501430830421
2026-05-13 02:31:00+00:00,Mock tweet 1140,7.46086614252628
2026-05-13 02:35:00+00:00,Mock tweet 1141,0.4437837821304731
2026-05-13 02:44:00+00:00,Mock tweet 1142,-0.2007102342081284
2026-05-13 02:51:00+00:00,Mock tweet 1143,0.5368864913309528
2026-05-13 02:53:00+00:00,Mock tweet 1144,-0.0970432014290783
2026-05-13 03:01:00+00:00,Mock tweet 1145,0.5970156942686256
2026-05-13 03:05:00+00:00,Mock tweet 1146,-0.6838380540588365
2026-05-13 03:05:00+00:00,Mock tweet 1147,-0.9277842143199355
2026-05-13 03:06:00+00:00,Mock tweet 1148,0.5108408026225173
2026-05-13 03:14:00+00:00,Mock tweet 1149,-0.6358048972876069
2026-05-13 03:27:00+00:00,Mock tweet 1150,0.9333442164293517
2026-05-13 03:31:00+00:00,Mock tweet 1151,-0.8318753166855672
2026-05-13 03:34:00+00:00,Mock tweet 1152,-0.1383500532055555
2026-05-13 03:42:00+00:00,Mock tweet 1153,0.7518052252609528
2026-05-13 03:42:00+00:00,Mock tweet 1154,0.030356908798967464
2026-05-13 03:46:00+00:00,Mock tweet 1155,-0.5651170788388096
2026-05-13 03:49:00+00:00,Mock tweet 1156,0.4471874410278882
2026-05-13 04:04:00+00:00,Mock tweet 1157,0.2771685918847908
2026-05-13 04:16:00+00:00,Mock tweet 1158,0.43988634023114614
2026-05-13 04:30:00+00:00,Mock tweet 1159,-0.11465329615011988
2026-05-13 04:31:00+00:00,Mock tweet 1160,0.47750962149389564
2026-05-13 04:32:00+00:00,Mock tweet 1161,-0.9703472484088169
2026-05-13 04:32:00+00:00,Mock tweet 1162,0.2243792606842343
2026-05-13 04:33:00+00:00,Mock tweet 1163,0.5740665263522424
2026-05-13 04:34:00+00:00,Mock tweet 1164,-0.5117268075348111
2026-05-13 04:37:00+00:00,Mock tweet 1165,0.9647789440224903
2026-05-13 04:38:00+00:00,Mock tweet 1166,-0.6295494681177938
2026-05-13 04:43:00+00:00,Mock tweet 1167,0.7060070596986958
2026-05-13 04:43:00+00:00,Mock tweet 1168,0.6848392834084724
2026-05-13 04:49:00+00:00,Mock tweet 1169,-0.03441865013563894
2026-05-13 04:52:00+00:00,Mock tweet 1170,0.9407460600297675
2026-05-13 04:57:00+00:00,Mock tweet 1171,-0.5454960008863559
2026-05-13 05:03:00+00:00,Mock tweet 1172,-0.0016633929057940922
2026-05-13 05:07:00+00:00,Mock tweet 1173,-0.25571023449516295
2026-05-13 05:08:00+00:00,Mock tweet 1174,-0.784843815088204
2026-05-13 05:11:00+00:00,Mock tweet 1175,0.6562504961063149
2026-05-13 05:32:00+00:00,Mock tweet 1176,-0.9613761235245648
2026-05-13 05:33:00+00:00,Mock tweet 1177,0.40582824138064777
2026-05-13 05:43:00+00:00,Mock tweet 1178,0.9684772221808624
2026-05-13 05:52:00+00:00,Mock tweet 1179,0.243550996767391
2026-05-13 05:54:00+00:00,Mock tweet 1180,0.48414381298899145
2026-05-13 05:55:00+00:00,Mock tweet 1181,-0.4049108043843972
2026-05-13 05:56:00+00:00,Mock tweet 1182,-0.41537665064263285
2026-05-13 06:00:00+00:00,Mock tweet 1183,0.9817146656928979
2026-05-13 06:01:00+00:00,Mock tweet 1184,0.5890457193720711
2026-05-13 06:07:00+00:00,Mock tweet 1185,-0.6141105865479153
2026-05-13 06:16:00+00:00,Mock tweet 1186,0.9407057900232816
2026-05-13 06:19:00+00:00,Mock tweet 1187,-0.7955987981630968
2026-05-13 06:25:00+00:00,Mock tweet 1188,-0.6756261520456777
2026-05-13 06:38:00+00:00,Mock tweet 1189,-0.5788854711477711
2026-05-13 06:40:00+00:00,Mock tweet 1190,-0.9589931778474581
2026-05-13 06:43:00+00:00,Mock tweet 1191,-0.23617956794142936
2026-05-13 06:47:00+00:00,Mock tweet 1192,-0.4591260363076559
2026-05-13 06:48:00+00:00,Mock tweet 1193,0.9925687527524203
2026-05-13 07:10:00+00:00,Mock tweet 1194,0.557794442204568
2026-05-13 07:10:00+00:00,Mock tweet 1195,-0.463556775692499
2026-05-13 07:23:00+00:00,Mock tweet 1196,-0.913094443264848
2026-05-13 07:23:00+00:00,Mock tweet 1197,-0.5721116142066069
2026-05-13 07:27:00+00:00,Mock tweet 1198,0.628584624171596
2026-05-13 07:32:00+00:00,Mock tweet 1199,-0.9510997252306592
2026-05-13 07:33:00+00:00,Mock tweet 1200,0.3090595457759091
2026-05-13 07:37:00+00:00,Mock tweet 1201,-0.4534732036717195
2026-05-13 07:38:00+00:00,Mock tweet 1202,-0.6556230581836664
2026-05-13 07:42:00+00:00,Mock tweet 1203,-0.48734129268244897
2026-05-13 07:51:00+00:00,Mock tweet 1204,0.7798978150761366
2026-05-13 07:57:00+00:00,Mock tweet 1205,-0.2782165247366335
2026-05-13 07:58:00+00:00,Mock tweet 1206,-0.09751418576640192
2026-05-13 08:15:00+00:00,Mock tweet 1207,-0.01454268992781671
2026-05-13 08:23:00+00:00,Mock tweet 1208,-0.28138148025064447
2026-05-13 08:23:00+00:00,Mock tweet 1209,0.013912741435697207
2026-05-13 08:25:00+00:00,Mock tweet 1210,0.37265326102028484
2026-05-13 08:29:00+00:00,Mock tweet 1211,-0.05897976135809557
2026-05-13 08:31:00+00:00,Mock tweet 1212,0.12737975193389195
2026-05-13 08:34:00+00:00,Mock tweet 1213,0.9236961734505595
2026-05-13 08:43:00+00:00,Mock tweet 1214,0.4790588043238808
2026-05-13 08:46:00+00:00,Mock tweet 1215,0.18994696126277466
2026-05-13 08:56:00+00:00,Mock tweet 1216,0.9945906853146567
2026-05-13 09:00:00+00:00,Mock tweet 1217,-0.9692362723841319
2026-05-13 09:06:00+00:00,Mock tweet 1218,-0.3618944229522103
2026-05-13 09:07:00+00:00,Mock tweet 1219,0.538372383412282
2026-05-13 09:07:00+00:00,Mock tweet 1220,0.46966542667777245
2026-05-13 09:09:00+00:00,Mock tweet 1221,-0.46279574209397323
2026-05-13 09:11:00+00:00,Mock tweet 1222,-0.4652174195590033
2026-05-13 09:15:00+00:00,Mock tweet 1223,0.6841307976204347
2026-05-13 09:17:00+00:00,Mock tweet 1224,-0.41709177596330593
2026-05-13 09:25:00+00:00,Mock tweet 1225,-0.058181079910630595
2026-05-13 09:29:00+00:00,Mock tweet 1226,0.3904026429333065
2026-05-13 09:31:00+00:00,Mock tweet 1227,0.5974599001205645
2026-05-13 09:32:00+00:00,Mock tweet 1228,-0.17701724477382563
2026-05-13 09:33:00+00:00,Mock tweet 1229,0.9347507980987813
2026-05-13 09:39:00+00:00,Mock tweet 1230,-0.14335117877388437
2026-05-13 09:40:00+00:00,Mock tweet 1231,0.36116678492806953
2026-05-13 09:42:00+00:00,Mock tweet 1232,-0.6521270765904803
2026-05-13 09:44:00+00:00,Mock tweet 1233,-0.852381330796139
2026-05-13 09:48:00+00:00,Mock tweet 1234,0.8840586792526253
2026-05-13 10:01:00+00:00,Mock tweet 1235,0.5715573543524517
2026-05-13 10:05:00+00:00,Mock tweet 1236,0.32682165587401935
2026-05-13 10:07:00+00:00,Mock tweet 1237,-0.70796564860343
2026-05-13 10:08:00+00:00,Mock tweet 1238,-0.5406881878641576
2026-05-13 10:09:00+00:00,Mock tweet 1239,-0.7140818859026392
2026-05-13 10:11:00+00:00,Mock tweet 1240,-0.8256139418789181
2026-05-13 10:21:00+00:00,Mock tweet 1241,0.7379298901613047
2026-05-13 10:29:00+00:00,Mock tweet 1242,-0.9661233128397635
2026-05-13 10:29:00+00:00,Mock tweet 1243,0.6847852218498496
2026-05-13 10:31:00+00:00,Mock tweet 1244,0.7772774527670538
2026-05-13 10:36:00+00:00,Mock tweet 1245,0.7195288601976857
2026-05-13 10:41:00+00:00,Mock tweet 1246,-0.40851780379332947
2026-05-13 10:43:00+00:00,Mock tweet 1247,0.5726205141971534
2026-05-13 10:44:00+00:00,Mock tweet 1248,-0.10833741267077812
2026-05-13 10:47:00+00:00,Mock tweet 1249,-0.6119733851007387
2026-05-13 10:48:00+00:00,Mock tweet 1250,0.3934280126408185
2026-05-13 10:50:00+00:00,Mock tweet 1251,-0.8906536012334576
2026-05-13 10:53:00+00:00,Mock tweet 1252,-0.8052096120828729
2026-05-13 10:56:00+00:00,Mock tweet 1253,-0.12470186235288838
2026-05-13 11:00:00+00:00,Mock tweet 1254,0.7314016582982803
2026-05-13 11:03:00+00:00,Mock tweet 1255,0.8228903562001189
2026-05-13 11:04:00+00:00,Mock tweet 1256,0.94255960546344
2026-05-13 11:06:00+00:00,Mock tweet 1257,-0.047110571697143167
2026-05-13 11:08:00+00:00,Mock tweet 1258,-0.11540050796521295
2026-05-13 11:10:00+00:00,Mock tweet 1259,-0.5693125599333368
2026-05-13 11:11:00+00:00,Mock tweet 1260,0.8790914043735452
2026-05-13 11:15:00+00:00,Mock tweet 1261,-0.5462613412751747
2026-05-13 11:24:00+00:00,Mock tweet 1262,-0.09227063093690546
2026-05-13 11:34:00+00:00,Mock tweet 1263,-0.1390741943045013
2026-05-13 11:41:00+00:00,Mock tweet 1264,0.5098193106863509
2026-05-13 11:42:00+00:00,Mock tweet 1265,-0.4914766854313397
2026-05-13 11:48:00+00:00,Mock tweet 1266,-0.4171060132466706
2026-05-13 11:49:00+00:00,Mock tweet 1267,0.8879767147395827
2026-05-13 11:52:00+00:00,Mock tweet 1268,0.8424909933886529
2026-05-13 11:56:00+00:00,Mock tweet 1269,-0.7367318236197389
2026-05-13 12:04:00+00:00,Mock tweet 1270,-0.142621064352078
2026-05-13 12:11:00+00:00,Mock tweet 1271,0.8531484235649831
2026-05-13 12:13:00+00:00,Mock tweet 1272,0.315778947932728
2026-05-13 12:23:00+00:00,Mock tweet 1273,0.041781669503877295
2026-05-13 12:26:00+00:00,Mock tweet 1274,0.5073906294336552
2026-05-13 12:26:00+00:00,Mock tweet 1275,-0.020535833337801845
2026-05-13 12:26:00+00:00,Mock tweet 1276,-0.11853601343878317
2026-05-13 12:33:00+00:00,Mock tweet 1277,0.7853955638243779
2026-05-13 12:37:00+00:00,Mock tweet 1278,-0.34006451288641415
2026-05-13 12:43:00+00:00,Mock tweet 1279,0.4263315237798162
2026-05-13 12:46:00+00:00,Mock tweet 1280,-0.8271811494794352
2026-05-13 12:47:00+00:00,Mock tweet 1281,0.366497141858634
2026-05-13 12:48:00+00:00,Mock tweet 1282,-0.7602508246847515
2026-05-13 12:53:00+00:00,Mock tweet 1283,0.04301575832231452
2026-05-13 12:55:00+00:00,Mock tweet 1284,-0.3270711607939478
2026-05-13 12:56:00+00:00,Mock tweet 1285,0.8724902605858633
2026-05-13 13:01:00+00:00,Mock tweet 1286,-0.7069779405263321
2026-05-13 13:03:00+00:00,Mock tweet 1287,-0.06530427930800653
2026-05-13 13:05:00+00:00,Mock tweet 1288,0.025770087116161466
2026-05-13 13:12:00+00:00,Mock tweet 1289,0.17067877456329938
2026-05-13 13:16:00+00:00,Mock tweet 1290,-0.3428150135963641
2026-05-13 13:17:00+00:00,Mock tweet 1291,0.572194343815851
2026-05-13 13:28:00+00:00,Mock tweet 1292,0.1762366677981393
2026-05-13 13:31:00+00:00,Mock tweet 1293,0.7056157885909959
2026-05-13 13:36:00+00:00,Mock tweet 1294,-0.6487919715486137
2026-05-13 13:42:00+00:00,Mock tweet 1295,-0.976238706939349
2026-05-13 13:42:00+00:00,Mock tweet 1296,-0.030575052034142125
2026-05-13 13:56:00+00:00,Mock tweet 1297,0.24938528737405163
2026-05-13 13:57:00+00:00,Mock tweet 1298,0.6547179855323075
2026-05-13 14:02:00+00:00,Mock tweet 1299,0.04115788763649775
2026-05-13 14:03:00+00:00,Mock tweet 1300,0.7121584180041256
2026-05-13 14:04:00+00:00,Mock tweet 1301,0.2828333310650404
2026-05-13 14:06:00+00:00,Mock tweet 1302,0.4392798346825657
2026-05-13 14:16:00+00:00,Mock tweet 1303,-0.811918175922167
2026-05-13 14:24:00+00:00,Mock tweet 1304,0.6898629456125909
2026-05-13 14:26:00+00:00,Mock tweet 1305,-0.9513083195359691
2026-05-13 14:30:00+00:00,Mock tweet 1306,-0.7680264517798354
2026-05-13 14:33:00+00:00,Mock tweet 1307,0.07025358320993536
2026-05-13 14:35:00+00:00,Mock tweet 1308,-0.4692074999039355
2026-05-13 14:48:00+00:00,Mock tweet 1309,0.360172821783483
2026-05-13 15:11:00+00:00,Mock tweet 1310,-0.4383605240928543
2026-05-13 15:12:00+00:00,Mock tweet 1311,-0.3335139171577539
2026-05-13 15:16:00+00:00,Mock tweet 1312,-0.0934524651937354
2026-05-13 15:19:00+00:00,Mock tweet 1313,-0.7438183492312553
2026-05-13 15:24:00+00:00,Mock tweet 1314,0.7851915289079874
2026-05-13 15:30:00+00:00,Mock tweet 1315,0.10846151690675687
2026-05-13 15:32:00+00:00,Mock tweet 1316,0.3051742587351498
2026-05-13 15:41:00+00:00,Mock tweet 1317,-0.2544373537338602
2026-05-13 15:52:00+00:00,Mock tweet 1318,0.6258107478735777
2026-05-13 16:01:00+00:00,Mock tweet 1319,0.03499624824643055
2026-05-13 16:01:00+00:00,Mock tweet 1320,-0.4398660569970845
2026-05-13 16:11:00+00:00,Mock tweet 1321,-0.8658685598449205
2026-05-13 16:12:00+00:00,Mock tweet 1322,0.7636644749716366
2026-05-13 16:26:00+00:00,Mock tweet 1323,-0.16795233923215847
2026-05-13 16:28:00+00:00,Mock tweet 1324,-0.09395747554611567
2026-05-13 16:36:00+00:00,Mock tweet 1325,-0.7634827843019496
2026-05-13 16:54:00+00:00,Mock tweet 1326,0.22269799165990412
2026-05-13 16:56:00+00:00,Mock tweet 1327,-0.24984069623562122
2026-05-13 17:06:00+00:00,Mock tweet 1328,-0.3705311032740304
2026-05-13 17:20:00+00:00,Mock tweet 1329,0.820145519966456
2026-05-13 17:27:00+00:00,Mock tweet 1330,0.27045646515581234
2026-05-13 17:41:00+00:00,Mock tweet 1331,-0.4799042722599025
2026-05-13 17:44:00+00:00,Mock tweet 1332,0.35641574244665053
2026-05-13 18:06:00+00:00,Mock tweet 1333,0.9710494630578657
2026-05-13 18:09:00+00:00,Mock tweet 1334,0.7245805524602484
2026-05-13 18:21:00+00:00,Mock tweet 1335,0.3525614251651228
2026-05-13 18:24:00+00:00,Mock tweet 1336,0.9192902793886106
2026-05-13 18:28:00+00:00,Mock tweet 1337,0.5791950633375391
2026-05-13 18:34:00+00:00,Mock tweet 1338,0.4335141142843555
2026-05-13 18:42:00+00:00,Mock tweet 1339,-0.9046916609816431
2026-05-13 18:43:00+00:00,Mock tweet 1340,-0.7972151125895577
2026-05-13 18:43:00+00:00,Mock tweet 1341,-0.4261005401067903
2026-05-13 18:49:00+00:00,Mock tweet 1342,0.4848237830763258
2026-05-13 18:51:00+00:00,Mock tweet 1343,0.7872837758134748
2026-05-13 18:53:00+00:00,Mock tweet 1344,0.21726854118262384
2026-05-13 18:58:00+00:00,Mock tweet 1345,-0.14980745555836372
2026-05-13 18:59:00+00:00,Mock tweet 1346,0.20869075467476317
2026-05-13 19:05:00+00:00,Mock tweet 1347,-0.8229986003254539
2026-05-13 19:14:00+00:00,Mock tweet 1348,7.239951774648451
2026-05-13 19:24:00+00:00,Mock tweet 1349,0.5339606773400507
2026-05-13 19:25:00+00:00,Mock tweet 1350,0.35979923578882844
2026-05-13 19:29:00+00:00,Mock tweet 1351,-0.8268399824078712
2026-05-13 19:31:00+00:00,Mock tweet 1352,0.14986510301431322
2026-05-13 19:45:00+00:00,Mock tweet 1353,0.10212958775676229
2026-05-13 19:50:00+00:00,Mock tweet 1354,-0.5316705207075563
2026-05-13 19:55:00+00:00,Mock tweet 1355,0.6286679134752966
2026-05-13 20:04:00+00:00,Mock tweet 1356,-0.7835458237752801
2026-05-13 20:07:00+00:00,Mock tweet 1357,0.10291789577234844
2026-05-13 20:08:00+00:00,Mock tweet 1358,0.7818549018821812
2026-05-13 20:09:00+00:00,Mock tweet 1359,-0.8296386906912121
2026-05-13 20:10:00+00:00,Mock tweet 1360,-0.9939022745439285
2026-05-13 20:23:00+00:00,Mock tweet 1361,0.11257371093715474
2026-05-13 20:29:00+00:00,Mock tweet 1362,-0.33683452555351234
2026-05-13 20:32:00+00:00,Mock tweet 1363,0.4040942586459102
2026-05-13 20:36:00+00:00,Mock tweet 1364,0.026609271919736388
2026-05-13 20:49:00+00:00,Mock tweet 1365,0.4927879072673278
2026-05-13 21:03:00+00:00,Mock tweet 1366,-0.10037282097845912
2026-05-13 21:06:00+00:00,Mock tweet 1367,0.3615646526818661
2026-05-13 21:10:00+00:00,Mock tweet 1368,0.6622742883738157
2026-05-13 21:14:00+00:00,Mock tweet 1369,0.24349877677284537
2026-05-13 21:18:00+00:00,Mock tweet 1370,0.7493614827372581
2026-05-13 21:29:00+00:00,Mock tweet 1371,0.3271437660349985
2026-05-13 21:39:00+00:00,Mock tweet 1372,-0.3297396729777955
2026-05-13 21:45:00+00:00,Mock tweet 1373,0.4841909657684844
2026-05-13 21:58:00+00:00,Mock tweet 1374,0.995353102745264
2026-05-13 22:09:00+00:00,Mock tweet 1375,0.26942942036776873
2026-05-13 22:09:00+00:00,Mock tweet 1376,-0.8223232069715234
2026-05-13 22:11:00+00:00,Mock tweet 1377,-0.9495791877957369
2026-05-13 22:16:00+00:00,Mock tweet 1378,0.7922910208364571
2026-05-13 22:18:00+00:00,Mock tweet 1379,0.9122290155744015
2026-05-13 22:24:00+00:00,Mock tweet 1380,-0.06879345452456342
2026-05-13 22:35:00+00:00,Mock tweet 1381,0.7179975647651313
2026-05-13 22:36:00+00:00,Mock tweet 1382,0.2001241783680805
2026-05-13 22:40:00+00:00,Mock tweet 1383,0.8573460463947917
2026-05-13 22:41:00+00:00,Mock tweet 1384,-0.3081265652660756
2026-05-13 22:44:00+00:00,Mock tweet 1385,0.8170130745243129
2026-05-13 22:51:00+00:00,Mock tweet 1386,0.3299420046116781
2026-05-13 22:53:00+00:00,Mock tweet 1387,-0.42630436473354294
2026-05-13 22:58:00+00:00,Mock tweet 1388,0.019073242920599975
2026-05-13 23:08:00+00:00,Mock tweet 1389,-0.6520190171277949
2026-05-13 23:11:00+00:00,Mock tweet 1390,0.057764726436434044
2026-05-13 23:12:00+00:00,Mock tweet 1391,0.6268291427860473
2026-05-13 23:12:00+00:00,Mock tweet 1392,0.09685818923858625
2026-05-13 23:17:00+00:00,Mock tweet 1393,-0.06598928064519494
2026-05-13 23:17:00+00:00,Mock tweet 1394,-0.21318631049828451
2026-05-13 23:18:00+00:00,Mock tweet 1395,0.8775297190150082
2026-05-13 23:18:00+00:00,Mock tweet 1396,0.2583585380846094
2026-05-13 23:26:00+00:00,Mock tweet 1397,0.045030578164466206
2026-05-13 23:26:00+00:00,Mock tweet 1398,-0.9015816564248147
2026-05-13 23:30:00+00:00,Mock tweet 1399,-0.6153749155076376
2026-05-13 23:37:00+00:00,Mock tweet 1400,-0.611769134944516
2026-05-13 23:37:00+00:00,Mock tweet 1401,0.7002435998185923
2026-05-13 23:44:00+00:00,Mock tweet 1402,-0.7287480189750479
2026-05-13 23:44:00+00:00,Mock tweet 1403,-0.4904887454833853
2026-05-13 23:52:00+00:00,Mock tweet 1404,-0.9261844788846847
2026-05-13 23:56:00+00:00,Mock tweet 1405,-0.12343920296601807
2026-05-13 23:59:00+00:00,Mock tweet 1406,0.27035598549391104
2026-05-14 00:00:00+00:00,Mock tweet 1407,-0.9192420317594183
2026-05-14 00:00:00+00:00,Mock tweet 1408,-0.9254487233695188
2026-05-14 00:02:00+00:00,Mock tweet 1409,0.09038323997870035
2026-05-14 00:07:00+00:00,Mock tweet 1410,0.4670138674528024
2026-05-14 00:08:00+00:00,Mock tweet 1411,7.697764290981796
2026-05-14 00:10:00+00:00,Mock tweet 1412,0.20546124412230404
2026-05-14 00:11:00+00:00,Mock tweet 1413,-0.8062597995875793
2026-05-14 00:15:00+00:00,Mock tweet 1414,-0.5522847487510572
2026-05-14 00:26:00+00:00,Mock tweet 1415,0.9577436742458469
2026-05-14 00:31:00+00:00,Mock tweet 1416,0.30093136323803793
2026-05-14 00:32:00+00:00,Mock tweet 1417,0.9962191208370448
2026-05-14 00:39:00+00:00,Mock tweet 1418,0.6801301920283316
2026-05-14 00:41:00+00:00,Mock tweet 1419,0.9122873988775204
2026-05-14 00:43:00+00:00,Mock tweet 1420,0.29255034480918485
2026-05-14 00:45:00+00:00,Mock tweet 1421,0.290027392371468
2026-05-14 00:47:00+00:00,Mock tweet 1422,-0.8059705156691928
2026-05-14 00:59:00+00:00,Mock tweet 1423,0.34319829479391095
2026-05-14 00:59:00+00:00,Mock tweet 1424,-0.9484125434353701
2026-05-14 01:01:00+00:00,Mock tweet 1425,0.31599950098302654
2026-05-14 01:08:00+00:00,Mock tweet 1426,0.8073637531797642
2026-05-14 01:29:00+00:00,Mock tweet 1427,-0.43368393258783566
2026-05-14 01:29:00+00:00,Mock tweet 1428,-0.06728977656398993
2026-05-14 01:31:00+00:00,Mock tweet 1429,0.3566503105769603
2026-05-14 01:40:00+00:00,Mock tweet 1430,0.252865479481744
2026-05-14 01:41:00+00:00,Mock tweet 1431,0.33180155578862136
2026-05-14 02:07:00+00:00,Mock tweet 1432,0.7239245179088676
2026-05-14 02:09:00+00:00,Mock tweet 1433,0.6413298329849553
2026-05-14 02:11:00+00:00,Mock tweet 1434,-0.6774035512034318
2026-05-14 02:22:00+00:00,Mock tweet 1435,-0.38577570953869533
2026-05-14 02:31:00+00:00,Mock tweet 1436,-0.37660680633675514
2026-05-14 02:35:00+00:00,Mock tweet 1437,0.491065694813545
2026-05-14 02:35:00+00:00,Mock tweet 1438,0.14449375534103437
2026-05-14 02:40:00+00:00,Mock tweet 1439,0.6570062142615469
2026-05-14 02:40:00+00:00,Mock tweet 1440,0.9445808032635745
2026-05-14 02:41:00+00:00,Mock tweet 1441,-0.15045033526159668
2026-05-14 02:41:00+00:00,Mock tweet 1442,-0.7881758013348894
2026-05-14 02:44:00+00:00,Mock tweet 1443,-0.45438316260806144
2026-05-14 02:45:00+00:00,Mock tweet 1444,-0.06880008721462749
2026-05-14 02:50:00+00:00,Mock tweet 1445,0.49675601011735515
2026-05-14 03:00:00+00:00,Mock tweet 1446,-0.17159996582224313
2026-05-14 03:02:00+00:00,Mock tweet 1447,-0.17861025240468975
2026-05-14 03:10:00+00:00,Mock tweet 1448,-0.9152507497547999
2026-05-14 03:11:00+00:00,Mock tweet 1449,-0.15370114648573896
2026-05-14 03:13:00+00:00,Mock tweet 1450,-0.48934869347969
2026-05-14 03:14:00+00:00,Mock tweet 1451,0.19210019663562372
2026-05-14 03:15:00+00:00,Mock tweet 1452,-0.3595883798878379
2026-05-14 03:41:00+00:00,Mock tweet 1453,-0.7735250843040682
2026-05-14 03:42:00+00:00,Mock tweet 1454,0.4531429600341599
2026-05-14 03:42:00+00:00,Mock tweet 1455,0.4840490960681145
2026-05-14 03:44:00+00:00,Mock tweet 1456,0.46388279039969293
2026-05-14 03:48:00+00:00,Mock tweet 1457,0.30117222164389434
2026-05-14 03:52:00+00:00,Mock tweet 1458,0.5405949582862775
2026-05-14 03:57:00+00:00,Mock tweet 1459,-0.23216255342397596
2026-05-14 04:05:00+00:00,Mock tweet 1460,0.534401777099629
2026-05-14 04:08:00+00:00,Mock tweet 1461,-0.19362567377677697
2026-05-14 04:08:00+00:00,Mock tweet 1462,0.4659879001725926
2026-05-14 04:43:00+00:00,Mock tweet 1463,-0.748401486018504
2026-05-14 04:43:00+00:00,Mock tweet 1464,-0.8657073223189651
2026-05-14 04:52:00+00:00,Mock tweet 1465,0.4674001614513512
2026-05-14 04:54:00+00:00,Mock tweet 1466,0.6685323291710403
2026-05-14 05:00:00+00:00,Mock tweet 1467,0.4824013259737072
2026-05-14 05:03:00+00:00,Mock tweet 1468,0.2552671953928354
2026-05-14 05:09:00+00:00,Mock tweet 1469,0.7383902979394854
2026-05-14 05:12:00+00:00,Mock tweet 1470,0.4476786800282224
2026-05-14 05:13:00+00:00,Mock tweet 1471,0.7786942682778912
2026-05-14 05:15:00+00:00,Mock tweet 1472,0.25339790792550465
2026-05-14 05:31:00+00:00,Mock tweet 1473,0.6341764488997561
2026-05-14 05:33:00+00:00,Mock tweet 1474,-0.607132600853183
2026-05-14 05:34:00+00:00,Mock tweet 1475,-0.9677934968033393
2026-05-14 05:37:00+00:00,Mock tweet 1476,0.5893606411447345
2026-05-14 05:40:00+00:00,Mock tweet 1477,0.799218290636653
2026-05-14 05:43:00+00:00,Mock tweet 1478,0.015606656108349881
2026-05-14 05:48:00+00:00,Mock tweet 1479,-0.6403263650499451
2026-05-14 05:48:00+00:00,Mock tweet 1480,-0.8660980747444522
2026-05-14 05:49:00+00:00,Mock tweet 1481,0.7789382428211913
2026-05-14 05:49:00+00:00,Mock tweet 1482,0.6389929629485449
2026-05-14 05:55:00+00:00,Mock tweet 1483,-0.14131280566629423
2026-05-14 05:55:00+00:00,Mock tweet 1484,0.006361837497798284
2026-05-14 06:00:00+00:00,Mock tweet 1485,0.5646190184688651
2026-05-14 06:01:00+00:00,Mock tweet 1486,0.43153861502390756
2026-05-14 06:01:00+00:00,Mock tweet 1487,-0.2708140770832945
2026-05-14 06:02:00+00:00,Mock tweet 1488,0.9746017971457703
2026-05-14 06:14:00+00:00,Mock tweet 1489,-0.4534080723765397
2026-05-14 06:19:00+00:00,Mock tweet 1490,-0.39084151318426374
2026-05-14 06:21:00+00:00,Mock tweet 1491,-0.4153778258916141
2026-05-14 06:25:00+00:00,Mock tweet 1492,0.31241002938004314
2026-05-14 06:29:00+00:00,Mock tweet 1493,-0.5357213313048972
2026-05-14 06:32:00+00:00,Mock tweet 1494,0.5893058923138665
2026-05-14 06:38:00+00:00,Mock tweet 1495,0.8003721184547856
2026-05-14 06:39:00+00:00,Mock tweet 1496,-0.5892167515868336
2026-05-14 06:48:00+00:00,Mock tweet 1497,-0.5339154228768206
2026-05-14 07:00:00+00:00,Mock tweet 1498,-0.7897469016626617
2026-05-14 07:01:00+00:00,Mock tweet 1499,0.04946491232370298
2026-05-14 07:03:00+00:00,Mock tweet 1500,-0.5780667628727953
2026-05-14 07:06:00+00:00,Mock tweet 1501,0.4839022026582511
2026-05-14 07:10:00+00:00,Mock tweet 1502,0.9026642082783076
2026-05-14 07:12:00+00:00,Mock tweet 1503,-0.14938948183572842
2026-05-14 07:15:00+00:00,Mock tweet 1504,-0.8514177909497216
2026-05-14 07:27:00+00:00,Mock tweet 1505,0.2302575338920685
2026-05-14 07:31:00+00:00,Mock tweet 1506,0.3261278864157111
2026-05-14 07:33:00+00:00,Mock tweet 1507,0.7476071770673407
2026-05-14 07:36:00+00:00,Mock tweet 1508,0.45640854487472526
2026-05-14 07:38:00+00:00,Mock tweet 1509,-0.8196679248554657
2026-05-14 07:39:00+00:00,Mock tweet 1510,-0.7245424475499012
2026-05-14 07:41:00+00:00,Mock tweet 1511,-0.5711737996190143
2026-05-14 07:41:00+00:00,Mock tweet 1512,0.7917730853623655
2026-05-14 07:44:00+00:00,Mock tweet 1513,0.9833760540414094
2026-05-14 07:45:00+00:00,Mock tweet 1514,0.7723498753986802
2026-05-14 07:47:00+00:00,Mock tweet 1515,-0.5631657799628849
2026-05-14 07:49:00+00:00,Mock tweet 1516,-0.625831591495086
2026-05-14 07:55:00+00:00,Mock tweet 1517,0.16447697831634178
2026-05-14 07:55:00+00:00,Mock tweet 1518,-0.05368500572405521
2026-05-14 07:57:00+00:00,Mock tweet 1519,-0.32801652816155547
2026-05-14 07:57:00+00:00,Mock tweet 1520,-0.630799916747629
2026-05-14 08:00:00+00:00,Mock tweet 1521,-0.4367336248849423
2026-05-14 08:01:00+00:00,Mock tweet 1522,0.44390451983811974
2026-05-14 08:03:00+00:00,Mock tweet 1523,-0.13471997020314208
2026-05-14 08:10:00+00:00,Mock tweet 1524,0.7207520628074813
2026-05-14 08:16:00+00:00,Mock tweet 1525,-0.6736289566233435
2026-05-14 08:17:00+00:00,Mock tweet 1526,0.8565871765327817
2026-05-14 08:24:00+00:00,Mock tweet 1527,0.22315734588257485
2026-05-14 08:25:00+00:00,Mock tweet 1528,0.0687079368482435
2026-05-14 08:31:00+00:00,Mock tweet 1529,0.24867988854519152
2026-05-14 08:32:00+00:00,Mock tweet 1530,-0.5558464058808665
2026-05-14 08:33:00+00:00,Mock tweet 1531,0.2998946214332303
2026-05-14 08:59:00+00:00,Mock tweet 1532,-0.733478752500442
2026-05-14 09:00:00+00:00,Mock tweet 1533,0.9115415257801138
2026-05-14 09:03:00+00:00,Mock tweet 1534,-0.06954835890439837
2026-05-14 09:07:00+00:00,Mock tweet 1535,0.9910467569815165
2026-05-14 09:08:00+00:00,Mock tweet 1536,-0.9429039749692396
2026-05-14 09:08:00+00:00,Mock tweet 1537,-0.16949379331067638
2026-05-14 09:09:00+00:00,Mock tweet 1538,-0.3764417705189771
2026-05-14 09:10:00+00:00,Mock tweet 1539,-0.6113553439573358
2026-05-14 09:19:00+00:00,Mock tweet 1540,0.3104268627347804
2026-05-14 09:27:00+00:00,Mock tweet 1541,0.5969974661185031
2026-05-14 09:30:00+00:00,Mock tweet 1542,-0.1582553365262105
2026-05-14 09:31:00+00:00,Mock tweet 1543,0.3563789596660778
2026-05-14 09:33:00+00:00,Mock tweet 1544,6.300018981070658
2026-05-14 09:35:00+00:00,Mock tweet 1545,-0.565143756132882
2026-05-14 09:38:00+00:00,Mock tweet 1546,0.605474748547681
2026-05-14 09:42:00+00:00,Mock tweet 1547,-0.3528352695981378
2026-05-14 09:43:00+00:00,Mock tweet 1548,-0.7239329285154137
2026-05-14 09:56:00+00:00,Mock tweet 1549,-0.1193451057001571
2026-05-14 09:59:00+00:00,Mock tweet 1550,0.14956760722723028
2026-05-14 10:00:00+00:00,Mock tweet 1551,-0.7658049040223174
2026-05-14 10:02:00+00:00,Mock tweet 1552,-0.28841285211128276
2026-05-14 10:11:00+00:00,Mock tweet 1553,0.622431323535092
2026-05-14 10:27:00+00:00,Mock tweet 1554,0.8349497306025715
2026-05-14 10:29:00+00:00,Mock tweet 1555,0.3508614634834577
2026-05-14 10:34:00+00:00,Mock tweet 1556,0.2114836209406965
2026-05-14 10:37:00+00:00,Mock tweet 1557,-0.20516067449973518
2026-05-14 10:39:00+00:00,Mock tweet 1558,-0.22461016679701462
2026-05-14 10:39:00+00:00,Mock tweet 1559,-0.7304869688290809
2026-05-14 10:45:00+00:00,Mock tweet 1560,0.984716828143452
2026-05-14 11:01:00+00:00,Mock tweet 1561,0.6739748253132001
2026-05-14 11:02:00+00:00,Mock tweet 1562,-0.0660376537595242
2026-05-14 11:12:00+00:00,Mock tweet 1563,-0.9193681184541316
2026-05-14 11:17:00+00:00,Mock tweet 1564,-0.48492243406788815
2026-05-14 11:20:00+00:00,Mock tweet 1565,0.4952055123272474
2026-05-14 11:25:00+00:00,Mock tweet 1566,-0.016145001576240325
2026-05-14 11:27:00+00:00,Mock tweet 1567,-0.5793825428019892
2026-05-14 11:28:00+00:00,Mock tweet 1568,-0.43360920691629024
2026-05-14 11:29:00+00:00,Mock tweet 1569,0.8939135969317087
2026-05-14 11:39:00+00:00,Mock tweet 1570,-0.44244467951192834
2026-05-14 11:41:00+00:00,Mock tweet 1571,0.023199381781647155
2026-05-14 11:42:00+00:00,Mock tweet 1572,0.8054994850837791
2026-05-14 11:43:00+00:00,Mock tweet 1573,0.9426081482992335
2026-05-14 11:47:00+00:00,Mock tweet 1574,-0.7798454438955353
2026-05-14 11:49:00+00:00,Mock tweet 1575,-0.897858896720577
2026-05-14 11:49:00+00:00,Mock tweet 1576,0.3613136368556178
2026-05-14 11:52:00+00:00,Mock tweet 1577,-0.3240440311055717
2026-05-14 11:52:00+00:00,Mock tweet 1578,0.7442730497073797
2026-05-14 12:00:00+00:00,Mock tweet 1579,0.4972959347660011
2026-05-14 12:02:00+00:00,Mock tweet 1580,0.14409036962965693
2026-05-14 12:05:00+00:00,Mock tweet 1581,-0.03621523037671337
2026-05-14 12:11:00+00:00,Mock tweet 1582,-0.4775863455833447
2026-05-14 12:13:00+00:00,Mock tweet 1583,-0.21916281559681305
2026-05-14 12:17:00+00:00,Mock tweet 1584,-0.8052046610681605
2026-05-14 12:21:00+00:00,Mock tweet 1585,-0.06459800099607471
2026-05-14 12:22:00+00:00,Mock tweet 1586,-0.1721586816321079
2026-05-14 12:23:00+00:00,Mock tweet 1587,-0.5411675580014939
2026-05-14 12:27:00+00:00,Mock tweet 1588,-0.9006237018141803
2026-05-14 12:29:00+00:00,Mock tweet 1589,-0.4679604698521882
2026-05-14 12:30:00+00:00,Mock tweet 1590,0.1168722953521808
2026-05-14 12:33:00+00:00,Mock tweet 1591,-0.6100933429338204
2026-05-14 12:33:00+00:00,Mock tweet 1592,0.7228079338197335
2026-05-14 12:42:00+00:00,Mock tweet 1593,0.3573410574425526
2026-05-14 12:47:00+00:00,Mock tweet 1594,0.3206022166447382
2026-05-14 12:49:00+00:00,Mock tweet 1595,0.09477092253163244
2026-05-14 12:54:00+00:00,Mock tweet 1596,0.4553204681056078
2026-05-14 12:58:00+00:00,Mock tweet 1597,-0.0322742251477246
2026-05-14 13:00:00+00:00,Mock tweet 1598,0.7467905364306116
2026-05-14 13:02:00+00:00,Mock tweet 1599,0.582751010422254
2026-05-14 13:17:00+00:00,Mock tweet 1600,-0.7005667110900768
2026-05-14 13:19:00+00:00,Mock tweet 1601,0.08950226235158731
2026-05-14 13:20:00+00:00,Mock tweet 1602,-0.4231344769888403
2026-05-14 13:20:00+00:00,Mock tweet 1603,-0.9424662801479327
2026-05-14 13:28:00+00:00,Mock tweet 1604,-0.30847244579104593
2026-05-14 13:31:00+00:00,Mock tweet 1605,-0.226568923719346
2026-05-14 13:45:00+00:00,Mock tweet 1606,-0.19028624691621698
2026-05-14 13:49:00+00:00,Mock tweet 1607,-0.6960314350836341
2026-05-14 13:55:00+00:00,Mock tweet 1608,-0.9337114365559132
2026-05-14 13:59:00+00:00,Mock tweet 1609,-0.21145273159719302
2026-05-14 14:04:00+00:00,Mock tweet 1610,0.5098603079491344
2026-05-14 14:16:00+00:00,Mock tweet 1611,-0.10298574534205907
2026-05-14 14:18:00+00:00,Mock tweet 1612,-0.8576294020287758
2026-05-14 14:32:00+00:00,Mock tweet 1613,0.9691004529652771
2026-05-14 14:34:00+00:00,Mock tweet 1614,0.7988496738004998
2026-05-14 14:38:00+00:00,Mock tweet 1615,0.1947114781573216
2026-05-14 14:39:00+00:00,Mock tweet 1616,-0.9466464102306902
2026-05-14 14:40:00+00:00,Mock tweet 1617,-0.5723909359305626
2026-05-14 14:48:00+00:00,Mock tweet 1618,-0.919103365261277
2026-05-14 15:16:00+00:00,Mock tweet 1619,0.6749248988319059
2026-05-14 15:18:00+00:00,Mock tweet 1620,-0.4419713083832284
2026-05-14 15:19:00+00:00,Mock tweet 1621,-0.04611218040746201
2026-05-14 15:20:00+00:00,Mock tweet 1622,0.9034925166593009
2026-05-14 15:21:00+00:00,Mock tweet 1623,0.6702503556592134
2026-05-14 15:22:00+00:00,Mock tweet 1624,0.44420373647517786
2026-05-14 15:24:00+00:00,Mock tweet 1625,-0.7789503304591874
2026-05-14 15:24:00+00:00,Mock tweet 1626,0.8122090559465132
2026-05-14 15:26:00+00:00,Mock tweet 1627,-0.22541440302650684
2026-05-14 15:28:00+00:00,Mock tweet 1628,-0.11079809547231001
2026-05-14 15:30:00+00:00,Mock tweet 1629,-0.27332783004246863
2026-05-14 15:30:00+00:00,Mock tweet 1630,0.5771290698287155
2026-05-14 15:30:00+00:00,Mock tweet 1631,-0.7042507304094285
2026-05-14 15:35:00+00:00,Mock tweet 1632,-0.3347194656071235
2026-05-14 15:39:00+00:00,Mock tweet 1633,-0.3070289538390396
2026-05-14 15:52:00+00:00,Mock tweet 1634,-0.41400328051827295
2026-05-14 15:53:00+00:00,Mock tweet 1635,-0.5566900662422982
2026-05-14 15:53:00+00:00,Mock tweet 1636,-0.8053292117624566
2026-05-14 15:57:00+00:00,Mock tweet 1637,0.5008472827627197
2026-05-14 16:00:00+00:00,Mock tweet 1638,-0.562387799726862
2026-05-14 16:12:00+00:00,Mock tweet 1639,0.5950262751447895
2026-05-14 16:14:00+00:00,Mock tweet 1640,0.7653835320966991
2026-05-14 16:45:00+00:00,Mock tweet 1641,-0.38467479091905665
2026-05-14 16:46:00+00:00,Mock tweet 1642,0.7190456586094722
2026-05-14 16:46:00+00:00,Mock tweet 1643,0.07449721864636238
2026-05-14 16:48:00+00:00,Mock tweet 1644,0.35108912555749794
2026-05-14 16:51:00+00:00,Mock tweet 1645,0.9924149273924048
2026-05-14 16:51:00+00:00,Mock tweet 1646,-0.3214581570521482
2026-05-14 17:04:00+00:00,Mock tweet 1647,-0.9982536544872094
2026-05-14 17:08:00+00:00,Mock tweet 1648,0.9237256803994871
2026-05-14 17:08:00+00:00,Mock tweet 1649,-0.5881778763474452
2026-05-14 17:12:00+00:00,Mock tweet 1650,-0.6984680369868859
2026-05-14 17:15:00+00:00,Mock tweet 1651,-0.11211077010452541
2026-05-14 17:17:00+00:00,Mock tweet 1652,0.9192784917280323
2026-05-14 17:17:00+00:00,Mock tweet 1653,0.3177891241676032
2026-05-14 17:28:00+00:00,Mock tweet 1654,0.7067351290927653
2026-05-14 17:41:00+00:00,Mock tweet 1655,0.4852738371021126
2026-05-14 17:50:00+00:00,Mock tweet 1656,-0.2832455201106474
2026-05-14 17:55:00+00:00,Mock tweet 1657,-0.9399268072729916
2026-05-14 17:55:00+00:00,Mock tweet 1658,0.7285739998591323
2026-05-14 17:57:00+00:00,Mock tweet 1659,-0.3724227678316485
2026-05-14 18:01:00+00:00,Mock tweet 1660,0.23286905839576888
2026-05-14 18:01:00+00:00,Mock tweet 1661,-0.8936536869462721
2026-05-14 18:11:00+00:00,Mock tweet 1662,-0.9578111167798944
2026-05-14 18:13:00+00:00,Mock tweet 1663,0.7525536516946294
2026-05-14 18:17:00+00:00,Mock tweet 1664,-0.44392755784233073
2026-05-14 18:19:00+00:00,Mock tweet 1665,0.17635904305584638
2026-05-14 18:34:00+00:00,Mock tweet 1666,-0.5035658049812495
2026-05-14 18:42:00+00:00,Mock tweet 1667,0.7604856387528625
2026-05-14 18:42:00+00:00,Mock tweet 1668,-0.9461275736787789
2026-05-14 18:46:00+00:00,Mock tweet 1669,-0.3669021821719234
2026-05-14 18:47:00+00:00,Mock tweet 1670,-0.16960788603637567
2026-05-14 18:54:00+00:00,Mock tweet 1671,0.7335808830788528
2026-05-14 19:02:00+00:00,Mock tweet 1672,-0.6826265632882298
2026-05-14 19:06:00+00:00,Mock tweet 1673,0.7577000972734123
2026-05-14 19:20:00+00:00,Mock tweet 1674,-0.8963076213613967
2026-05-14 19:30:00+00:00,Mock tweet 1675,-0.43023324073650615
2026-05-14 19:30:00+00:00,Mock tweet 1676,0.31442163881696383
2026-05-14 19:35:00+00:00,Mock tweet 1677,0.8369001110568095
2026-05-14 19:36:00+00:00,Mock tweet 1678,-0.9387758459587083
2026-05-14 19:39:00+00:00,Mock tweet 1679,-0.2388212588390799
2026-05-14 19:40:00+00:00,Mock tweet 1680,0.09446479995487889
2026-05-14 19:41:00+00:00,Mock tweet 1681,0.5542390278324305
2026-05-14 19:41:00+00:00,Mock tweet 1682,0.4580951334653163
2026-05-14 19:41:00+00:00,Mock tweet 1683,-0.6718462714260609
2026-05-14 19:43:00+00:00,Mock tweet 1684,-0.1893447855456194
2026-05-14 19:49:00+00:00,Mock tweet 1685,-0.3297346781361574
2026-05-14 19:53:00+00:00,Mock tweet 1686,0.9211365976458867
2026-05-14 19:54:00+00:00,Mock tweet 1687,0.2871151378290824
2026-05-14 19:56:00+00:00,Mock tweet 1688,0.4676769998253796
2026-05-14 20:05:00+00:00,Mock tweet 1689,-0.6433912687784988
2026-05-14 20:06:00+00:00,Mock tweet 1690,0.9062844816732201
2026-05-14 20:08:00+00:00,Mock tweet 1691,0.9731159605565058
2026-05-14 20:10:00+00:00,Mock tweet 1692,0.2650567220197797
2026-05-14 20:20:00+00:00,Mock tweet 1693,0.5352090336536748
2026-05-14 20:23:00+00:00,Mock tweet 1694,-0.6726844934272305
2026-05-14 20:24:00+00:00,Mock tweet 1695,-0.5548176300165675
2026-05-14 20:26:00+00:00,Mock tweet 1696,0.801939650546829
2026-05-14 20:27:00+00:00,Mock tweet 1697,0.42588328818716237
2026-05-14 20:29:00+00:00,Mock tweet 1698,-0.1787134278060296
2026-05-14 20:32:00+00:00,Mock tweet 1699,-0.37307493732131247
2026-05-14 20:34:00+00:00,Mock tweet 1700,-0.9612276663364936
2026-05-14 20:41:00+00:00,Mock tweet 1701,-0.29072221072198046
2026-05-14 20:44:00+00:00,Mock tweet 1702,0.7690660544183869
2026-05-14 20:50:00+00:00,Mock tweet 1703,-0.4696940785962336
2026-05-14 20:50:00+00:00,Mock tweet 1704,-0.16997723268044118
2026-05-14 20:52:00+00:00,Mock tweet 1705,0.035916856265191255
2026-05-14 20:57:00+00:00,Mock tweet 1706,-0.09677697635059856
2026-05-14 21:05:00+00:00,Mock tweet 1707,-0.39663368954400235
2026-05-14 21:11:00+00:00,Mock tweet 1708,-0.11922011522741371
2026-05-14 21:14:00+00:00,Mock tweet 1709,-0.2992560625257379
2026-05-14 21:18:00+00:00,Mock tweet 1710,0.48191267147544625
2026-05-14 21:24:00+00:00,Mock tweet 1711,-0.5475809405457395
2026-05-14 21:27:00+00:00,Mock tweet 1712,-0.5873710849596265
2026-05-14 21:35:00+00:00,Mock tweet 1713,-0.531380941273274
2026-05-14 21:41:00+00:00,Mock tweet 1714,-0.08628898986439659
2026-05-14 21:43:00+00:00,Mock tweet 1715,0.08761436746082918
2026-05-14 21:47:00+00:00,Mock tweet 1716,0.8917232220828701
2026-05-14 21:49:00+00:00,Mock tweet 1717,-0.6503004561537387
2026-05-14 21:55:00+00:00,Mock tweet 1718,0.0708214183161926
2026-05-14 22:00:00+00:00,Mock tweet 1719,-0.4528400323695987
2026-05-14 22:04:00+00:00,Mock tweet 1720,-0.5931252286052044
2026-05-14 22:08:00+00:00,Mock tweet 1721,-0.21160748447355582
2026-05-14 22:09:00+00:00,Mock tweet 1722,-0.26024469301790343
2026-05-14 22:12:00+00:00,Mock tweet 1723,-0.5059508268311859
2026-05-14 22:12:00+00:00,Mock tweet 1724,-0.7975439817081607
2026-05-14 22:21:00+00:00,Mock tweet 1725,0.6506501537112963
2026-05-14 22:25:00+00:00,Mock tweet 1726,0.3062002741466663
2026-05-14 22:25:00+00:00,Mock tweet 1727,-0.7471959561155717
2026-05-14 22:26:00+00:00,Mock tweet 1728,-0.16302397258471935
2026-05-14 22:28:00+00:00,Mock tweet 1729,0.9540275624020165
2026-05-14 22:29:00+00:00,Mock tweet 1730,-0.730350051577068
2026-05-14 22:31:00+00:00,Mock tweet 1731,0.83436897057376
2026-05-14 22:37:00+00:00,Mock tweet 1732,0.03981930946124823
2026-05-14 22:51:00+00:00,Mock tweet 1733,-0.4684994545732102
2026-05-14 22:55:00+00:00,Mock tweet 1734,-0.17103227159480539
2026-05-14 22:56:00+00:00,Mock tweet 1735,0.6750621456112702
2026-05-14 22:57:00+00:00,Mock tweet 1736,0.6794015701525742
2026-05-14 22:59:00+00:00,Mock tweet 1737,0.2129505707849093
2026-05-14 23:08:00+00:00,Mock tweet 1738,0.4898639395099518
2026-05-14 23:09:00+00:00,Mock tweet 1739,0.3356568888115119
2026-05-14 23:10:00+00:00,Mock tweet 1740,0.7477550307771315
2026-05-14 23:28:00+00:00,Mock tweet 1741,-0.5416510486797803
2026-05-14 23:28:00+00:00,Mock tweet 1742,-0.46213312814665586
2026-05-14 23:32:00+00:00,Mock tweet 1743,-0.11161307481450344
2026-05-14 23:42:00+00:00,Mock tweet 1744,0.06512460124387198
2026-05-14 23:44:00+00:00,Mock tweet 1745,0.0969332839429411
2026-05-14 23:51:00+00:00,Mock tweet 1746,0.08392835455113379
2026-05-14 23:59:00+00:00,Mock tweet 1747,0.4501013935265217
2026-05-15 00:03:00+00:00,Mock tweet 1748,-0.5822847963108788
2026-05-15 00:03:00+00:00,Mock tweet 1749,0.497426411156523
2026-05-15 00:05:00+00:00,Mock tweet 1750,-0.01199703880310432
2026-05-15 00:05:00+00:00,Mock tweet 1751,-0.17808044486573227
2026-05-15 00:10:00+00:00,Mock tweet 1752,-0.20843699202238963
2026-05-15 00:14:00+00:00,Mock tweet 1753,-0.2014758481496428
2026-05-15 00:17:00+00:00,Mock tweet 1754,0.2500126475584754
2026-05-15 00:30:00+00:00,Mock tweet 1755,0.03974423202992727
2026-05-15 00:34:00+00:00,Mock tweet 1756,-0.7289923728905912
2026-05-15 00:35:00+00:00,Mock tweet 1757,-0.38592283930947513
2026-05-15 00:37:00+00:00,Mock tweet 1758,-0.22622877700296695
2026-05-15 00:40:00+00:00,Mock tweet 1759,0.12011834509122998
2026-05-15 00:48:00+00:00,Mock tweet 1760,0.7371356217169955
2026-05-15 00:53:00+00:00,Mock tweet 1761,0.39958718027157203
2026-05-15 00:55:00+00:00,Mock tweet 1762,0.2947667069555606
2026-05-15 00:58:00+00:00,Mock tweet 1763,-0.27662905794662485
2026-05-15 01:04:00+00:00,Mock tweet 1764,0.433596438466785
2026-05-15 01:05:00+00:00,Mock tweet 1765,-0.3354226107709244
2026-05-15 01:13:00+00:00,Mock tweet 1766,-0.686259234904915
2026-05-15 01:16:00+00:00,Mock tweet 1767,-0.8928258773157722
2026-05-15 01:17:00+00:00,Mock tweet 1768,0.8598316355421047
2026-05-15 01:23:00+00:00,Mock tweet 1769,0.8983701050709934
2026-05-15 01:24:00+00:00,Mock tweet 1770,-0.636773682681198
2026-05-15 01:25:00+00:00,Mock tweet 1771,0.9944862357362074
2026-05-15 01:32:00+00:00,Mock tweet 1772,9.515808312232657
2026-05-15 01:34:00+00:00,Mock tweet 1773,0.7047373921249429
2026-05-15 01:37:00+00:00,Mock tweet 1774,0.39927457383838916
2026-05-15 01:38:00+00:00,Mock tweet 1775,-0.7814693502039136
2026-05-15 01:45:00+00:00,Mock tweet 1776,-0.21172784620859963
2026-05-15 01:45:00+00:00,Mock tweet 1777,0.14286569689888218
2026-05-15 01:46:00+00:00,Mock tweet 1778,-0.31127840578040455
2026-05-15 01:48:00+00:00,Mock tweet 1779,0.14808456848491325
2026-05-15 01:58:00+00:00,Mock tweet 1780,0.09645149728709135
2026-05-15 02:03:00+00:00,Mock tweet 1781,-0.17562816787715385
2026-05-15 02:05:00+00:00,Mock tweet 1782,-0.7087259557692118
2026-05-15 02:08:00+00:00,Mock tweet 1783,0.8255509581796183
2026-05-15 02:09:00+00:00,Mock tweet 1784,0.8420285055593113
2026-05-15 02:10:00+00:00,Mock tweet 1785,-0.2616381978594069
2026-05-15 02:24:00+00:00,Mock tweet 1786,0.16987823881479125
2026-05-15 02:25:00+00:00,Mock tweet 1787,-0.6041803987555463
2026-05-15 02:34:00+00:00,Mock tweet 1788,-0.7347160968702386
2026-05-15 02:34:00+00:00,Mock tweet 1789,-0.9505391030380494
2026-05-15 02:36:00+00:00,Mock tweet 1790,-0.49704997282005947
2026-05-15 02:40:00+00:00,Mock tweet 1791,0.34455349169934824
2026-05-15 02:48:00+00:00,Mock tweet 1792,0.38881392379633617
2026-05-15 02:48:00+00:00,Mock tweet 1793,0.3151568415522281
2026-05-15 02:50:00+00:00,Mock tweet 1794,0.3297498954689919
2026-05-15 02:56:00+00:00,Mock tweet 1795,-0.4324443883151514
2026-05-15 02:56:00+00:00,Mock tweet 1796,0.875355448171883
2026-05-15 02:57:00+00:00,Mock tweet 1797,0.8674108082537617
2026-05-15 03:03:00+00:00,Mock tweet 1798,0.21915224186751425
2026-05-15 03:06:00+00:00,Mock tweet 1799,0.40712714968428076
2026-05-15 03:12:00+00:00,Mock tweet 1800,0.9751804672335704
2026-05-15 03:12:00+00:00,Mock tweet 1801,0.15256494309248403
2026-05-15 03:13:00+00:00,Mock tweet 1802,0.23878335689511077
2026-05-15 03:19:00+00:00,Mock tweet 1803,0.9786166870914401
2026-05-15 03:21:00+00:00,Mock tweet 1804,0.729080088928149
2026-05-15 03:23:00+00:00,Mock tweet 1805,-0.8654774852799028
2026-05-15 03:27:00+00:00,Mock tweet 1806,-0.999826254260372
2026-05-15 03:28:00+00:00,Mock tweet 1807,-0.0676650124562348
2026-05-15 03:32:00+00:00,Mock tweet 1808,0.012345476557771518
2026-05-15 03:32:00+00:00,Mock tweet 1809,-0.4062905393265839
2026-05-15 03:33:00+00:00,Mock tweet 1810,-0.7857505485233229
2026-05-15 03:41:00+00:00,Mock tweet 1811,0.9258787439104272
2026-05-15 03:49:00+00:00,Mock tweet 1812,0.5140911598172204
2026-05-15 03:51:00+00:00,Mock tweet 1813,0.12937668065817554
2026-05-15 04:00:00+00:00,Mock tweet 1814,-0.08301730156506726
2026-05-15 04:02:00+00:00,Mock tweet 1815,0.3593649420965448
2026-05-15 04:06:00+00:00,Mock tweet 1816,-0.46933571238828264
2026-05-15 04:12:00+00:00,Mock tweet 1817,0.07199879135704723
2026-05-15 04:14:00+00:00,Mock tweet 1818,-0.20183922620077466
2026-05-15 04:15:00+00:00,Mock tweet 1819,0.14138137273922635
2026-05-15 04:22:00+00:00,Mock tweet 1820,-0.8073282331878624
2026-05-15 04:30:00+00:00,Mock tweet 1821,-0.17960126033340895
2026-05-15 04:41:00+00:00,Mock tweet 1822,0.14310956513162054
2026-05-15 04:43:00+00:00,Mock tweet 1823,-0.610114437572445
2026-05-15 04:46:00+00:00,Mock tweet 1824,-0.9969236345150121
2026-05-15 04:48:00+00:00,Mock tweet 1825,-0.4687717234423874
2026-05-15 04:52:00+00:00,Mock tweet 1826,0.0877349167397532
2026-05-15 05:03:00+00:00,Mock tweet 1827,0.07697368192595655
2026-05-15 05:11:00+00:00,Mock tweet 1828,0.09915399222211496
2026-05-15 05:13:00+00:00,Mock tweet 1829,0.46812871701784275
2026-05-15 05:16:00+00:00,Mock tweet 1830,0.6691493163789122
2026-05-15 05:18:00+00:00,Mock tweet 1831,0.8025105823930689
2026-05-15 05:21:00+00:00,Mock tweet 1832,-0.7276474350658206
2026-05-15 05:22:00+00:00,Mock tweet 1833,-0.05956394213131855
2026-05-15 05:23:00+00:00,Mock tweet 1834,0.33514450183635636
2026-05-15 05:29:00+00:00,Mock tweet 1835,-0.02546421276226063
2026-05-15 05:34:00+00:00,Mock tweet 1836,0.9688426949627329
2026-05-15 05:42:00+00:00,Mock tweet 1837,5.476270620102796
2026-05-15 05:43:00+00:00,Mock tweet 1838,0.8460593298103753
2026-05-15 05:47:00+00:00,Mock tweet 1839,-0.22812643876216687
2026-05-15 05:48:00+00:00,Mock tweet 1840,0.30151183173890495
2026-05-15 05:55:00+00:00,Mock tweet 1841,0.9674816382924181
2026-05-15 06:00:00+00:00,Mock tweet 1842,0.82048127673476
2026-05-15 06:01:00+00:00,Mock tweet 1843,-0.045261095831008014
2026-05-15 06:05:00+00:00,Mock tweet 1844,-0.3964247473352973
2026-05-15 06:06:00+00:00,Mock tweet 1845,0.7050404995240966
2026-05-15 06:11:00+00:00,Mock tweet 1846,0.0750986851853388
2026-05-15 06:23:00+00:00,Mock tweet 1847,-0.42618951031734387
2026-05-15 06:30:00+00:00,Mock tweet 1848,-0.29763556239045363
2026-05-15 06:35:00+00:00,Mock tweet 1849,0.7328121181892597
2026-05-15 06:47:00+00:00,Mock tweet 1850,-0.2612041158743392
2026-05-15 06:48:00+00:00,Mock tweet 1851,-0.6394315631287535
2026-05-15 06:49:00+00:00,Mock tweet 1852,0.2669551505227974
2026-05-15 07:11:00+00:00,Mock tweet 1853,0.44021004596256863
2026-05-15 07:13:00+00:00,Mock tweet 1854,0.8740922704903618
2026-05-15 07:17:00+00:00,Mock tweet 1855,0.015805159213089448
2026-05-15 07:20:00+00:00,Mock tweet 1856,-0.30156371234842094
2026-05-15 07:21:00+00:00,Mock tweet 1857,-0.48243495009539883
2026-05-15 07:22:00+00:00,Mock tweet 1858,0.3846906697690924
2026-05-15 07:26:00+00:00,Mock tweet 1859,0.3964117779196821
2026-05-15 07:28:00+00:00,Mock tweet 1860,-0.6288425996498763
2026-05-15 07:30:00+00:00,Mock tweet 1861,0.14382135756707726
2026-05-15 07:31:00+00:00,Mock tweet 1862,-0.5930610843957225
2026-05-15 07:39:00+00:00,Mock tweet 1863,-0.8756419853623676
2026-05-15 08:07:00+00:00,Mock tweet 1864,-0.9372261073604429
2026-05-15 08:08:00+00:00,Mock tweet 1865,-0.3014939044751952
2026-05-15 08:09:00+00:00,Mock tweet 1866,-0.05442981589189233
2026-05-15 08:13:00+00:00,Mock tweet 1867,0.5728887434137979
2026-05-15 08:24:00+00:00,Mock tweet 1868,9.237876510540978
2026-05-15 08:25:00+00:00,Mock tweet 1869,-0.7877225985736833
2026-05-15 08:26:00+00:00,Mock tweet 1870,0.0695177150409454
2026-05-15 08:28:00+00:00,Mock tweet 1871,-0.08517737335962061
2026-05-15 08:36:00+00:00,Mock tweet 1872,0.5188315539123629
2026-05-15 08:36:00+00:00,Mock tweet 1873,-0.4762463732963742
2026-05-15 08:38:00+00:00,Mock tweet 1874,0.31458538981451234
2026-05-15 08:39:00+00:00,Mock tweet 1875,0.6985182782915567
2026-05-15 08:47:00+00:00,Mock tweet 1876,0.41337128570473447
2026-05-15 08:51:00+00:00,Mock tweet 1877,0.251724968573076
2026-05-15 08:52:00+00:00,Mock tweet 1878,-0.18141656330042233
2026-05-15 08:54:00+00:00,Mock tweet 1879,0.7603921622658143
2026-05-15 08:55:00+00:00,Mock tweet 1880,-0.8868490723987132
2026-05-15 08:56:00+00:00,Mock tweet 1881,0.5854337274333299
2026-05-15 08:57:00+00:00,Mock tweet 1882,-0.9853854199695737
2026-05-15 09:22:00+00:00,Mock tweet 1883,0.05916522802581725
2026-05-15 09:28:00+00:00,Mock tweet 1884,-0.7447213550988669
2026-05-15 09:29:00+00:00,Mock tweet 1885,-0.13679436010663815
2026-05-15 09:34:00+00:00,Mock tweet 1886,-0.6704080312407237
2026-05-15 09:34:00+00:00,Mock tweet 1887,-0.11046680196431646
2026-05-15 09:35:00+00:00,Mock tweet 1888,-0.4055850728145931
2026-05-15 09:36:00+00:00,Mock tweet 1889,-0.5286727792245749
2026-05-15 09:37:00+00:00,Mock tweet 1890,0.28366823419233866
2026-05-15 09:39:00+00:00,Mock tweet 1891,0.35652061052394957
2026-05-15 09:45:00+00:00,Mock tweet 1892,0.24463757705959854
2026-05-15 09:53:00+00:00,Mock tweet 1893,-0.11811788181874538
2026-05-15 09:54:00+00:00,Mock tweet 1894,-0.21187536170410537
2026-05-15 09:59:00+00:00,Mock tweet 1895,0.727041282392201
2026-05-15 10:01:00+00:00,Mock tweet 1896,0.1282628151374201
2026-05-15 10:02:00+00:00,Mock tweet 1897,0.9119474735544422
2026-05-15 10:05:00+00:00,Mock tweet 1898,-0.9189832467855861
2026-05-15 10:11:00+00:00,Mock tweet 1899,0.7218301031846126
2026-05-15 10:12:00+00:00,Mock tweet 1900,-0.11997070920047026
2026-05-15 10:12:00+00:00,Mock tweet 1901,0.8915206005704392
2026-05-15 10:28:00+00:00,Mock tweet 1902,-0.37302052397252417
2026-05-15 10:32:00+00:00,Mock tweet 1903,-0.7581059609357594
2026-05-15 10:33:00+00:00,Mock tweet 1904,-0.39909532007744786
2026-05-15 10:42:00+00:00,Mock tweet 1905,0.15127660384014807
2026-05-15 10:48:00+00:00,Mock tweet 1906,-0.6248339810190724
2026-05-15 10:49:00+00:00,Mock tweet 1907,-0.9095259647061091
2026-05-15 10:52:00+00:00,Mock tweet 1908,0.851215819243565
2026-05-15 10:57:00+00:00,Mock tweet 1909,0.904563260867862
2026-05-15 10:57:00+00:00,Mock tweet 1910,0.5353962603919911
2026-05-15 11:01:00+00:00,Mock tweet 1911,0.3476557350774454
2026-05-15 11:04:00+00:00,Mock tweet 1912,-0.4887874788999984
2026-05-15 11:14:00+00:00,Mock tweet 1913,-0.8453824389873723
2026-05-15 11:18:00+00:00,Mock tweet 1914,0.5423446942671815
2026-05-15 11:23:00+00:00,Mock tweet 1915,-0.21961096864132545
2026-05-15 11:24:00+00:00,Mock tweet 1916,-0.4323287811738308
2026-05-15 11:38:00+00:00,Mock tweet 1917,-0.8304334015506478
2026-05-15 11:40:00+00:00,Mock tweet 1918,0.5458824873326396
2026-05-15 11:41:00+00:00,Mock tweet 1919,-0.39053069434673926
2026-05-15 11:42:00+00:00,Mock tweet 1920,0.7000608153660797
2026-05-15 11:50:00+00:00,Mock tweet 1921,0.5843030509845517
2026-05-15 11:52:00+00:00,Mock tweet 1922,0.7853987996111644
2026-05-15 12:00:00+00:00,Mock tweet 1923,-0.7610297437585629
2026-05-15 12:00:00+00:00,Mock tweet 1924,0.21034151686518543
2026-05-15 12:09:00+00:00,Mock tweet 1925,-0.49850777984729566
2026-05-15 12:15:00+00:00,Mock tweet 1926,0.1924509979224538
2026-05-15 12:19:00+00:00,Mock tweet 1927,-0.2336451602893619
2026-05-15 12:33:00+00:00,Mock tweet 1928,-0.26157531130387435
2026-05-15 12:34:00+00:00,Mock tweet 1929,-0.8242363324385216
2026-05-15 12:35:00+00:00,Mock tweet 1930,-0.050037437799786755
2026-05-15 12:36:00+00:00,Mock tweet 1931,0.427934844908026
2026-05-15 12:41:00+00:00,Mock tweet 1932,-0.941276091752286
2026-05-15 12:54:00+00:00,Mock tweet 1933,0.7808997903783279
2026-05-15 12:55:00+00:00,Mock tweet 1934,-0.03430085304437247
2026-05-15 13:00:00+00:00,Mock tweet 1935,0.6632079480188791
2026-05-15 13:01:00+00:00,Mock tweet 1936,-0.8564901760213324
2026-05-15 13:02:00+00:00,Mock tweet 1937,0.9418982581060205
2026-05-15 13:03:00+00:00,Mock tweet 1938,-0.7976506941032815
2026-05-15 13:04:00+00:00,Mock tweet 1939,0.7591330934848268
2026-05-15 13:10:00+00:00,Mock tweet 1940,0.9949246913512138
2026-05-15 13:14:00+00:00,Mock tweet 1941,0.733725535125618
2026-05-15 13:22:00+00:00,Mock tweet 1942,-0.9770586971575872
2026-05-15 13:26:00+00:00,Mock tweet 1943,0.31905885023284575
2026-05-15 13:28:00+00:00,Mock tweet 1944,0.09407182151089066
2026-05-15 13:33:00+00:00,Mock tweet 1945,-0.389209667387695
2026-05-15 13:41:00+00:00,Mock tweet 1946,0.3510610861237018
2026-05-15 13:44:00+00:00,Mock tweet 1947,0.719299994980148
2026-05-15 13:45:00+00:00,Mock tweet 1948,-0.8564147025815094
2026-05-15 13:48:00+00:00,Mock tweet 1949,0.29926232339756864
2026-05-15 13:51:00+00:00,Mock tweet 1950,-0.47656852101900204
2026-05-15 13:56:00+00:00,Mock tweet 1951,0.2277906831137202
2026-05-15 13:56:00+00:00,Mock tweet 1952,0.318425167227647
2026-05-15 14:10:00+00:00,Mock tweet 1953,0.9599481274766994
2026-05-15 14:17:00+00:00,Mock tweet 1954,0.992585793160448
2026-05-15 14:24:00+00:00,Mock tweet 1955,0.7456707842333552
2026-05-15 14:26:00+00:00,Mock tweet 1956,0.09391937288150642
2026-05-15 14:27:00+00:00,Mock tweet 1957,0.07190161695399389
2026-05-15 14:29:00+00:00,Mock tweet 1958,0.20270480622729425
2026-05-15 14:30:00+00:00,Mock tweet 1959,-0.29036877950583384
2026-05-15 14:30:00+00:00,Mock tweet 1960,0.032458354039672566
2026-05-15 14:34:00+00:00,Mock tweet 1961,-0.43319347757382887
2026-05-15 14:35:00+00:00,Mock tweet 1962,-0.016676296557333492
2026-05-15 14:37:00+00:00,Mock tweet 1963,-0.8980264848303636
2026-05-15 14:41:00+00:00,Mock tweet 1964,0.38444030407059104
2026-05-15 14:46:00+00:00,Mock tweet 1965,0.3796075557068197
2026-05-15 14:57:00+00:00,Mock tweet 1966,-0.5301657988532846
2026-05-15 15:02:00+00:00,Mock tweet 1967,-0.03928310663149781
2026-05-15 15:04:00+00:00,Mock tweet 1968,0.06712514802246017
2026-05-15 15:05:00+00:00,Mock tweet 1969,0.37650286659950094
2026-05-15 15:06:00+00:00,Mock tweet 1970,0.7710313345203306
2026-05-15 15:17:00+00:00,Mock tweet 1971,-0.56631354783011
2026-05-15 15:23:00+00:00,Mock tweet 1972,0.2830336356376062
2026-05-15 15:25:00+00:00,Mock tweet 1973,0.7827225706827123
2026-05-15 15:26:00+00:00,Mock tweet 1974,0.22426534086574845
2026-05-15 15:28:00+00:00,Mock tweet 1975,-0.6656312381464795
2026-05-15 15:31:00+00:00,Mock tweet 1976,0.3815623482807513
2026-05-15 15:48:00+00:00,Mock tweet 1977,0.9728423081591571
2026-05-15 16:01:00+00:00,Mock tweet 1978,0.7106712161628099
2026-05-15 16:02:00+00:00,Mock tweet 1979,0.6996059698081525
2026-05-15 16:15:00+00:00,Mock tweet 1980,0.09808263417299434
2026-05-15 16:20:00+00:00,Mock tweet 1981,-0.544557035290562
2026-05-15 16:24:00+00:00,Mock tweet 1982,0.4296510640214062
2026-05-15 16:31:00+00:00,Mock tweet 1983,-0.7958596311003494
2026-05-15 16:33:00+00:00,Mock tweet 1984,-0.967331791998183
2026-05-15 16:42:00+00:00,Mock tweet 1985,-0.703650228424682
2026-05-15 16:43:00+00:00,Mock tweet 1986,0.2756674484469488
2026-05-15 16:46:00+00:00,Mock tweet 1987,0.7766659358230146
2026-05-15 16:48:00+00:00,Mock tweet 1988,0.7613543477082125
2026-05-15 16:49:00+00:00,Mock tweet 1989,0.5598306134617383
2026-05-15 16:55:00+00:00,Mock tweet 1990,-0.43223261607447827
2026-05-15 17:00:00+00:00,Mock tweet 1991,0.2912008487347739
2026-05-15 17:02:00+00:00,Mock tweet 1992,-0.1947206668285162
2026-05-15 17:04:00+00:00,Mock tweet 1993,0.9378619128737942
2026-05-15 17:04:00+00:00,Mock tweet 1994,0.9534280793043541
2026-05-15 17:07:00+00:00,Mock tweet 1995,-0.5584234219396893
2026-05-15 17:10:00+00:00,Mock tweet 1996,-0.6884360588742287
2026-05-15 17:13:00+00:00,Mock tweet 1997,0.2918379083628264
2026-05-15 17:19:00+00:00,Mock tweet 1998,-0.061652150187636146
2026-05-15 17:30:00+00:00,Mock tweet 1999,-0.1886139139232632
2026-05-15 17:33:00+00:00,Mock tweet 2000,0.8190640765790516
2026-05-15 17:38:00+00:00,Mock tweet 2001,0.8358802352323811
2026-05-15 17:40:00+00:00,Mock tweet 2002,0.44948926731180494
2026-05-15 17:41:00+00:00,Mock tweet 2003,0.7840351215737256
2026-05-15 18:02:00+00:00,Mock tweet 2004,-0.6632443931889809
2026-05-15 18:04:00+00:00,Mock tweet 2005,0.15212550907045963
2026-05-15 18:12:00+00:00,Mock tweet 2006,0.7340706324551938
2026-05-15 18:19:00+00:00,Mock tweet 2007,0.26093467151791505
2026-05-15 18:23:00+00:00,Mock tweet 2008,0.3897282900753096
2026-05-15 18:29:00+00:00,Mock tweet 2009,0.33050376430664885
2026-05-15 18:34:00+00:00,Mock tweet 2010,-0.5390585987906331
2026-05-15 18:41:00+00:00,Mock tweet 2011,0.9934293197484141
2026-05-15 18:49:00+00:00,Mock tweet 2012,0.4675795196546193
2026-05-15 18:52:00+00:00,Mock tweet 2013,-0.6520354313009076
2026-05-15 18:52:00+00:00,Mock tweet 2014,-0.6469033459684772
2026-05-15 18:56:00+00:00,Mock tweet 2015,-0.04001961561912193
2026-05-15 18:59:00+00:00,Mock tweet 2016,-0.7651114329582263
2026-05-15 19:04:00+00:00,Mock tweet 2017,0.05342265578623939
2026-05-15 19:09:00+00:00,Mock tweet 2018,-0.23151186544517421
2026-05-15 19:12:00+00:00,Mock tweet 2019,-0.5784337600130756
2026-05-15 19:13:00+00:00,Mock tweet 2020,-0.9229262142827297
2026-05-15 19:18:00+00:00,Mock tweet 2021,-0.8193226800559337
2026-05-15 19:20:00+00:00,Mock tweet 2022,0.32479144812331384
2026-05-15 19:22:00+00:00,Mock tweet 2023,-0.9049159126355188
2026-05-15 19:31:00+00:00,Mock tweet 2024,-0.1460875573151028
2026-05-15 19:33:00+00:00,Mock tweet 2025,0.8021366746885505
2026-05-15 19:35:00+00:00,Mock tweet 2026,-0.6842608535582551
2026-05-15 19:36:00+00:00,Mock tweet 2027,-0.4140704113929865
2026-05-15 19:43:00+00:00,Mock tweet 2028,0.46584892167975056
2026-05-15 19:55:00+00:00,Mock tweet 2029,0.32533065017667195
2026-05-15 20:00:00+00:00,Mock tweet 2030,0.8798484224118133
2026-05-15 20:03:00+00:00,Mock tweet 2031,-0.12473346295062315
2026-05-15 20:06:00+00:00,Mock tweet 2032,0.9582326603726461
2026-05-15 20:07:00+00:00,Mock tweet 2033,0.4965229257744954
2026-05-15 20:08:00+00:00,Mock tweet 2034,-0.04182505156285066
2026-05-15 20:13:00+00:00,Mock tweet 2035,-0.11829933233752987
2026-05-15 20:17:00+00:00,Mock tweet 2036,0.9770918202227103
2026-05-15 20:19:00+00:00,Mock tweet 2037,-0.6168249398961501
2026-05-15 20:24:00+00:00,Mock tweet 2038,-0.6874833426028968
2026-05-15 20:26:00+00:00,Mock tweet 2039,0.963991801497893
2026-05-15 20:27:00+00:00,Mock tweet 2040,0.751660489974852
2026-05-15 20:30:00+00:00,Mock tweet 2041,-0.15775148856370125
2026-05-15 20:43:00+00:00,Mock tweet 2042,0.2664373915343272
2026-05-15 20:45:00+00:00,Mock tweet 2043,-0.8284807150441034
2026-05-15 20:52:00+00:00,Mock tweet 2044,-0.4408715845239457
2026-05-15 21:01:00+00:00,Mock tweet 2045,-0.4850356211213185
2026-05-15 21:09:00+00:00,Mock tweet 2046,-0.20762558602298786
2026-05-15 21:09:00+00:00,Mock tweet 2047,-0.26327808054648405
2026-05-15 21:10:00+00:00,Mock tweet 2048,0.2890884707117467
2026-05-15 21:12:00+00:00,Mock tweet 2049,-0.43496736569994776
2026-05-15 21:14:00+00:00,Mock tweet 2050,-0.7204882645361215
2026-05-15 21:16:00+00:00,Mock tweet 2051,-0.14607887878092707
2026-05-15 21:20:00+00:00,Mock tweet 2052,-0.4999943959438333
2026-05-15 21:22:00+00:00,Mock tweet 2053,0.18645824949327183
2026-05-15 21:24:00+00:00,Mock tweet 2054,-0.3885292286291284
2026-05-15 21:25:00+00:00,Mock tweet 2055,-0.9975871588399943
2026-05-15 21:25:00+00:00,Mock tweet 2056,0.9285406386327331
2026-05-15 21:25:00+00:00,Mock tweet 2057,-0.3206897839315195
2026-05-15 21:33:00+00:00,Mock tweet 2058,0.45217388415036464
2026-05-15 21:35:00+00:00,Mock tweet 2059,-0.29482554484442325
2026-05-15 21:40:00+00:00,Mock tweet 2060,-0.603426342798179
2026-05-15 21:40:00+00:00,Mock tweet 2061,-0.9060189633667788
2026-05-15 21:50:00+00:00,Mock tweet 2062,0.10814237538364968
2026-05-15 21:54:00+00:00,Mock tweet 2063,-0.2865384085973304
2026-05-15 22:01:00+00:00,Mock tweet 2064,-0.7815163938458987
2026-05-15 22:03:00+00:00,Mock tweet 2065,0.784856467382745
2026-05-15 22:06:00+00:00,Mock tweet 2066,-0.6358288477272813
2026-05-15 22:07:00+00:00,Mock tweet 2067,-0.9938155009817695
2026-05-15 22:07:00+00:00,Mock tweet 2068,-0.7955180759607801
2026-05-15 22:10:00+00:00,Mock tweet 2069,0.6122144919546864
2026-05-15 22:16:00+00:00,Mock tweet 2070,0.593821817634103
2026-05-15 22:18:00+00:00,Mock tweet 2071,0.19862715532458353
2026-05-15 22:20:00+00:00,Mock tweet 2072,0.4554283450861043
2026-05-15 22:20:00+00:00,Mock tweet 2073,0.8868897348741629
2026-05-15 22:37:00+00:00,Mock tweet 2074,-0.7018828213884893
2026-05-15 22:41:00+00:00,Mock tweet 2075,0.17858103664271407
2026-05-15 22:43:00+00:00,Mock tweet 2076,0.9572713072789358
2026-05-15 22:43:00+00:00,Mock tweet 2077,-0.49715559756261607
2026-05-15 22:44:00+00:00,Mock tweet 2078,0.8889358868079575
2026-05-15 22:49:00+00:00,Mock tweet 2079,0.13646540411253216
2026-05-15 22:52:00+00:00,Mock tweet 2080,0.13348848440708427
2026-05-15 23:00:00+00:00,Mock tweet 2081,0.4759698123983358
2026-05-15 23:05:00+00:00,Mock tweet 2082,-0.6096339096458132
2026-05-15 23:11:00+00:00,Mock tweet 2083,-0.5027972874644444
2026-05-15 23:18:00+00:00,Mock tweet 2084,-0.20959312699350163
2026-05-15 23:25:00+00:00,Mock tweet 2085,0.7438083486291924
2026-05-15 23:32:00+00:00,Mock tweet 2086,0.8222285911591602
2026-05-15 23:33:00+00:00,Mock tweet 2087,-0.9188934430812341
2026-05-15 23:34:00+00:00,Mock tweet 2088,0.905129175550895
2026-05-15 23:38:00+00:00,Mock tweet 2089,0.03182602596698714
2026-05-15 23:42:00+00:00,Mock tweet 2090,-0.45770496583792375
2026-05-15 23:42:00+00:00,Mock tweet 2091,-0.041317412817306165
2026-05-15 23:43:00+00:00,Mock tweet 2092,6.952444632036431
2026-05-15 23:49:00+00:00,Mock tweet 2093,0.27374165511690896
2026-05-15 23:56:00+00:00,Mock tweet 2094,0.9643379424168448
2026-05-15 23:57:00+00:00,Mock tweet 2095,-0.014060305585037458
2026-05-15 23:58:00+00:00,Mock tweet 2096,-0.945629712279449
2026-05-16 00:01:00+00:00,Mock tweet 2097,-0.6426283148348215
2026-05-16 00:03:00+00:00,Mock tweet 2098,0.03471635979423815
2026-05-16 00:04:00+00:00,Mock tweet 2099,-0.7806408267548506
2026-05-16 00:05:00+00:00,Mock tweet 2100,-0.5754124903164617
2026-05-16 00:11:00+00:00,Mock tweet 2101,0.1872121200741963
2026-05-16 00:12:00+00:00,Mock tweet 2102,-0.6209999645577391
2026-05-16 00:16:00+00:00,Mock tweet 2103,-0.6719502586046142
2026-05-16 00:25:00+00:00,Mock tweet 2104,-0.7177443957491407
2026-05-16 00:26:00+00:00,Mock tweet 2105,0.9613886186014049
2026-05-16 00:33:00+00:00,Mock tweet 2106,0.1859850790071269
2026-05-16 00:34:00+00:00,Mock tweet 2107,-0.21934574038604326
2026-05-16 00:35:00+00:00,Mock tweet 2108,-0.90331722130145
2026-05-16 00:41:00+00:00,Mock tweet 2109,-0.2745788811300156
2026-05-16 00:47:00+00:00,Mock tweet 2110,0.06755254626978924
2026-05-16 00:48:00+00:00,Mock tweet 2111,0.17535075002364908
2026-05-16 00:50:00+00:00,Mock tweet 2112,0.13092267552623826
2026-05-16 00:52:00+00:00,Mock tweet 2113,0.9595064964822033
2026-05-16 00:54:00+00:00,Mock tweet 2114,0.2948895015564015
2026-05-16 00:59:00+00:00,Mock tweet 2115,-0.15195863093138962
2026-05-16 01:02:00+00:00,Mock tweet 2116,-0.5930488824994202
2026-05-16 01:07:00+00:00,Mock tweet 2117,8.790956734309184
2026-05-16 01:08:00+00:00,Mock tweet 2118,0.6575801517251461
2026-05-16 01:09:00+00:00,Mock tweet 2119,0.8081628561064917
2026-05-16 01:10:00+00:00,Mock tweet 2120,-0.7473170127790447
2026-05-16 01:11:00+00:00,Mock tweet 2121,0.6187068727096674
2026-05-16 01:19:00+00:00,Mock tweet 2122,0.02716088462930144
2026-05-16 01:28:00+00:00,Mock tweet 2123,0.21890388654940218
2026-05-16 01:28:00+00:00,Mock tweet 2124,-0.5470065054160309
2026-05-16 01:33:00+00:00,Mock tweet 2125,0.0006104704125775573
2026-05-16 01:42:00+00:00,Mock tweet 2126,0.7116165913407881
2026-05-16 01:43:00+00:00,Mock tweet 2127,-0.3689599220544997
2026-05-16 01:52:00+00:00,Mock tweet 2128,-0.9168414048901046
2026-05-16 02:00:00+00:00,Mock tweet 2129,-0.5909665983738814
2026-05-16 02:02:00+00:00,Mock tweet 2130,0.09233758421011284
2026-05-16 02:02:00+00:00,Mock tweet 2131,0.15568368196389581
2026-05-16 02:05:00+00:00,Mock tweet 2132,0.2683198817876409
2026-05-16 02:06:00+00:00,Mock tweet 2133,0.32078580831917924
2026-05-16 02:10:00+00:00,Mock tweet 2134,0.5338034093803739
2026-05-16 02:11:00+00:00,Mock tweet 2135,0.006708653809846199
2026-05-16 02:29:00+00:00,Mock tweet 2136,0.9503231711307163
2026-05-16 02:34:00+00:00,Mock tweet 2137,-0.11638182243740491
2026-05-16 02:35:00+00:00,Mock tweet 2138,0.4157311408815858
2026-05-16 02:37:00+00:00,Mock tweet 2139,0.7964216207234744
2026-05-16 02:39:00+00:00,Mock tweet 2140,-0.46745405856777067
2026-05-16 02:50:00+00:00,Mock tweet 2141,0.5707144266208573
2026-05-16 02:51:00+00:00,Mock tweet 2142,-0.05707862947776343
2026-05-16 02:52:00+00:00,Mock tweet 2143,-0.6318801403174119
2026-05-16 02:53:00+00:00,Mock tweet 2144,-0.8491119222310446
2026-05-16 02:55:00+00:00,Mock tweet 2145,-0.6390863117371601
2026-05-16 02:56:00+00:00,Mock tweet 2146,-0.020664873995800637
2026-05-16 02:57:00+00:00,Mock tweet 2147,-0.15927671099557217
2026-05-16 02:57:00+00:00,Mock tweet 2148,0.7046436474167348
2026-05-16 02:58:00+00:00,Mock tweet 2149,-0.08250460400949255
2026-05-16 03:02:00+00:00,Mock tweet 2150,-0.11399671405740563
2026-05-16 03:04:00+00:00,Mock tweet 2151,0.2680875949542454
2026-05-16 03:05:00+00:00,Mock tweet 2152,0.6675386074630818
2026-05-16 03:07:00+00:00,Mock tweet 2153,-0.8456633711382053
2026-05-16 03:07:00+00:00,Mock tweet 2154,-0.17109628153744505
2026-05-16 03:19:00+00:00,Mock tweet 2155,0.265841065023551
2026-05-16 03:24:00+00:00,Mock tweet 2156,0.2764070590178842
2026-05-16 03:24:00+00:00,Mock tweet 2157,-0.9921941089326789
2026-05-16 03:25:00+00:00,Mock tweet 2158,0.4041557733427201
2026-05-16 03:30:00+00:00,Mock tweet 2159,-0.9813163291896039
2026-05-16 03:41:00+00:00,Mock tweet 2160,0.1778883317889104
2026-05-16 03:43:00+00:00,Mock tweet 2161,-0.8001359546900071
2026-05-16 03:45:00+00:00,Mock tweet 2162,-0.3990229108352017
2026-05-16 03:54:00+00:00,Mock tweet 2163,-0.5137531918569995
2026-05-16 03:54:00+00:00,Mock tweet 2164,0.4193600459496607
2026-05-16 03:56:00+00:00,Mock tweet 2165,-0.7333602373526349
2026-05-16 03:56:00+00:00,Mock tweet 2166,-0.6027675006758864
2026-05-16 03:57:00+00:00,Mock tweet 2167,-0.29084954686404574
2026-05-16 04:01:00+00:00,Mock tweet 2168,0.5866833772065496
2026-05-16 04:03:00+00:00,Mock tweet 2169,-0.13484376621434913
2026-05-16 04:10:00+00:00,Mock tweet 2170,-0.2902295806316164
2026-05-16 04:12:00+00:00,Mock tweet 2171,0.9831935401571219
2026-05-16 04:19:00+00:00,Mock tweet 2172,-0.10800362462247715
2026-05-16 04:20:00+00:00,Mock tweet 2173,-0.7472160112407851
2026-05-16 04:20:00+00:00,Mock tweet 2174,-0.29808394869533617
2026-05-16 04:23:00+00:00,Mock tweet 2175,-0.8279935173583153
2026-05-16 04:27:00+00:00,Mock tweet 2176,0.35055099638348164
2026-05-16 04:32:00+00:00,Mock tweet 2177,-0.7736758369949439
2026-05-16 04:40:00+00:00,Mock tweet 2178,-0.9123742294145083
2026-05-16 04:53:00+00:00,Mock tweet 2179,-0.005608975313540654
2026-05-16 04:55:00+00:00,Mock tweet 2180,-0.7189030876081632
2026-05-16 05:06:00+00:00,Mock tweet 2181,0.06789247299286028
2026-05-16 05:06:00+00:00,Mock tweet 2182,-0.25267645395525395
2026-05-16 05:09:00+00:00,Mock tweet 2183,-0.784638907080937
2026-05-16 05:09:00+00:00,Mock tweet 2184,0.38382630500721193
2026-05-16 05:09:00+00:00,Mock tweet 2185,0.15095382678967084
2026-05-16 05:09:00+00:00,Mock tweet 2186,0.6251627062561411
2026-05-16 05:10:00+00:00,Mock tweet 2187,-0.1641100212909572
2026-05-16 05:15:00+00:00,Mock tweet 2188,0.6378512898343209
2026-05-16 05:18:00+00:00,Mock tweet 2189,0.8013849968321638
2026-05-16 05:29:00+00:00,Mock tweet 2190,0.39786351244951135
2026-05-16 05:35:00+00:00,Mock tweet 2191,-0.6806353670049707
2026-05-16 05:42:00+00:00,Mock tweet 2192,0.08762715171858892
2026-05-16 05:45:00+00:00,Mock tweet 2193,0.0076098839891123315
2026-05-16 05:46:00+00:00,Mock tweet 2194,-0.7449017089036236
2026-05-16 05:46:00+00:00,Mock tweet 2195,-0.8655455154465059
2026-05-16 05:48:00+00:00,Mock tweet 2196,0.4684724971713443
2026-05-16 05:54:00+00:00,Mock tweet 2197,0.8673612941442073
2026-05-16 05:57:00+00:00,Mock tweet 2198,0.6370577717787593
2026-05-16 05:58:00+00:00,Mock tweet 2199,-0.03622030429277312
2026-05-16 05:58:00+00:00,Mock tweet 2200,-0.8412002164785457
2026-05-16 05:59:00+00:00,Mock tweet 2201,0.39981655191559273
2026-05-16 06:06:00+00:00,Mock tweet 2202,-0.7467639205765475
2026-05-16 06:07:00+00:00,Mock tweet 2203,-0.046491610739316735
2026-05-16 06:08:00+00:00,Mock tweet 2204,-0.3926120810407179
2026-05-16 06:11:00+00:00,Mock tweet 2205,0.07705889489772577
2026-05-16 06:19:00+00:00,Mock tweet 2206,-0.6951265348247067
2026-05-16 06:19:00+00:00,Mock tweet 2207,0.6326209639594562
2026-05-16 06:23:00+00:00,Mock tweet 2208,0.48920603275113383
2026-05-16 06:24:00+00:00,Mock tweet 2209,0.061964311750072554
2026-05-16 06:27:00+00:00,Mock tweet 2210,-0.9967864176807952
2026-05-16 06:28:00+00:00,Mock tweet 2211,0.35693411146074827
2026-05-16 06:42:00+00:00,Mock tweet 2212,0.6913540802371312
2026-05-16 06:48:00+00:00,Mock tweet 2213,-0.6653039050270588
2026-05-16 06:49:00+00:00,Mock tweet 2214,0.8961727853689281
2026-05-16 06:55:00+00:00,Mock tweet 2215,-0.5270071962821021
2026-05-16 06:56:00+00:00,Mock tweet 2216,0.07929426222081215
2026-05-16 07:02:00+00:00,Mock tweet 2217,0.9410228424386144
2026-05-16 07:05:00+00:00,Mock tweet 2218,0.4240723596044287
2026-05-16 07:05:00+00:00,Mock tweet 2219,0.5916114162796149
2026-05-16 07:11:00+00:00,Mock tweet 2220,-0.9124474560237159
2026-05-16 07:11:00+00:00,Mock tweet 2221,-0.4476247020782025
2026-05-16 07:12:00+00:00,Mock tweet 2222,-0.944382017075537
2026-05-16 07:24:00+00:00,Mock tweet 2223,0.4000349040760671
2026-05-16 07:26:00+00:00,Mock tweet 2224,0.25557827699447877
2026-05-16 07:31:00+00:00,Mock tweet 2225,0.9327192140548859
2026-05-16 07:32:00+00:00,Mock tweet 2226,-0.14320577076850172
2026-05-16 07:36:00+00:00,Mock tweet 2227,0.4800318152549523
2026-05-16 07:37:00+00:00,Mock tweet 2228,-0.6196102450049938
2026-05-16 07:37:00+00:00,Mock tweet 2229,-0.1478241678776291
2026-05-16 07:41:00+00:00,Mock tweet 2230,-0.9384553577622237
2026-05-16 07:41:00+00:00,Mock tweet 2231,-0.881169356266783
2026-05-16 07:44:00+00:00,Mock tweet 2232,-0.5060671037530695
2026-05-16 07:44:00+00:00,Mock tweet 2233,-0.7184923631943338
2026-05-16 07:45:00+00:00,Mock tweet 2234,-0.8035538425128255
2026-05-16 07:46:00+00:00,Mock tweet 2235,0.8746803446763516
2026-05-16 07:47:00+00:00,Mock tweet 2236,-0.47044880583391113
2026-05-16 07:49:00+00:00,Mock tweet 2237,0.6312089590861027
2026-05-16 07:52:00+00:00,Mock tweet 2238,0.9965665742510958
2026-05-16 07:56:00+00:00,Mock tweet 2239,-0.9734089208150625
2026-05-16 07:59:00+00:00,Mock tweet 2240,0.8218313499635146
2026-05-16 08:00:00+00:00,Mock tweet 2241,-0.7234144711039023
2026-05-16 08:01:00+00:00,Mock tweet 2242,0.12143609222390084
2026-05-16 08:09:00+00:00,Mock tweet 2243,0.5170663017351516
2026-05-16 08:16:00+00:00,Mock tweet 2244,-0.3774074069621707
2026-05-16 08:17:00+00:00,Mock tweet 2245,-0.21746128491665306
2026-05-16 08:17:00+00:00,Mock tweet 2246,9.338819016927683
2026-05-16 08:26:00+00:00,Mock tweet 2247,-0.5575138334069036
2026-05-16 08:28:00+00:00,Mock tweet 2248,0.05002045091928098
2026-05-16 08:30:00+00:00,Mock tweet 2249,-0.27498168928246436
2026-05-16 08:36:00+00:00,Mock tweet 2250,-0.4928936598485705
2026-05-16 08:40:00+00:00,Mock tweet 2251,0.12257199333444646
2026-05-16 08:53:00+00:00,Mock tweet 2252,-0.17592799009467686
2026-05-16 09:00:00+00:00,Mock tweet 2253,-0.04976766581445724
2026-05-16 09:01:00+00:00,Mock tweet 2254,-0.2555951018482814
2026-05-16 09:03:00+00:00,Mock tweet 2255,0.8915714823463365
2026-05-16 09:05:00+00:00,Mock tweet 2256,0.06548121522446193
2026-05-16 09:08:00+00:00,Mock tweet 2257,-0.6433173339088001
2026-05-16 09:16:00+00:00,Mock tweet 2258,0.6964971703168259
2026-05-16 09:23:00+00:00,Mock tweet 2259,-0.27045218783603153
2026-05-16 09:26:00+00:00,Mock tweet 2260,-0.5466429171914302
2026-05-16 09:36:00+00:00,Mock tweet 2261,-0.8423451893543863
2026-05-16 09:46:00+00:00,Mock tweet 2262,0.9503639640665968
2026-05-16 09:46:00+00:00,Mock tweet 2263,0.45732413553315365
2026-05-16 09:58:00+00:00,Mock tweet 2264,-0.3416273481667669
2026-05-16 09:59:00+00:00,Mock tweet 2265,0.962181974628427
2026-05-16 10:02:00+00:00,Mock tweet 2266,0.6569619093137236
2026-05-16 10:04:00+00:00,Mock tweet 2267,0.12200763296547801
2026-05-16 10:07:00+00:00,Mock tweet 2268,0.13689374810771304
2026-05-16 10:14:00+00:00,Mock tweet 2269,-0.9332056516945983
2026-05-16 10:19:00+00:00,Mock tweet 2270,0.699261779118465
2026-05-16 10:34:00+00:00,Mock tweet 2271,0.6894384149972803
2026-05-16 10:35:00+00:00,Mock tweet 2272,-0.2518271310050766
2026-05-16 10:36:00+00:00,Mock tweet 2273,0.19379537502271993
2026-05-16 10:39:00+00:00,Mock tweet 2274,-0.7350771004895118
2026-05-16 10:41:00+00:00,Mock tweet 2275,0.748326061729407
2026-05-16 10:59:00+00:00,Mock tweet 2276,0.07355835899559282
2026-05-16 11:01:00+00:00,Mock tweet 2277,-0.3374397297652625
2026-05-16 11:08:00+00:00,Mock tweet 2278,0.24114034144495422
2026-05-16 11:12:00+00:00,Mock tweet 2279,-0.7309646073539109
2026-05-16 11:16:00+00:00,Mock tweet 2280,0.8053676769755482
2026-05-16 11:26:00+00:00,Mock tweet 2281,0.431379450372918
2026-05-16 11:29:00+00:00,Mock tweet 2282,0.8737536298845399
2026-05-16 11:35:00+00:00,Mock tweet 2283,0.44088315207217166
2026-05-16 11:37:00+00:00,Mock tweet 2284,0.7830640871208872
2026-05-16 11:39:00+00:00,Mock tweet 2285,0.5339994370599357
2026-05-16 11:40:00+00:00,Mock tweet 2286,-0.5014415533274925
2026-05-16 11:45:00+00:00,Mock tweet 2287,0.4703756681874549
2026-05-16 11:47:00+00:00,Mock tweet 2288,0.7464165813803907
2026-05-16 11:48:00+00:00,Mock tweet 2289,-0.6845410892986901
2026-05-16 11:51:00+00:00,Mock tweet 2290,-0.9904612191407305
2026-05-16 11:55:00+00:00,Mock tweet 2291,-0.06734950316668953
2026-05-16 11:57:00+00:00,Mock tweet 2292,0.48455491734722256
2026-05-16 11:57:00+00:00,Mock tweet 2293,0.8549136040393903
2026-05-16 11:58:00+00:00,Mock tweet 2294,-0.3700534956027266
2026-05-16 12:00:00+00:00,Mock tweet 2295,0.03044569154004373
2026-05-16 12:06:00+00:00,Mock tweet 2296,0.7023408503767385
2026-05-16 12:16:00+00:00,Mock tweet 2297,-0.8715647808315399
2026-05-16 12:16:00+00:00,Mock tweet 2298,0.15779251516016868
2026-05-16 12:19:00+00:00,Mock tweet 2299,-0.5146572018479183
2026-05-16 12:22:00+00:00,Mock tweet 2300,-0.27436469578108724
2026-05-16 12:23:00+00:00,Mock tweet 2301,-0.5848879693495488
2026-05-16 12:33:00+00:00,Mock tweet 2302,0.4784907846978568
2026-05-16 12:47:00+00:00,Mock tweet 2303,-0.6648214393847456
2026-05-16 12:53:00+00:00,Mock tweet 2304,-0.8312861104820313
2026-05-16 12:53:00+00:00,Mock tweet 2305,0.9638853711015634
2026-05-16 12:53:00+00:00,Mock tweet 2306,0.8435920256237428
2026-05-16 12:59:00+00:00,Mock tweet 2307,-0.6272513785207956
2026-05-16 12:59:00+00:00,Mock tweet 2308,0.3408299150044718
2026-05-16 13:00:00+00:00,Mock tweet 2309,0.35502195939098513
2026-05-16 13:00:00+00:00,Mock tweet 2310,0.23880403725611177
2026-05-16 13:11:00+00:00,Mock tweet 2311,-0.9688416970229838
2026-05-16 13:17:00+00:00,Mock tweet 2312,-0.768069916173922
2026-05-16 13:29:00+00:00,Mock tweet 2313,-0.8758247783904858
2026-05-16 13:32:00+00:00,Mock tweet 2314,0.8800769482086919
2026-05-16 13:32:00+00:00,Mock tweet 2315,0.6632482498866235
2026-05-16 13:37:00+00:00,Mock tweet 2316,0.9257135680030553
2026-05-16 13:45:00+00:00,Mock tweet 2317,0.4525608091475295
2026-05-16 14:05:00+00:00,Mock tweet 2318,-0.24460958989148263
2026-05-16 14:09:00+00:00,Mock tweet 2319,0.9073671560286514
2026-05-16 14:13:00+00:00,Mock tweet 2320,-0.2945758661004545
2026-05-16 14:13:00+00:00,Mock tweet 2321,0.7716612833636984
2026-05-16 14:14:00+00:00,Mock tweet 2322,-0.04630841865582225
2026-05-16 14:16:00+00:00,Mock tweet 2323,-0.6401718334784916
2026-05-16 14:18:00+00:00,Mock tweet 2324,-0.08465915297266102
2026-05-16 14:30:00+00:00,Mock tweet 2325,7.679192966164275
2026-05-16 14:30:00+00:00,Mock tweet 2326,-0.2981675488175395
2026-05-16 14:32:00+00:00,Mock tweet 2327,0.534310182855551
2026-05-16 14:37:00+00:00,Mock tweet 2328,-0.24631899427784631
2026-05-16 14:46:00+00:00,Mock tweet 2329,-0.9610013982601406
2026-05-16 14:47:00+00:00,Mock tweet 2330,-0.2804690674175345
2026-05-16 14:50:00+00:00,Mock tweet 2331,0.7585538539811527
2026-05-16 14:52:00+00:00,Mock tweet 2332,0.0782906002444117
2026-05-16 14:56:00+00:00,Mock tweet 2333,0.732560791546925
2026-05-16 15:07:00+00:00,Mock tweet 2334,-0.23459340206911072
2026-05-16 15:09:00+00:00,Mock tweet 2335,-0.361869716605667
2026-05-16 15:09:00+00:00,Mock tweet 2336,0.5648588256919758
2026-05-16 15:21:00+00:00,Mock tweet 2337,0.17134436315439738
2026-05-16 15:22:00+00:00,Mock tweet 2338,-0.2792379049517637
2026-05-16 15:23:00+00:00,Mock tweet 2339,-0.6887359250829999
2026-05-16 15:27:00+00:00,Mock tweet 2340,-0.3242338020384379
2026-05-16 15:29:00+00:00,Mock tweet 2341,-0.2170341923839305
2026-05-16 15:42:00+00:00,Mock tweet 2342,-0.5348110437996381
2026-05-16 15:46:00+00:00,Mock tweet 2343,0.5617096232022445
2026-05-16 15:55:00+00:00,Mock tweet 2344,0.9541999159295418
2026-05-16 15:57:00+00:00,Mock tweet 2345,-0.518585816866042
2026-05-16 15:58:00+00:00,Mock tweet 2346,-0.9860967822142088
2026-05-16 16:02:00+00:00,Mock tweet 2347,0.4601451850746916
2026-05-16 16:15:00+00:00,Mock tweet 2348,-0.2629772058967821
2026-05-16 16:20:00+00:00,Mock tweet 2349,0.21054825412380795
2026-05-16 16:21:00+00:00,Mock tweet 2350,0.1631287375419117
2026-05-16 16:39:00+00:00,Mock tweet 2351,0.8447357785199183
2026-05-16 16:42:00+00:00,Mock tweet 2352,0.8396377299443558
2026-05-16 16:43:00+00:00,Mock tweet 2353,0.4492701772734855
2026-05-16 16:44:00+00:00,Mock tweet 2354,-0.9184926417481962
2026-05-16 16:47:00+00:00,Mock tweet 2355,0.20333777068322467
2026-05-16 16:47:00+00:00,Mock tweet 2356,-0.3547912664780184
2026-05-16 16:48:00+00:00,Mock tweet 2357,-0.012277527922375464
2026-05-16 16:48:00+00:00,Mock tweet 2358,-0.9082714450629779
2026-05-16 17:03:00+00:00,Mock tweet 2359,0.11263932539036081
2026-05-16 17:03:00+00:00,Mock tweet 2360,0.8448772800175717
2026-05-16 17:04:00+00:00,Mock tweet 2361,0.5248036133401688
2026-05-16 17:06:00+00:00,Mock tweet 2362,-0.15182319949684708
2026-05-16 17:27:00+00:00,Mock tweet 2363,-0.308424000368992
2026-05-16 17:34:00+00:00,Mock tweet 2364,0.24017616869276925
2026-05-16 17:44:00+00:00,Mock tweet 2365,-0.005723458470305642
2026-05-16 17:44:00+00:00,Mock tweet 2366,-0.6998984236496717
2026-05-16 17:55:00+00:00,Mock tweet 2367,0.501323532183402
2026-05-16 18:03:00+00:00,Mock tweet 2368,-0.2690502454513366
2026-05-16 18:06:00+00:00,Mock tweet 2369,0.9958965253114698
2026-05-16 18:12:00+00:00,Mock tweet 2370,0.9414223239824746
2026-05-16 18:17:00+00:00,Mock tweet 2371,0.04104204514502241
2026-05-16 18:17:00+00:00,Mock tweet 2372,0.682494252777007
2026-05-16 18:19:00+00:00,Mock tweet 2373,0.30269224619418256
2026-05-16 18:27:00+00:00,Mock tweet 2374,-0.3322070048026877
2026-05-16 18:31:00+00:00,Mock tweet 2375,0.9087514241966039
2026-05-16 18:41:00+00:00,Mock tweet 2376,-0.827678663921781
2026-05-16 18:45:00+00:00,Mock tweet 2377,0.48357927586294047
2026-05-16 18:54:00+00:00,Mock tweet 2378,-0.4828107163928612
2026-05-16 18:57:00+00:00,Mock tweet 2379,-0.3900422673267574
2026-05-16 19:02:00+00:00,Mock tweet 2380,-0.2737174134609419
2026-05-16 19:05:00+00:00,Mock tweet 2381,-0.756457358421621
2026-05-16 19:08:00+00:00,Mock tweet 2382,-0.32020676518243185
2026-05-16 19:17:00+00:00,Mock tweet 2383,0.5354321773712754
2026-05-16 19:21:00+00:00,Mock tweet 2384,-0.6319440356109514
2026-05-16 19:28:00+00:00,Mock tweet 2385,-0.1416858614534795
2026-05-16 19:28:00+00:00,Mock tweet 2386,-0.22555559468080366
2026-05-16 19:28:00+00:00,Mock tweet 2387,-0.24949091846827365
2026-05-16 19:28:00+00:00,Mock tweet 2388,0.5315386922485228
2026-05-16 19:32:00+00:00,Mock tweet 2389,-0.09942858302382906
2026-05-16 19:38:00+00:00,Mock tweet 2390,-0.6072247496967837
2026-05-16 19:39:00+00:00,Mock tweet 2391,0.5898734322075401
2026-05-16 19:43:00+00:00,Mock tweet 2392,-0.8402803835661345
2026-05-16 19:44:00+00:00,Mock tweet 2393,-0.4851877816673449
2026-05-16 19:57:00+00:00,Mock tweet 2394,-0.033211799925495944
2026-05-16 20:03:00+00:00,Mock tweet 2395,-0.1170093211949299
2026-05-16 20:09:00+00:00,Mock tweet 2396,-0.29313317260542626
2026-05-16 20:10:00+00:00,Mock tweet 2397,0.46509534987118206
2026-05-16 20:13:00+00:00,Mock tweet 2398,0.21866398540252963
2026-05-16 20:13:00+00:00,Mock tweet 2399,-0.9405924391071476
2026-05-16 20:28:00+00:00,Mock tweet 2400,-0.28583880817942675
2026-05-16 20:31:00+00:00,Mock tweet 2401,-0.7096733203625736
2026-05-16 20:43:00+00:00,Mock tweet 2402,0.42098033857928097
2026-05-16 20:50:00+00:00,Mock tweet 2403,0.19429734867973525
2026-05-16 20:55:00+00:00,Mock tweet 2404,-0.14153324478404095
2026-05-16 20:56:00+00:00,Mock tweet 2405,-0.018218126221269948
2026-05-16 20:58:00+00:00,Mock tweet 2406,-0.08983470849072916
2026-05-16 20:59:00+00:00,Mock tweet 2407,-0.3502729930997188
2026-05-16 21:09:00+00:00,Mock tweet 2408,0.5390655315575119
2026-05-16 21:09:00+00:00,Mock tweet 2409,0.8694107770451689
2026-05-16 21:15:00+00:00,Mock tweet 2410,-0.7149127297880309
2026-05-16 21:27:00+00:00,Mock tweet 2411,-0.5328849186740732
2026-05-16 21:31:00+00:00,Mock tweet 2412,-0.08133013626664054
2026-05-16 21:37:00+00:00,Mock tweet 2413,-0.13114616534697365
2026-05-16 21:38:00+00:00,Mock tweet 2414,-0.3537603156841156
2026-05-16 21:41:00+00:00,Mock tweet 2415,-0.6763227524115216
2026-05-16 21:41:00+00:00,Mock tweet 2416,-0.14484625843950338
2026-05-16 21:44:00+00:00,Mock tweet 2417,0.21387167900109727
2026-05-16 21:48:00+00:00,Mock tweet 2418,0.8103778705614608
2026-05-16 21:58:00+00:00,Mock tweet 2419,-0.29656742353675836
2026-05-16 21:59:00+00:00,Mock tweet 2420,0.320137309186886
2026-05-16 22:03:00+00:00,Mock tweet 2421,-0.8937440901976919
2026-05-16 22:04:00+00:00,Mock tweet 2422,0.036590676692445534
2026-05-16 22:08:00+00:00,Mock tweet 2423,-0.15107203160672955
2026-05-16 22:14:00+00:00,Mock tweet 2424,0.1346127718140735
2026-05-16 22:24:00+00:00,Mock tweet 2425,0.46282220294802645
2026-05-16 22:26:00+00:00,Mock tweet 2426,0.7955478870517798
2026-05-16 22:36:00+00:00,Mock tweet 2427,-0.06477983635800677
2026-05-16 22:45:00+00:00,Mock tweet 2428,0.7685834693785256
2026-05-16 22:49:00+00:00,Mock tweet 2429,0.04239811659783399
2026-05-16 22:53:00+00:00,Mock tweet 2430,-0.3143804460674742
2026-05-16 22:56:00+00:00,Mock tweet 2431,-0.7834438318899495
2026-05-16 22:59:00+00:00,Mock tweet 2432,0.7619749924171051
2026-05-16 23:00:00+00:00,Mock tweet 2433,0.2794726768059588
2026-05-16 23:07:00+00:00,Mock tweet 2434,-0.22914104000730928
2026-05-16 23:14:00+00:00,Mock tweet 2435,-0.8504707192547942
2026-05-16 23:17:00+00:00,Mock tweet 2436,-0.09721313059598469
2026-05-16 23:38:00+00:00,Mock tweet 2437,-0.5668435105053349
2026-05-16 23:41:00+00:00,Mock tweet 2438,-0.4934302710475602
2026-05-16 23:42:00+00:00,Mock tweet 2439,-0.7439341613217145
2026-05-16 23:48:00+00:00,Mock tweet 2440,0.3154067355750527
2026-05-16 23:49:00+00:00,Mock tweet 2441,0.8652191174860788
2026-05-16 23:54:00+00:00,Mock tweet 2442,-0.12961730729672905
2026-05-16 23:55:00+00:00,Mock tweet 2443,-0.7929080331308891
2026-05-17 00:15:00+00:00,Mock tweet 2444,0.6995166500811651
2026-05-17 00:15:00+00:00,Mock tweet 2445,-0.8647956451214494
2026-05-17 00:23:00+00:00,Mock tweet 2446,0.7919312661132671
2026-05-17 00:24:00+00:00,Mock tweet 2447,9.565796331166291
2026-05-17 00:38:00+00:00,Mock tweet 2448,-0.529947886807639
2026-05-17 00:42:00+00:00,Mock tweet 2449,-0.6918557020064515
2026-05-17 00:42:00+00:00,Mock tweet 2450,-0.916634265249447
2026-05-17 00:43:00+00:00,Mock tweet 2451,0.521371273586281
2026-05-17 00:44:00+00:00,Mock tweet 2452,-0.5602535826818347
2026-05-17 00:48:00+00:00,Mock tweet 2453,-0.6888565361905736
2026-05-17 00:49:00+00:00,Mock tweet 2454,0.18257453194891737
2026-05-17 00:50:00+00:00,Mock tweet 2455,0.9724956350397733
2026-05-17 00:56:00+00:00,Mock tweet 2456,-0.08818019431735924
2026-05-17 01:02:00+00:00,Mock tweet 2457,-0.717157213036899
2026-05-17 01:03:00+00:00,Mock tweet 2458,0.8683421684457426
2026-05-17 01:04:00+00:00,Mock tweet 2459,-0.350717342647364
2026-05-17 01:07:00+00:00,Mock tweet 2460,0.012125346494443301
2026-05-17 01:14:00+00:00,Mock tweet 2461,-0.3609585025188793
2026-05-17 01:24:00+00:00,Mock tweet 2462,-0.709973514389244
2026-05-17 01:33:00+00:00,Mock tweet 2463,0.2246413283042874
2026-05-17 01:33:00+00:00,Mock tweet 2464,0.974073062503813
2026-05-17 01:34:00+00:00,Mock tweet 2465,0.9349172969025725
2026-05-17 01:51:00+00:00,Mock tweet 2466,-0.31243309010547504
2026-05-17 01:54:00+00:00,Mock tweet 2467,-0.1741090339511575
2026-05-17 01:54:00+00:00,Mock tweet 2468,-0.34045963039511795
2026-05-17 02:10:00+00:00,Mock tweet 2469,-0.23765875862240038
2026-05-17 02:14:00+00:00,Mock tweet 2470,0.04109553169792557
2026-05-17 02:14:00+00:00,Mock tweet 2471,-0.4744937192462233
2026-05-17 02:16:00+00:00,Mock tweet 2472,-0.14887122245703877
2026-05-17 02:20:00+00:00,Mock tweet 2473,-0.08105777121101099
2026-05-17 02:21:00+00:00,Mock tweet 2474,-0.010034840803523348
2026-05-17 02:28:00+00:00,Mock tweet 2475,0.17635278483772066
2026-05-17 02:32:00+00:00,Mock tweet 2476,0.085754308526925
2026-05-17 02:34:00+00:00,Mock tweet 2477,-0.6626126772207408
2026-05-17 02:37:00+00:00,Mock tweet 2478,0.48128529018328803
2026-05-17 02:37:00+00:00,Mock tweet 2479,-0.9290859612525042
2026-05-17 02:41:00+00:00,Mock tweet 2480,-0.8275051219698919
2026-05-17 02:46:00+00:00,Mock tweet 2481,0.8601526190909101
2026-05-17 02:47:00+00:00,Mock tweet 2482,0.7619152445440931
2026-05-17 02:47:00+00:00,Mock tweet 2483,0.14553581628581336
2026-05-17 02:51:00+00:00,Mock tweet 2484,0.6355066180606428
2026-05-17 02:51:00+00:00,Mock tweet 2485,-0.5284878263871253
2026-05-17 02:53:00+00:00,Mock tweet 2486,0.19359815366352984
2026-05-17 03:03:00+00:00,Mock tweet 2487,6.1422599821437345
2026-05-17 03:03:00+00:00,Mock tweet 2488,-0.4732615325148555
2026-05-17 03:05:00+00:00,Mock tweet 2489,0.2592019457742736
2026-05-17 03:15:00+00:00,Mock tweet 2490,-0.6055090954742761
2026-05-17 03:18:00+00:00,Mock tweet 2491,-0.21404223934624356
2026-05-17 03:22:00+00:00,Mock tweet 2492,-0.27981305351276053
2026-05-17 03:40:00+00:00,Mock tweet 2493,5.677404613977004
2026-05-17 03:40:00+00:00,Mock tweet 2494,-0.4195420099216114
2026-05-17 03:49:00+00:00,Mock tweet 2495,-0.3511640474841351
2026-05-17 03:50:00+00:00,Mock tweet 2496,-0.3125488809876291
2026-05-17 03:55:00+00:00,Mock tweet 2497,0.7026714566555163
2026-05-17 03:59:00+00:00,Mock tweet 2498,-0.8078098941420249
2026-05-17 04:12:00+00:00,Mock tweet 2499,0.8108618038044029
2026-05-17 04:13:00+00:00,Mock tweet 2500,-0.46938136095196414
2026-05-17 04:30:00+00:00,Mock tweet 2501,0.03318917332800497
2026-05-17 04:37:00+00:00,Mock tweet 2502,0.007129665561546261
2026-05-17 04:38:00+00:00,Mock tweet 2503,0.7426196902005278
2026-05-17 04:38:00+00:00,Mock tweet 2504,0.9327590883993602
2026-05-17 04:39:00+00:00,Mock tweet 2505,-0.4055287101202172
2026-05-17 04:42:00+00:00,Mock tweet 2506,-0.7580291095105014
2026-05-17 04:44:00+00:00,Mock tweet 2507,-0.09047613668236498
2026-05-17 04:49:00+00:00,Mock tweet 2508,0.18000382947161908
2026-05-17 04:52:00+00:00,Mock tweet 2509,0.3476924938307626
2026-05-17 04:52:00+00:00,Mock tweet 2510,-0.33461767056688974
2026-05-17 04:55:00+00:00,Mock tweet 2511,0.3165997451852147
2026-05-17 04:56:00+00:00,Mock tweet 2512,-0.757258121524077
2026-05-17 04:57:00+00:00,Mock tweet 2513,0.8518290913785336
2026-05-17 05:03:00+00:00,Mock tweet 2514,-0.8623909941259156
2026-05-17 05:09:00+00:00,Mock tweet 2515,0.9378523420777996
2026-05-17 05:09:00+00:00,Mock tweet 2516,0.07096012919077088
2026-05-17 05:09:00+00:00,Mock tweet 2517,0.7026494296280676
2026-05-17 05:14:00+00:00,Mock tweet 2518,-0.7351798984608313
2026-05-17 05:14:00+00:00,Mock tweet 2519,0.43756140482233374
2026-05-17 05:15:00+00:00,Mock tweet 2520,-0.21079725232565627
2026-05-17 05:17:00+00:00,Mock tweet 2521,-0.7794975887145026
2026-05-17 05:19:00+00:00,Mock tweet 2522,-0.7371453070346281
2026-05-17 05:22:00+00:00,Mock tweet 2523,-0.3956186503715622
2026-05-17 05:22:00+00:00,Mock tweet 2524,0.40627932090660424
2026-05-17 05:27:00+00:00,Mock tweet 2525,-0.17369774690695383
2026-05-17 05:32:00+00:00,Mock tweet 2526,-0.7094910920614199
2026-05-17 05:37:00+00:00,Mock tweet 2527,0.5370463291967109
2026-05-17 05:40:00+00:00,Mock tweet 2528,0.39589180266159785
2026-05-17 05:41:00+00:00,Mock tweet 2529,0.3092235659489777
2026-05-17 05:43:00+00:00,Mock tweet 2530,0.8469292077491455
2026-05-17 05:49:00+00:00,Mock tweet 2531,-0.8455807357957508
2026-05-17 05:56:00+00:00,Mock tweet 2532,0.36591127558537506
2026-05-17 06:05:00+00:00,Mock tweet 2533,0.7920299783066944
2026-05-17 06:09:00+00:00,Mock tweet 2534,-0.6763838480968649
2026-05-17 06:15:00+00:00,Mock tweet 2535,0.30346945391713653
2026-05-17 06:22:00+00:00,Mock tweet 2536,0.5984925982349774
2026-05-17 06:34:00+00:00,Mock tweet 2537,-0.4242496534811837
2026-05-17 06:36:00+00:00,Mock tweet 2538,0.265651800427227
2026-05-17 06:38:00+00:00,Mock tweet 2539,0.12689485299094772
2026-05-17 06:41:00+00:00,Mock tweet 2540,0.16375946561961552
2026-05-17 06:51:00+00:00,Mock tweet 2541,-0.6251105926698228
2026-05-17 07:03:00+00:00,Mock tweet 2542,0.9213509909919937
2026-05-17 07:05:00+00:00,Mock tweet 2543,-0.9875475379299388
2026-05-17 07:14:00+00:00,Mock tweet 2544,0.6294793015675231
2026-05-17 07:22:00+00:00,Mock tweet 2545,-0.9862050127730395
2026-05-17 07:26:00+00:00,Mock tweet 2546,-0.0905069503741156
2026-05-17 07:27:00+00:00,Mock tweet 2547,0.29074071061952833
2026-05-17 07:29:00+00:00,Mock tweet 2548,-0.4422589080391517
2026-05-17 07:32:00+00:00,Mock tweet 2549,0.12077777739373952
2026-05-17 07:39:00+00:00,Mock tweet 2550,-0.42976423615395665
2026-05-17 07:44:00+00:00,Mock tweet 2551,0.17110408844947855
2026-05-17 07:51:00+00:00,Mock tweet 2552,-0.569311060450471
2026-05-17 07:54:00+00:00,Mock tweet 2553,-0.8204983086986253
2026-05-17 07:57:00+00:00,Mock tweet 2554,0.7838481334297678
2026-05-17 08:00:00+00:00,Mock tweet 2555,-0.6325673437075017
2026-05-17 08:00:00+00:00,Mock tweet 2556,-0.9917183715164222
2026-05-17 08:07:00+00:00,Mock tweet 2557,0.03389448116478877
2026-05-17 08:10:00+00:00,Mock tweet 2558,-0.6916114791552119
2026-05-17 08:14:00+00:00,Mock tweet 2559,0.2538307079795472
2026-05-17 08:17:00+00:00,Mock tweet 2560,0.9958802725476676
2026-05-17 08:20:00+00:00,Mock tweet 2561,-0.044481375389479716
2026-05-17 08:21:00+00:00,Mock tweet 2562,-0.6313985247069904
2026-05-17 08:22:00+00:00,Mock tweet 2563,0.04143944473468819
2026-05-17 08:23:00+00:00,Mock tweet 2564,-0.05860765175813576
2026-05-17 08:26:00+00:00,Mock tweet 2565,0.2376752132723403
2026-05-17 08:32:00+00:00,Mock tweet 2566,-0.7370991418123811
2026-05-17 08:39:00+00:00,Mock tweet 2567,-0.8135538809679872
2026-05-17 08:44:00+00:00,Mock tweet 2568,-0.05429173691337996
2026-05-17 08:50:00+00:00,Mock tweet 2569,-0.6693667884270031
2026-05-17 08:56:00+00:00,Mock tweet 2570,0.7501621501015767
2026-05-17 08:57:00+00:00,Mock tweet 2571,0.1786998545144889
2026-05-17 08:59:00+00:00,Mock tweet 2572,-0.2956176368400474
2026-05-17 09:01:00+00:00,Mock tweet 2573,0.22747150207907096
2026-05-17 09:06:00+00:00,Mock tweet 2574,0.9573299541459852
2026-05-17 09:15:00+00:00,Mock tweet 2575,0.12252747246362805
2026-05-17 09:18:00+00:00,Mock tweet 2576,-0.11537255276306957
2026-05-17 09:38:00+00:00,Mock tweet 2577,-0.7799446385268067
2026-05-17 09:40:00+00:00,Mock tweet 2578,-0.1094914657592514
2026-05-17 09:41:00+00:00,Mock tweet 2579,-0.790080452392105
2026-05-17 09:42:00+00:00,Mock tweet 2580,0.6895666260093203
2026-05-17 09:52:00+00:00,Mock tweet 2581,-0.7977140248546093
2026-05-17 09:57:00+00:00,Mock tweet 2582,0.5107021917232111
2026-05-17 10:03:00+00:00,Mock tweet 2583,-0.675511379873087
2026-05-17 10:11:00+00:00,Mock tweet 2584,0.957413570095988
2026-05-17 10:18:00+00:00,Mock tweet 2585,0.45819212423105915
2026-05-17 10:19:00+00:00,Mock tweet 2586,-0.7452236929431275
2026-05-17 10:19:00+00:00,Mock tweet 2587,-0.1042775963103022
2026-05-17 10:21:00+00:00,Mock tweet 2588,-0.2060891491497452
2026-05-17 10:24:00+00:00,Mock tweet 2589,0.8692566436654445
2026-05-17 10:26:00+00:00,Mock tweet 2590,0.8888874552823343
2026-05-17 10:35:00+00:00,Mock tweet 2591,-0.39765847301034096
2026-05-17 10:55:00+00:00,Mock tweet 2592,0.5590536615731754
2026-05-17 10:57:00+00:00,Mock tweet 2593,-0.22782982731957713
2026-05-17 11:01:00+00:00,Mock tweet 2594,-0.519043787927495
2026-05-17 11:02:00+00:00,Mock tweet 2595,0.5480332252744231
2026-05-17 11:10:00+00:00,Mock tweet 2596,-0.18969735197858606
2026-05-17 11:15:00+00:00,Mock tweet 2597,0.9342792203783297
2026-05-17 11:15:00+00:00,Mock tweet 2598,0.8785537556263541
2026-05-17 11:22:00+00:00,Mock tweet 2599,-0.6060095612904695
2026-05-17 11:31:00+00:00,Mock tweet 2600,-0.6350895078575876
2026-05-17 11:33:00+00:00,Mock tweet 2601,0.3856277888598696
2026-05-17 11:40:00+00:00,Mock tweet 2602,0.048783595117355416
2026-05-17 11:46:00+00:00,Mock tweet 2603,0.4218808839624901
2026-05-17 11:48:00+00:00,Mock tweet 2604,0.7323540349774476
2026-05-17 11:55:00+00:00,Mock tweet 2605,0.05607972666398453
2026-05-17 11:59:00+00:00,Mock tweet 2606,0.7746178339805392
2026-05-17 12:04:00+00:00,Mock tweet 2607,0.5402587816894764
2026-05-17 12:11:00+00:00,Mock tweet 2608,-0.3434132951870865
2026-05-17 12:12:00+00:00,Mock tweet 2609,-0.2092473842233482
2026-05-17 12:18:00+00:00,Mock tweet 2610,0.10495453619673767
2026-05-17 12:23:00+00:00,Mock tweet 2611,-0.8147540392071915
2026-05-17 12:30:00+00:00,Mock tweet 2612,-0.4432653831274951
2026-05-17 12:30:00+00:00,Mock tweet 2613,0.11109643095320987
2026-05-17 12:30:00+00:00,Mock tweet 2614,0.6042112274475375
2026-05-17 12:40:00+00:00,Mock tweet 2615,-0.1288909638796587
2026-05-17 12:50:00+00:00,Mock tweet 2616,0.535956759880178
2026-05-17 12:51:00+00:00,Mock tweet 2617,0.6394770935382768
2026-05-17 12:59:00+00:00,Mock tweet 2618,-0.6750213103864879
2026-05-17 13:04:00+00:00,Mock tweet 2619,-0.7572277168144148
2026-05-17 13:11:00+00:00,Mock tweet 2620,-0.7103962488987938
2026-05-17 13:20:00+00:00,Mock tweet 2621,0.6814786604746106
2026-05-17 13:35:00+00:00,Mock tweet 2622,-0.3245584908144241
2026-05-17 13:38:00+00:00,Mock tweet 2623,-0.8683681483565939
2026-05-17 13:41:00+00:00,Mock tweet 2624,-0.12101526477431501
2026-05-17 13:45:00+00:00,Mock tweet 2625,0.21108604461033975
2026-05-17 13:48:00+00:00,Mock tweet 2626,-0.11485441175550037
2026-05-17 13:57:00+00:00,Mock tweet 2627,-0.9820442375115492
2026-05-17 13:59:00+00:00,Mock tweet 2628,-0.02563357237540509
2026-05-17 14:10:00+00:00,Mock tweet 2629,0.7884282126604552
2026-05-17 14:11:00+00:00,Mock tweet 2630,0.8876874129068335
2026-05-17 14:13:00+00:00,Mock tweet 2631,0.6653898066161137
2026-05-17 14:21:00+00:00,Mock tweet 2632,0.860270469037052
2026-05-17 14:25:00+00:00,Mock tweet 2633,-0.5027913477397818
2026-05-17 14:28:00+00:00,Mock tweet 2634,-0.3873004172242345
2026-05-17 14:30:00+00:00,Mock tweet 2635,0.5601557812151499
2026-05-17 14:37:00+00:00,Mock tweet 2636,0.5089128314122737
2026-05-17 14:44:00+00:00,Mock tweet 2637,-0.8978579656763179
2026-05-17 14:44:00+00:00,Mock tweet 2638,0.3688710563185069
2026-05-17 14:55:00+00:00,Mock tweet 2639,-0.225829156638786
2026-05-17 14:59:00+00:00,Mock tweet 2640,-0.955789527811653
2026-05-17 15:04:00+00:00,Mock tweet 2641,-0.9852181695653364
2026-05-17 15:05:00+00:00,Mock tweet 2642,-0.810641935143259
2026-05-17 15:06:00+00:00,Mock tweet 2643,0.5482534276966402
2026-05-17 15:07:00+00:00,Mock tweet 2644,0.1454816743647449
2026-05-17 15:09:00+00:00,Mock tweet 2645,0.3658864077424733
2026-05-17 15:11:00+00:00,Mock tweet 2646,0.10082430475768445
2026-05-17 15:17:00+00:00,Mock tweet 2647,0.8052081602139867
2026-05-17 15:30:00+00:00,Mock tweet 2648,-0.06125315370994211
2026-05-17 15:34:00+00:00,Mock tweet 2649,0.5356615503774489
2026-05-17 15:34:00+00:00,Mock tweet 2650,0.5379079763569581
2026-05-17 15:36:00+00:00,Mock tweet 2651,0.6682301923581593
2026-05-17 15:37:00+00:00,Mock tweet 2652,-0.5802247608418856
2026-05-17 15:47:00+00:00,Mock tweet 2653,-0.7764411453287947
2026-05-17 15:52:00+00:00,Mock tweet 2654,0.3027902628383201
2026-05-17 16:05:00+00:00,Mock tweet 2655,-0.0398222175210452
2026-05-17 16:06:00+00:00,Mock tweet 2656,-0.6935299255853951
2026-05-17 16:12:00+00:00,Mock tweet 2657,0.1696950070988672
2026-05-17 16:15:00+00:00,Mock tweet 2658,-0.7277479678228629
2026-05-17 16:16:00+00:00,Mock tweet 2659,0.5737052782803658
2026-05-17 16:23:00+00:00,Mock tweet 2660,0.6186440170132042
2026-05-17 16:30:00+00:00,Mock tweet 2661,-0.9603658870863638
2026-05-17 16:36:00+00:00,Mock tweet 2662,0.9746615575551398
2026-05-17 16:39:00+00:00,Mock tweet 2663,-0.4418705635563598
2026-05-17 16:45:00+00:00,Mock tweet 2664,0.7504168214516149
2026-05-17 16:46:00+00:00,Mock tweet 2665,0.23897145975757828
2026-05-17 16:50:00+00:00,Mock tweet 2666,-0.9065466264968534
2026-05-17 16:52:00+00:00,Mock tweet 2667,-0.14276426729469383
2026-05-17 16:56:00+00:00,Mock tweet 2668,-0.23402587949421716
2026-05-17 17:00:00+00:00,Mock tweet 2669,-0.24784047432042788
2026-05-17 17:06:00+00:00,Mock tweet 2670,-0.6965378349329445
2026-05-17 17:11:00+00:00,Mock tweet 2671,0.4258405480653109
2026-05-17 17:17:00+00:00,Mock tweet 2672,0.3959470052847649
2026-05-17 17:19:00+00:00,Mock tweet 2673,-0.8080600243363572
2026-05-17 17:20:00+00:00,Mock tweet 2674,0.9038997228838326
2026-05-17 17:20:00+00:00,Mock tweet 2675,-0.9711794270132283
2026-05-17 17:26:00+00:00,Mock tweet 2676,0.7925653614560526
2026-05-17 17:28:00+00:00,Mock tweet 2677,-0.628844064260921
2026-05-17 17:29:00+00:00,Mock tweet 2678,-0.6215744943425938
2026-05-17 17:33:00+00:00,Mock tweet 2679,0.07604047756283983
2026-05-17 17:39:00+00:00,Mock tweet 2680,0.8392140304389588
2026-05-17 17:45:00+00:00,Mock tweet 2681,0.20950135693841587
2026-05-17 17:46:00+00:00,Mock tweet 2682,0.4150600359668144
2026-05-17 17:55:00+00:00,Mock tweet 2683,-0.08578578184369778
2026-05-17 17:56:00+00:00,Mock tweet 2684,0.19840026170291347
2026-05-17 17:57:00+00:00,Mock tweet 2685,0.6214727118754138
2026-05-17 17:58:00+00:00,Mock tweet 2686,-0.3857006828463989
2026-05-17 18:04:00+00:00,Mock tweet 2687,0.0003845200729286624
2026-05-17 18:07:00+00:00,Mock tweet 2688,0.22866032817515158
2026-05-17 18:13:00+00:00,Mock tweet 2689,-0.6674717227513056
2026-05-17 18:14:00+00:00,Mock tweet 2690,0.5380005801307606
2026-05-17 18:17:00+00:00,Mock tweet 2691,-0.03965549195602747
2026-05-17 18:20:00+00:00,Mock tweet 2692,-0.9519818952040862
2026-05-17 18:23:00+00:00,Mock tweet 2693,0.7102823935188849
2026-05-17 18:29:00+00:00,Mock tweet 2694,-0.8117773008654314
2026-05-17 18:40:00+00:00,Mock tweet 2695,-0.4476546247487141
2026-05-17 18:41:00+00:00,Mock tweet 2696,-0.730002070916782
2026-05-17 18:43:00+00:00,Mock tweet 2697,0.23864677768941633
2026-05-17 18:46:00+00:00,Mock tweet 2698,0.08066012422351676
2026-05-17 18:48:00+00:00,Mock tweet 2699,-0.9698589184902218
2026-05-17 19:10:00+00:00,Mock tweet 2700,-0.4467096298535247
2026-05-17 19:11:00+00:00,Mock tweet 2701,-0.4702064531512111
2026-05-17 19:24:00+00:00,Mock tweet 2702,0.9916707927290251
2026-05-17 19:24:00+00:00,Mock tweet 2703,0.7117125031809497
2026-05-17 19:28:00+00:00,Mock tweet 2704,-0.8109164260783315
2026-05-17 19:35:00+00:00,Mock tweet 2705,0.7149727596116362
2026-05-17 19:51:00+00:00,Mock tweet 2706,0.44951178027928695
2026-05-17 20:01:00+00:00,Mock tweet 2707,-0.8829319331072296
2026-05-17 20:02:00+00:00,Mock tweet 2708,0.5877342573307405
2026-05-17 20:06:00+00:00,Mock tweet 2709,-0.79860933773268
2026-05-17 20:07:00+00:00,Mock tweet 2710,0.6713052144988245
2026-05-17 20:09:00+00:00,Mock tweet 2711,0.524730230353821
2026-05-17 20:13:00+00:00,Mock tweet 2712,-0.7835928944105872
2026-05-17 20:15:00+00:00,Mock tweet 2713,0.46035519342601106
2026-05-17 20:15:00+00:00,Mock tweet 2714,0.8424003775043887
2026-05-17 20:16:00+00:00,Mock tweet 2715,-0.6913098301675582
2026-05-17 20:30:00+00:00,Mock tweet 2716,0.039768423232175554
2026-05-17 20:31:00+00:00,Mock tweet 2717,-0.28364791982877446
2026-05-17 20:32:00+00:00,Mock tweet 2718,0.2727112768795934
2026-05-17 20:38:00+00:00,Mock tweet 2719,0.29272752719330164
2026-05-17 20:46:00+00:00,Mock tweet 2720,-0.18581169821776666
2026-05-17 20:49:00+00:00,Mock tweet 2721,-0.776129591043679
2026-05-17 20:55:00+00:00,Mock tweet 2722,-0.40254301975145235
2026-05-17 20:57:00+00:00,Mock tweet 2723,-0.5264046330222403
2026-05-17 21:26:00+00:00,Mock tweet 2724,0.46382391279234203
2026-05-17 21:26:00+00:00,Mock tweet 2725,-0.577599736930394
2026-05-17 21:30:00+00:00,Mock tweet 2726,0.919798909173553
2026-05-17 21:39:00+00:00,Mock tweet 2727,0.900264539185577
2026-05-17 21:48:00+00:00,Mock tweet 2728,-0.5170261169764154
2026-05-17 21:48:00+00:00,Mock tweet 2729,-0.4401172166325542
2026-05-17 21:53:00+00:00,Mock tweet 2730,0.03426173582427339
2026-05-17 21:54:00+00:00,Mock tweet 2731,0.37160402502740064
2026-05-17 21:56:00+00:00,Mock tweet 2732,-0.9190407876920275
2026-05-17 22:04:00+00:00,Mock tweet 2733,-0.7353256219852748
2026-05-17 22:10:00+00:00,Mock tweet 2734,-0.21467627303189696
2026-05-17 22:10:00+00:00,Mock tweet 2735,0.9960579536372975
2026-05-17 22:18:00+00:00,Mock tweet 2736,-0.4763244360330119
2026-05-17 22:29:00+00:00,Mock tweet 2737,0.9129921214932537
2026-05-17 22:33:00+00:00,Mock tweet 2738,0.09152691957855286
2026-05-17 22:34:00+00:00,Mock tweet 2739,-0.535917047024538
2026-05-17 22:35:00+00:00,Mock tweet 2740,0.2837008798771352
2026-05-17 22:36:00+00:00,Mock tweet 2741,0.71320738751757
2026-05-17 22:42:00+00:00,Mock tweet 2742,-0.3455030257234313
2026-05-17 22:46:00+00:00,Mock tweet 2743,-0.8265869813346873
2026-05-17 22:52:00+00:00,Mock tweet 2744,0.3338246755002856
2026-05-17 22:54:00+00:00,Mock tweet 2745,0.2281899264632825
2026-05-17 22:59:00+00:00,Mock tweet 2746,0.5593670111121227
2026-05-17 23:02:00+00:00,Mock tweet 2747,0.17260329874938707
2026-05-17 23:02:00+00:00,Mock tweet 2748,-0.8580808936842739
2026-05-17 23:04:00+00:00,Mock tweet 2749,0.3678678688114341
2026-05-17 23:06:00+00:00,Mock tweet 2750,-0.31324171432724457
2026-05-17 23:09:00+00:00,Mock tweet 2751,0.9307435452515669
2026-05-17 23:11:00+00:00,Mock tweet 2752,-0.09953900532452509
2026-05-17 23:13:00+00:00,Mock tweet 2753,0.30679200645341553
2026-05-17 23:17:00+00:00,Mock tweet 2754,0.5370219486028147
2026-05-17 23:26:00+00:00,Mock tweet 2755,0.1935842970360644
2026-05-17 23:30:00+00:00,Mock tweet 2756,0.9802740588670269
2026-05-17 23:35:00+00:00,Mock tweet 2757,0.3302412188828241
2026-05-17 23:37:00+00:00,Mock tweet 2758,0.9821355048838638
2026-05-17 23:52:00+00:00,Mock tweet 2759,0.8265047057936628
2026-05-17 23:54:00+00:00,Mock tweet 2760,0.0626439374024299
2026-05-17 23:58:00+00:00,Mock tweet 2761,-0.2872543921462549
2026-05-18 00:06:00+00:00,Mock tweet 2762,-0.4458771543342559
2026-05-18 00:18:00+00:00,Mock tweet 2763,-0.7764501239869117
2026-05-18 00:23:00+00:00,Mock tweet 2764,-0.7263207472799715
2026-05-18 00:32:00+00:00,Mock tweet 2765,0.976969530391028
2026-05-18 00:32:00+00:00,Mock tweet 2766,0.9998160639210425
2026-05-18 00:34:00+00:00,Mock tweet 2767,-0.239335888630682
2026-05-18 00:35:00+00:00,Mock tweet 2768,0.624298491872876
2026-05-18 00:44:00+00:00,Mock tweet 2769,0.2435056090110137
2026-05-18 00:48:00+00:00,Mock tweet 2770,0.36799225373243627
2026-05-18 00:49:00+00:00,Mock tweet 2771,-0.6774208272299
2026-05-18 00:54:00+00:00,Mock tweet 2772,-0.4305325400098612
2026-05-18 00:59:00+00:00,Mock tweet 2773,-0.3798150343016049
2026-05-18 01:01:00+00:00,Mock tweet 2774,0.8106397622595278
2026-05-18 01:05:00+00:00,Mock tweet 2775,0.2610656665817137
2026-05-18 01:06:00+00:00,Mock tweet 2776,-0.5827764118327545
2026-05-18 01:07:00+00:00,Mock tweet 2777,0.8981926318824323
2026-05-18 01:07:00+00:00,Mock tweet 2778,0.16105476061728585
2026-05-18 01:11:00+00:00,Mock tweet 2779,0.5123559093220689
2026-05-18 01:11:00+00:00,Mock tweet 2780,-0.16985214781782276
2026-05-18 01:11:00+00:00,Mock tweet 2781,0.8591456919399671
2026-05-18 01:20:00+00:00,Mock tweet 2782,-0.17738773513882444
2026-05-18 01:22:00+00:00,Mock tweet 2783,-0.8299079087075572
2026-05-18 01:23:00+00:00,Mock tweet 2784,-0.2545299794918785
2026-05-18 01:23:00+00:00,Mock tweet 2785,8.59300412271016
2026-05-18 01:36:00+00:00,Mock tweet 2786,0.35118962176797264
2026-05-18 01:39:00+00:00,Mock tweet 2787,0.06655107878609212
2026-05-18 01:41:00+00:00,Mock tweet 2788,0.5353812193829566
2026-05-18 01:50:00+00:00,Mock tweet 2789,0.02855801244537992
2026-05-18 01:50:00+00:00,Mock tweet 2790,-0.6497689139111666
2026-05-18 01:52:00+00:00,Mock tweet 2791,-0.9046392461898627
2026-05-18 01:57:00+00:00,Mock tweet 2792,-0.801886286338716
2026-05-18 01:58:00+00:00,Mock tweet 2793,0.18097423707615912
2026-05-18 02:05:00+00:00,Mock tweet 2794,-0.5995291478811164
2026-05-18 02:07:00+00:00,Mock tweet 2795,0.4850526431332731
2026-05-18 02:12:00+00:00,Mock tweet 2796,-0.6163033544626273
2026-05-18 02:26:00+00:00,Mock tweet 2797,-0.2941305636119447
2026-05-18 02:27:00+00:00,Mock tweet 2798,0.20124801004780113
2026-05-18 02:27:00+00:00,Mock tweet 2799,-0.20269451684173845
2026-05-18 02:32:00+00:00,Mock tweet 2800,-0.7717285843827939
2026-05-18 02:33:00+00:00,Mock tweet 2801,-0.3982925605051828
2026-05-18 02:33:00+00:00,Mock tweet 2802,-0.8916449938264319
2026-05-18 02:34:00+00:00,Mock tweet 2803,0.48240320471095566
2026-05-18 02:53:00+00:00,Mock tweet 2804,0.857460598240962
2026-05-18 02:57:00+00:00,Mock tweet 2805,0.16382861022506678
2026-05-18 02:57:00+00:00,Mock tweet 2806,-0.3345329781537054
2026-05-18 03:00:00+00:00,Mock tweet 2807,-0.38609836239279605
2026-05-18 03:00:00+00:00,Mock tweet 2808,-0.4660475976497134
2026-05-18 03:09:00+00:00,Mock tweet 2809,-0.7675619691583233
2026-05-18 03:11:00+00:00,Mock tweet 2810,8.061958929449666
2026-05-18 03:20:00+00:00,Mock tweet 2811,-0.011469359600425832
2026-05-18 03:31:00+00:00,Mock tweet 2812,-0.1368926829416468
2026-05-18 03:32:00+00:00,Mock tweet 2813,-0.5689060149519587
2026-05-18 03:33:00+00:00,Mock tweet 2814,-0.9494887331581248
2026-05-18 03:35:00+00:00,Mock tweet 2815,0.08244867076201468
2026-05-18 03:36:00+00:00,Mock tweet 2816,0.8635717741019755
2026-05-18 03:49:00+00:00,Mock tweet 2817,0.16364418062768826
2026-05-18 03:52:00+00:00,Mock tweet 2818,0.44319242071163956
2026-05-18 03:57:00+00:00,Mock tweet 2819,-0.6295745949747222
2026-05-18 04:02:00+00:00,Mock tweet 2820,0.8140405307285776
2026-05-18 04:02:00+00:00,Mock tweet 2821,0.46626366394564434
2026-05-18 04:09:00+00:00,Mock tweet 2822,-0.2376247314208526
2026-05-18 04:11:00+00:00,Mock tweet 2823,-0.016288747611906684
2026-05-18 04:14:00+00:00,Mock tweet 2824,-0.3281094197574721
2026-05-18 04:15:00+00:00,Mock tweet 2825,0.08642994358604184
2026-05-18 04:18:00+00:00,Mock tweet 2826,-0.6335764485614392
2026-05-18 04:21:00+00:00,Mock tweet 2827,0.2895251111860191
2026-05-18 04:23:00+00:00,Mock tweet 2828,-0.04165833703608368
2026-05-18 04:32:00+00:00,Mock tweet 2829,0.8424929868649225
2026-05-18 04:33:00+00:00,Mock tweet 2830,-0.5237825262494995
2026-05-18 04:34:00+00:00,Mock tweet 2831,0.5448459083732313
2026-05-18 04:39:00+00:00,Mock tweet 2832,-0.47031011609098794
2026-05-18 04:39:00+00:00,Mock tweet 2833,0.03947186640542433
2026-05-18 04:40:00+00:00,Mock tweet 2834,0.9237785701735337
2026-05-18 04:42:00+00:00,Mock tweet 2835,0.3986731676818278
2026-05-18 05:00:00+00:00,Mock tweet 2836,-0.2796484263671002
2026-05-18 05:04:00+00:00,Mock tweet 2837,0.0127578521667302
2026-05-18 05:07:00+00:00,Mock tweet 2838,0.8930154294005115
2026-05-18 05:26:00+00:00,Mock tweet 2839,0.39471862569891103
2026-05-18 05:29:00+00:00,Mock tweet 2840,-0.19734868461757693
2026-05-18 05:39:00+00:00,Mock tweet 2841,0.561441102819598
2026-05-18 05:43:00+00:00,Mock tweet 2842,-0.5646293995744271
2026-05-18 05:45:00+00:00,Mock tweet 2843,0.49427988043841076
2026-05-18 05:46:00+00:00,Mock tweet 2844,0.4263202063593736
2026-05-18 05:48:00+00:00,Mock tweet 2845,-0.19777835070465355
2026-05-18 05:51:00+00:00,Mock tweet 2846,0.7859442595173485
2026-05-18 05:52:00+00:00,Mock tweet 2847,-0.8210656487961343
2026-05-18 05:53:00+00:00,Mock tweet 2848,-0.22127184471916395
2026-05-18 05:54:00+00:00,Mock tweet 2849,-0.9850675492094234
2026-05-18 05:56:00+00:00,Mock tweet 2850,0.30507764722360164
2026-05-18 05:57:00+00:00,Mock tweet 2851,-0.17252654953671764
2026-05-18 06:03:00+00:00,Mock tweet 2852,-0.6979931318821113
2026-05-18 06:12:00+00:00,Mock tweet 2853,-0.5499240688883957
2026-05-18 06:14:00+00:00,Mock tweet 2854,-0.8209250042145044
2026-05-18 06:16:00+00:00,Mock tweet 2855,-0.3120786506063422
2026-05-18 06:17:00+00:00,Mock tweet 2856,-0.3183879092688444
2026-05-18 06:20:00+00:00,Mock tweet 2857,0.4098866634884468
2026-05-18 06:29:00+00:00,Mock tweet 2858,-0.6716237522357831
2026-05-18 06:32:00+00:00,Mock tweet 2859,0.7590956143400327
2026-05-18 06:43:00+00:00,Mock tweet 2860,0.2586426090246725
2026-05-18 06:48:00+00:00,Mock tweet 2861,0.2676025174621235
2026-05-18 06:51:00+00:00,Mock tweet 2862,0.20257210696900385
2026-05-18 06:54:00+00:00,Mock tweet 2863,0.4739052809798654
2026-05-18 06:55:00+00:00,Mock tweet 2864,0.9834846681775464
2026-05-18 07:00:00+00:00,Mock tweet 2865,-0.6929775237483078
2026-05-18 07:02:00+00:00,Mock tweet 2866,-0.14159166974258008
2026-05-18 07:03:00+00:00,Mock tweet 2867,-0.43087858386639755
2026-05-18 07:04:00+00:00,Mock tweet 2868,0.21237922268961795
2026-05-18 07:05:00+00:00,Mock tweet 2869,-0.46484471304612596
2026-05-18 07:08:00+00:00,Mock tweet 2870,-0.11737483612813482
2026-05-18 07:18:00+00:00,Mock tweet 2871,0.4853555817769566
2026-05-18 07:19:00+00:00,Mock tweet 2872,0.1700542892959931
2026-05-18 07:22:00+00:00,Mock tweet 2873,-0.8734355701904837
2026-05-18 07:25:00+00:00,Mock tweet 2874,-0.12413266090264141
2026-05-18 07:30:00+00:00,Mock tweet 2875,-0.9695329484165689
2026-05-18 07:35:00+00:00,Mock tweet 2876,0.5167958281142815
2026-05-18 07:45:00+00:00,Mock tweet 2877,-0.28305102087518286
2026-05-18 07:53:00+00:00,Mock tweet 2878,0.24456935262786295
2026-05-18 07:54:00+00:00,Mock tweet 2879,0.1363660012258947
2026-05-18 07:57:00+00:00,Mock tweet 2880,0.6472646151861723
2026-05-18 08:05:00+00:00,Mock tweet 2881,-0.027371084527775702
2026-05-18 08:14:00+00:00,Mock tweet 2882,0.6774777371794987
2026-05-18 08:20:00+00:00,Mock tweet 2883,-0.7747954478103254
2026-05-18 08:24:00+00:00,Mock tweet 2884,-0.2395270210311744
2026-05-18 08:26:00+00:00,Mock tweet 2885,0.16351294058295762
2026-05-18 08:27:00+00:00,Mock tweet 2886,0.7236113395815913
2026-05-18 08:29:00+00:00,Mock tweet 2887,-0.1864202645586559
2026-05-18 08:39:00+00:00,Mock tweet 2888,0.6475737711456033
2026-05-18 08:52:00+00:00,Mock tweet 2889,-0.19565478004989
2026-05-18 08:54:00+00:00,Mock tweet 2890,0.5321742123856918
2026-05-18 08:54:00+00:00,Mock tweet 2891,-0.4801965516902156
2026-05-18 08:56:00+00:00,Mock tweet 2892,0.9975938149263603
2026-05-18 09:01:00+00:00,Mock tweet 2893,0.24803558554295746
2026-05-18 09:03:00+00:00,Mock tweet 2894,-0.03552970814380085
2026-05-18 09:10:00+00:00,Mock tweet 2895,0.31184407425954763
2026-05-18 09:20:00+00:00,Mock tweet 2896,-0.3425721961849517
2026-05-18 09:23:00+00:00,Mock tweet 2897,-0.983011638703793
2026-05-18 09:25:00+00:00,Mock tweet 2898,-0.55219004990123
2026-05-18 09:27:00+00:00,Mock tweet 2899,0.47218239666422224
2026-05-18 09:33:00+00:00,Mock tweet 2900,0.8699762088025818
2026-05-18 09:50:00+00:00,Mock tweet 2901,-0.04055346346923283
2026-05-18 09:55:00+00:00,Mock tweet 2902,0.48800310627198784
2026-05-18 09:56:00+00:00,Mock tweet 2903,-0.9888083371787699
2026-05-18 09:56:00+00:00,Mock tweet 2904,-0.9307461304669984
2026-05-18 09:58:00+00:00,Mock tweet 2905,-0.036362129254237985
2026-05-18 10:00:00+00:00,Mock tweet 2906,0.9727792340286403
2026-05-18 10:00:00+00:00,Mock tweet 2907,0.7246049187823713
2026-05-18 10:07:00+00:00,Mock tweet 2908,-0.42294911912433064
2026-05-18 10:10:00+00:00,Mock tweet 2909,-0.053582533103648355
2026-05-18 10:17:00+00:00,Mock tweet 2910,-0.9427279162426676
2026-05-18 10:35:00+00:00,Mock tweet 2911,0.651942171563832
2026-05-18 10:38:00+00:00,Mock tweet 2912,0.07781275061684845
2026-05-18 10:39:00+00:00,Mock tweet 2913,0.17340121885287796
2026-05-18 10:43:00+00:00,Mock tweet 2914,-0.20230340158748428
2026-05-18 10:44:00+00:00,Mock tweet 2915,-0.9193741709984562
2026-05-18 10:44:00+00:00,Mock tweet 2916,-0.9324952448023174
2026-05-18 10:45:00+00:00,Mock tweet 2917,0.5331709769738262
2026-05-18 10:48:00+00:00,Mock tweet 2918,-0.6434266345668307
2026-05-18 10:49:00+00:00,Mock tweet 2919,0.8940309931463049
2026-05-18 10:50:00+00:00,Mock tweet 2920,-0.5989044495122684
2026-05-18 10:52:00+00:00,Mock tweet 2921,-0.27541799017112045
2026-05-18 11:03:00+00:00,Mock tweet 2922,0.7690283757604781
2026-05-18 11:11:00+00:00,Mock tweet 2923,0.8540501248368946
2026-05-18 11:12:00+00:00,Mock tweet 2924,-0.5168450522194934
2026-05-18 11:16:00+00:00,Mock tweet 2925,0.16954809746784938
2026-05-18 11:19:00+00:00,Mock tweet 2926,-0.5050237440916194
2026-05-18 11:20:00+00:00,Mock tweet 2927,-0.34401950803957604
2026-05-18 11:20:00+00:00,Mock tweet 2928,0.46836439545001096
2026-05-18 11:23:00+00:00,Mock tweet 2929,0.5864378147380678
2026-05-18 11:27:00+00:00,Mock tweet 2930,0.25643585099216226
2026-05-18 11:33:00+00:00,Mock tweet 2931,0.017181761583531463
2026-05-18 11:40:00+00:00,Mock tweet 2932,0.6248923588132749
2026-05-18 11:40:00+00:00,Mock tweet 2933,-0.037806910397551796
2026-05-18 11:45:00+00:00,Mock tweet 2934,0.24875957446379338
2026-05-18 11:46:00+00:00,Mock tweet 2935,-0.9162399853876133
2026-05-18 11:46:00+00:00,Mock tweet 2936,0.9649724392454804
2026-05-18 11:50:00+00:00,Mock tweet 2937,0.1686664001865137
2026-05-18 11:53:00+00:00,Mock tweet 2938,5.934855016277714
2026-05-18 11:53:00+00:00,Mock tweet 2939,0.964001830200363
2026-05-18 11:56:00+00:00,Mock tweet 2940,-0.40528146173513746
2026-05-18 12:01:00+00:00,Mock tweet 2941,-0.6684781271390869
2026-05-18 12:03:00+00:00,Mock tweet 2942,0.671392720849997
2026-05-18 12:05:00+00:00,Mock tweet 2943,0.7616650820979902
2026-05-18 12:06:00+00:00,Mock tweet 2944,-0.19087909041803575
2026-05-18 12:08:00+00:00,Mock tweet 2945,0.9155602389116122
2026-05-18 12:09:00+00:00,Mock tweet 2946,0.8152069121499985
2026-05-18 12:11:00+00:00,Mock tweet 2947,-0.31466122246927286
2026-05-18 12:22:00+00:00,Mock tweet 2948,-0.4495792138384507
2026-05-18 12:30:00+00:00,Mock tweet 2949,0.5393816028023621
2026-05-18 12:36:00+00:00,Mock tweet 2950,-0.026555566439729006
2026-05-18 12:41:00+00:00,Mock tweet 2951,-0.08322825876542028
2026-05-18 12:49:00+00:00,Mock tweet 2952,0.8378959394356187
2026-05-18 12:57:00+00:00,Mock tweet 2953,0.4226079414060948
2026-05-18 13:00:00+00:00,Mock tweet 2954,-0.9969563440974485
2026-05-18 13:01:00+00:00,Mock tweet 2955,0.31156863689723635
2026-05-18 13:13:00+00:00,Mock tweet 2956,0.9459761476259814
2026-05-18 13:17:00+00:00,Mock tweet 2957,-0.1707162756801308
2026-05-18 13:20:00+00:00,Mock tweet 2958,0.05966656928023384
2026-05-18 13:23:00+00:00,Mock tweet 2959,-0.9880599097412193
2026-05-18 13:26:00+00:00,Mock tweet 2960,0.1583560033010638
2026-05-18 13:30:00+00:00,Mock tweet 2961,-0.42616971305583506
2026-05-18 13:32:00+00:00,Mock tweet 2962,0.49432261397555255
2026-05-18 13:37:00+00:00,Mock tweet 2963,-0.894677085618623
2026-05-18 13:39:00+00:00,Mock tweet 2964,0.336462489789801
2026-05-18 13:44:00+00:00,Mock tweet 2965,0.2518813711479524
2026-05-18 13:45:00+00:00,Mock tweet 2966,0.35551930063659953
2026-05-18 13:46:00+00:00,Mock tweet 2967,-0.7802975206395975
2026-05-18 13:51:00+00:00,Mock tweet 2968,0.16932694128398174
2026-05-18 13:51:00+00:00,Mock tweet 2969,0.6495613302315364
2026-05-18 13:52:00+00:00,Mock tweet 2970,-0.37642790590083464
2026-05-18 13:58:00+00:00,Mock tweet 2971,0.41016298221127045
2026-05-18 14:06:00+00:00,Mock tweet 2972,-0.2637421655171268
2026-05-18 14:10:00+00:00,Mock tweet 2973,0.48874955104523643
2026-05-18 14:13:00+00:00,Mock tweet 2974,-0.35337370116427813
2026-05-18 14:13:00+00:00,Mock tweet 2975,-0.3174003175143034
2026-05-18 14:18:00+00:00,Mock tweet 2976,-0.587957513498478
2026-05-18 14:28:00+00:00,Mock tweet 2977,-0.3366129461290659
2026-05-18 14:35:00+00:00,Mock tweet 2978,0.45974563375762467
2026-05-18 14:45:00+00:00,Mock tweet 2979,-0.6868722032731878
2026-05-18 14:45:00+00:00,Mock tweet 2980,0.8353959108358096
2026-05-18 14:58:00+00:00,Mock tweet 2981,-0.955394530812155
2026-05-18 14:59:00+00:00,Mock tweet 2982,0.5794568704562093
2026-05-18 15:00:00+00:00,Mock tweet 2983,0.2684931616982318
2026-05-18 15:00:00+00:00,Mock tweet 2984,0.5426378801303244
2026-05-18 15:01:00+00:00,Mock tweet 2985,-0.34894126765421873
2026-05-18 15:01:00+00:00,Mock tweet 2986,-0.7022961694969405
2026-05-18 15:11:00+00:00,Mock tweet 2987,-0.1935398630854781
2026-05-18 15:18:00+00:00,Mock tweet 2988,0.11570793178781891
2026-05-18 15:24:00+00:00,Mock tweet 2989,-0.14032717216147317
2026-05-18 15:25:00+00:00,Mock tweet 2990,-0.49018497889544044
2026-05-18 15:28:00+00:00,Mock tweet 2991,0.15245772236057875
2026-05-18 15:32:00+00:00,Mock tweet 2992,0.8002520029813684
2026-05-18 15:32:00+00:00,Mock tweet 2993,0.5999405256893768
2026-05-18 15:37:00+00:00,Mock tweet 2994,0.6104402974981602
2026-05-18 15:38:00+00:00,Mock tweet 2995,-0.37316609549343815
2026-05-18 15:41:00+00:00,Mock tweet 2996,-0.7116410441310501
2026-05-18 15:49:00+00:00,Mock tweet 2997,-0.27289076298511894
2026-05-18 15:53:00+00:00,Mock tweet 2998,0.6140391317447198
2026-05-18 16:00:00+00:00,Mock tweet 2999,-0.0356550860028777
2026-05-18 16:00:00+00:00,Mock tweet 3000,-0.3736774461535728
2026-05-18 16:06:00+00:00,Mock tweet 3001,-0.4471748510438578
2026-05-18 16:07:00+00:00,Mock tweet 3002,-0.07100739206747275
2026-05-18 16:11:00+00:00,Mock tweet 3003,0.9921067287498044
2026-05-18 16:12:00+00:00,Mock tweet 3004,-0.3805385684619107
2026-05-18 16:14:00+00:00,Mock tweet 3005,-0.8625858025020876
2026-05-18 16:15:00+00:00,Mock tweet 3006,0.7768843172208841
2026-05-18 16:18:00+00:00,Mock tweet 3007,0.8648202014961743
2026-05-18 16:22:00+00:00,Mock tweet 3008,-0.12963536712503454
2026-05-18 16:26:00+00:00,Mock tweet 3009,0.034317476267015534
2026-05-18 16:31:00+00:00,Mock tweet 3010,-0.7831423388775443
2026-05-18 16:33:00+00:00,Mock tweet 3011,-0.5474154992362728
2026-05-18 16:38:00+00:00,Mock tweet 3012,0.3011444925178772
2026-05-18 16:58:00+00:00,Mock tweet 3013,0.27397202638807294
2026-05-18 16:58:00+00:00,Mock tweet 3014,0.011630107122115207
2026-05-18 17:11:00+00:00,Mock tweet 3015,-0.754986258750401
2026-05-18 17:12:00+00:00,Mock tweet 3016,0.6817186520384937
2026-05-18 17:18:00+00:00,Mock tweet 3017,-0.6065598700673818
2026-05-18 17:21:00+00:00,Mock tweet 3018,-0.4363253616716378
2026-05-18 17:26:00+00:00,Mock tweet 3019,0.5817664358918444
2026-05-18 17:37:00+00:00,Mock tweet 3020,0.9246181128308362
2026-05-18 17:46:00+00:00,Mock tweet 3021,-0.5178703362366821
2026-05-18 17:50:00+00:00,Mock tweet 3022,-0.3182695453810538
2026-05-18 17:51:00+00:00,Mock tweet 3023,-0.32144644204870976
2026-05-18 17:52:00+00:00,Mock tweet 3024,-0.8291413850669915
2026-05-18 17:56:00+00:00,Mock tweet 3025,0.6997706632903136
2026-05-18 18:00:00+00:00,Mock tweet 3026,-0.6690455200616818
2026-05-18 18:01:00+00:00,Mock tweet 3027,0.04384703939981449
2026-05-18 18:16:00+00:00,Mock tweet 3028,-0.692200574890729
2026-05-18 18:23:00+00:00,Mock tweet 3029,0.6784817443318212
2026-05-18 18:23:00+00:00,Mock tweet 3030,6.100901123037625
2026-05-18 18:28:00+00:00,Mock tweet 3031,0.5204030780483466
2026-05-18 18:28:00+00:00,Mock tweet 3032,-0.3356159094790345
2026-05-18 18:29:00+00:00,Mock tweet 3033,-0.05433016190678086
2026-05-18 18:31:00+00:00,Mock tweet 3034,0.9658564360992443
2026-05-18 18:38:00+00:00,Mock tweet 3035,-0.5424593667012467
2026-05-18 18:38:00+00:00,Mock tweet 3036,-0.10508911625163542
2026-05-18 18:51:00+00:00,Mock tweet 3037,0.4645179876219361
2026-05-18 18:59:00+00:00,Mock tweet 3038,-0.5316474716684978
2026-05-18 19:03:00+00:00,Mock tweet 3039,0.9718335039560371
2026-05-18 19:05:00+00:00,Mock tweet 3040,-0.31714605398365325
2026-05-18 19:11:00+00:00,Mock tweet 3041,0.4115021754540562
2026-05-18 19:13:00+00:00,Mock tweet 3042,0.5863470111134126
2026-05-18 19:15:00+00:00,Mock tweet 3043,-0.2578674455634806
2026-05-18 19:19:00+00:00,Mock tweet 3044,0.13268993533028262
2026-05-18 19:22:00+00:00,Mock tweet 3045,7.7262771627481825
2026-05-18 19:23:00+00:00,Mock tweet 3046,-0.056896041952937404
2026-05-18 19:24:00+00:00,Mock tweet 3047,-0.52685011797646
2026-05-18 19:41:00+00:00,Mock tweet 3048,0.1360620381013058
2026-05-18 19:46:00+00:00,Mock tweet 3049,-0.9222066893453127
2026-05-18 19:59:00+00:00,Mock tweet 3050,-0.2495766357953626
2026-05-18 20:03:00+00:00,Mock tweet 3051,0.08214927892305757
2026-05-18 20:08:00+00:00,Mock tweet 3052,-0.219505210733548
2026-05-18 20:08:00+00:00,Mock tweet 3053,-0.029032669739266437
2026-05-18 20:19:00+00:00,Mock tweet 3054,0.13590646835912135
2026-05-18 20:20:00+00:00,Mock tweet 3055,-0.6700378921291954
2026-05-18 20:21:00+00:00,Mock tweet 3056,-0.8875628360478123
2026-05-18 20:25:00+00:00,Mock tweet 3057,0.13740533669062627
2026-05-18 20:41:00+00:00,Mock tweet 3058,-0.16576972950356672
2026-05-18 20:47:00+00:00,Mock tweet 3059,-0.5253431559763604
2026-05-18 20:48:00+00:00,Mock tweet 3060,0.6069116360160718
2026-05-18 20:50:00+00:00,Mock tweet 3061,0.15898760862722283
2026-05-18 20:51:00+00:00,Mock tweet 3062,0.09004272357481402
2026-05-18 20:55:00+00:00,Mock tweet 3063,0.6549705219265709
2026-05-18 20:57:00+00:00,Mock tweet 3064,0.2642719023134994
2026-05-18 20:58:00+00:00,Mock tweet 3065,0.6908242922635923
2026-05-18 21:06:00+00:00,Mock tweet 3066,-0.3232134082765228
2026-05-18 21:08:00+00:00,Mock tweet 3067,-0.05066989110447473
2026-05-18 21:08:00+00:00,Mock tweet 3068,-0.1392396887015579
2026-05-18 21:11:00+00:00,Mock tweet 3069,0.5197255741249851
2026-05-18 21:12:00+00:00,Mock tweet 3070,0.6614449496898405
2026-05-18 21:13:00+00:00,Mock tweet 3071,0.659488187581674
2026-05-18 21:18:00+00:00,Mock tweet 3072,0.4885636150143786
2026-05-18 21:20:00+00:00,Mock tweet 3073,0.9097506719723458
2026-05-18 21:27:00+00:00,Mock tweet 3074,0.8134663928643364
2026-05-18 21:30:00+00:00,Mock tweet 3075,-0.6336320201533716
2026-05-18 21:32:00+00:00,Mock tweet 3076,-0.4049699375185012
2026-05-18 21:36:00+00:00,Mock tweet 3077,-0.49307644671854334
2026-05-18 21:37:00+00:00,Mock tweet 3078,0.13130864584186286
2026-05-18 21:37:00+00:00,Mock tweet 3079,0.013371359865234966
2026-05-18 21:40:00+00:00,Mock tweet 3080,0.06935041084482862
2026-05-18 21:44:00+00:00,Mock tweet 3081,-0.03681177266341629
2026-05-18 21:44:00+00:00,Mock tweet 3082,-0.08111633041331823
2026-05-18 21:47:00+00:00,Mock tweet 3083,0.8711465415366046
2026-05-18 21:52:00+00:00,Mock tweet 3084,-0.6296613418545596
2026-05-18 21:53:00+00:00,Mock tweet 3085,0.7512499255778928
2026-05-18 22:01:00+00:00,Mock tweet 3086,5.332022344293328
2026-05-18 22:03:00+00:00,Mock tweet 3087,0.6167599010433265
2026-05-18 22:03:00+00:00,Mock tweet 3088,-0.5126514102287085
2026-05-18 22:03:00+00:00,Mock tweet 3089,-0.5368421541117412
2026-05-18 22:07:00+00:00,Mock tweet 3090,0.9702235170974125
2026-05-18 22:08:00+00:00,Mock tweet 3091,0.5603222106112311
2026-05-18 22:16:00+00:00,Mock tweet 3092,0.3626996988419078
2026-05-18 22:30:00+00:00,Mock tweet 3093,-0.5318861986343912
2026-05-18 22:32:00+00:00,Mock tweet 3094,0.8260085179950576
2026-05-18 22:34:00+00:00,Mock tweet 3095,-0.721491858874199
2026-05-18 22:39:00+00:00,Mock tweet 3096,0.639060162558702
2026-05-18 22:50:00+00:00,Mock tweet 3097,0.3000016141694075
2026-05-18 22:53:00+00:00,Mock tweet 3098,-0.4896658315409248
2026-05-18 22:55:00+00:00,Mock tweet 3099,0.7398114296273803
2026-05-18 22:55:00+00:00,Mock tweet 3100,0.7167302835304374
2026-05-18 22:55:00+00:00,Mock tweet 3101,0.34033705166859285
2026-05-18 22:57:00+00:00,Mock tweet 3102,-0.606082486308561
2026-05-18 23:02:00+00:00,Mock tweet 3103,-0.010965392483367031
2026-05-18 23:05:00+00:00,Mock tweet 3104,0.16601845770780765
2026-05-18 23:08:00+00:00,Mock tweet 3105,-0.6808703932976705
2026-05-18 23:08:00+00:00,Mock tweet 3106,-0.16068442652074566
2026-05-18 23:10:00+00:00,Mock tweet 3107,0.8360077387322897
2026-05-18 23:14:00+00:00,Mock tweet 3108,0.3400680217610379
2026-05-18 23:16:00+00:00,Mock tweet 3109,-0.3145135002295938
2026-05-18 23:17:00+00:00,Mock tweet 3110,-0.7557345777040607
2026-05-18 23:17:00+00:00,Mock tweet 3111,-0.7790299184180616
2026-05-18 23:21:00+00:00,Mock tweet 3112,0.6619804014592505
2026-05-18 23:40:00+00:00,Mock tweet 3113,0.24520698385180828
2026-05-18 23:44:00+00:00,Mock tweet 3114,0.887192367931819
2026-05-19 00:06:00+00:00,Mock tweet 3115,0.10725356243801776
2026-05-19 00:11:00+00:00,Mock tweet 3116,-0.022105699802583922
2026-05-19 00:11:00+00:00,Mock tweet 3117,-0.9679348871744762
2026-05-19 00:16:00+00:00,Mock tweet 3118,0.23911312125878648
2026-05-19 00:19:00+00:00,Mock tweet 3119,-0.12543275409676657
2026-05-19 00:21:00+00:00,Mock tweet 3120,0.04817110431255345
2026-05-19 00:22:00+00:00,Mock tweet 3121,-0.6329375519456937
2026-05-19 00:24:00+00:00,Mock tweet 3122,0.4828732530900457
2026-05-19 00:25:00+00:00,Mock tweet 3123,-0.5701674892196629
2026-05-19 00:26:00+00:00,Mock tweet 3124,0.678031680261959
2026-05-19 00:33:00+00:00,Mock tweet 3125,0.3504493660174588
2026-05-19 00:47:00+00:00,Mock tweet 3126,0.22239326277735882
2026-05-19 00:53:00+00:00,Mock tweet 3127,-0.6803243110843662
2026-05-19 01:06:00+00:00,Mock tweet 3128,0.7336021573200648
2026-05-19 01:13:00+00:00,Mock tweet 3129,0.9732825210311362
2026-05-19 01:18:00+00:00,Mock tweet 3130,0.6317398024532588
2026-05-19 01:20:00+00:00,Mock tweet 3131,-0.15176251831654497
2026-05-19 01:20:00+00:00,Mock tweet 3132,0.4087239184265268
2026-05-19 01:24:00+00:00,Mock tweet 3133,0.7957480646394608
2026-05-19 01:24:00+00:00,Mock tweet 3134,0.6792382572518392
2026-05-19 01:29:00+00:00,Mock tweet 3135,0.16896662678665497
2026-05-19 01:36:00+00:00,Mock tweet 3136,-0.030631785347376317
2026-05-19 01:41:00+00:00,Mock tweet 3137,-0.589234727648555
2026-05-19 01:46:00+00:00,Mock tweet 3138,0.9598845238771851
2026-05-19 01:52:00+00:00,Mock tweet 3139,0.5108729459277339
2026-05-19 01:56:00+00:00,Mock tweet 3140,0.6532830884789766
2026-05-19 01:59:00+00:00,Mock tweet 3141,0.2696979223002598
2026-05-19 02:01:00+00:00,Mock tweet 3142,0.3353047894813417
2026-05-19 02:01:00+00:00,Mock tweet 3143,0.9203150175713148
2026-05-19 02:02:00+00:00,Mock tweet 3144,-0.8765079039813877
2026-05-19 02:03:00+00:00,Mock tweet 3145,-0.7282731009327368
2026-05-19 02:05:00+00:00,Mock tweet 3146,0.010920712312042058
2026-05-19 02:09:00+00:00,Mock tweet 3147,0.22242846045076514
2026-05-19 02:12:00+00:00,Mock tweet 3148,0.9786657456269359
2026-05-19 02:19:00+00:00,Mock tweet 3149,-0.8806946335197645
2026-05-19 02:24:00+00:00,Mock tweet 3150,0.4851494774711833
2026-05-19 02:24:00+00:00,Mock tweet 3151,0.6806037396616578
2026-05-19 02:35:00+00:00,Mock tweet 3152,0.3170995862866508
2026-05-19 02:39:00+00:00,Mock tweet 3153,0.09973258780340144
2026-05-19 02:44:00+00:00,Mock tweet 3154,-0.6665899683976342
2026-05-19 02:46:00+00:00,Mock tweet 3155,0.18455670781454225
2026-05-19 02:57:00+00:00,Mock tweet 3156,-0.4601962721944719
2026-05-19 03:07:00+00:00,Mock tweet 3157,0.9047315219721743
2026-05-19 03:07:00+00:00,Mock tweet 3158,0.10595977061153228
2026-05-19 03:09:00+00:00,Mock tweet 3159,0.3098359196807492
2026-05-19 03:12:00+00:00,Mock tweet 3160,0.3052603116636159
2026-05-19 03:19:00+00:00,Mock tweet 3161,0.057203121344272745
2026-05-19 03:19:00+00:00,Mock tweet 3162,-0.9470903368259358
2026-05-19 03:20:00+00:00,Mock tweet 3163,0.6499833848790852
2026-05-19 03:22:00+00:00,Mock tweet 3164,0.7291439467219385
2026-05-19 03:22:00+00:00,Mock tweet 3165,0.4750039775177235
2026-05-19 03:24:00+00:00,Mock tweet 3166,-0.24554274728813663
2026-05-19 03:34:00+00:00,Mock tweet 3167,0.3792850984742926
2026-05-19 03:42:00+00:00,Mock tweet 3168,-0.9875926102397594
2026-05-19 03:53:00+00:00,Mock tweet 3169,-0.9833949213861628
2026-05-19 03:56:00+00:00,Mock tweet 3170,-0.8494892666415059
2026-05-19 04:00:00+00:00,Mock tweet 3171,-0.9050494641487961
2026-05-19 04:03:00+00:00,Mock tweet 3172,-0.0008965266153777574
2026-05-19 04:04:00+00:00,Mock tweet 3173,0.2562784581309634
2026-05-19 04:08:00+00:00,Mock tweet 3174,0.7566435108224359
2026-05-19 04:18:00+00:00,Mock tweet 3175,0.37260113681490536
2026-05-19 04:25:00+00:00,Mock tweet 3176,-0.5492020393443289
2026-05-19 04:29:00+00:00,Mock tweet 3177,0.8158186353155439
2026-05-19 04:31:00+00:00,Mock tweet 3178,9.834200059635107
2026-05-19 04:36:00+00:00,Mock tweet 3179,0.006758555610433925
2026-05-19 04:36:00+00:00,Mock tweet 3180,-0.5036980144817287
2026-05-19 04:38:00+00:00,Mock tweet 3181,-0.2856607363311592
2026-05-19 04:41:00+00:00,Mock tweet 3182,-0.6609803380379939
2026-05-19 04:46:00+00:00,Mock tweet 3183,-0.7554007039042541
2026-05-19 04:54:00+00:00,Mock tweet 3184,-0.7532215995515448
2026-05-19 04:54:00+00:00,Mock tweet 3185,0.7832002808543239
2026-05-19 04:57:00+00:00,Mock tweet 3186,0.27956665055451846
2026-05-19 05:01:00+00:00,Mock tweet 3187,-0.7604588090583106
2026-05-19 05:04:00+00:00,Mock tweet 3188,-0.20486917987275133
2026-05-19 05:05:00+00:00,Mock tweet 3189,0.3208031272162408
2026-05-19 05:11:00+00:00,Mock tweet 3190,-0.9558429174971743
2026-05-19 05:20:00+00:00,Mock tweet 3191,-0.22463418799586576
2026-05-19 05:26:00+00:00,Mock tweet 3192,-0.8570622743750353
2026-05-19 05:27:00+00:00,Mock tweet 3193,0.13682996851176643
2026-05-19 05:31:00+00:00,Mock tweet 3194,-0.2901449214996965
2026-05-19 05:43:00+00:00,Mock tweet 3195,-0.35812426946336773
2026-05-19 05:43:00+00:00,Mock tweet 3196,-0.7786846791169098
2026-05-19 05:52:00+00:00,Mock tweet 3197,0.762595571668478
2026-05-19 05:55:00+00:00,Mock tweet 3198,-0.05573531057124148
2026-05-19 05:58:00+00:00,Mock tweet 3199,-0.8983309739716165
2026-05-19 06:07:00+00:00,Mock tweet 3200,-0.4699293430942646
2026-05-19 06:08:00+00:00,Mock tweet 3201,0.2605006209205636
2026-05-19 06:09:00+00:00,Mock tweet 3202,0.9649342786599799
2026-05-19 06:12:00+00:00,Mock tweet 3203,0.5103005605826818
2026-05-19 06:12:00+00:00,Mock tweet 3204,0.20302117082920335
2026-05-19 06:15:00+00:00,Mock tweet 3205,0.8690197627742222
2026-05-19 06:28:00+00:00,Mock tweet 3206,0.9620678644242766
2026-05-19 06:30:00+00:00,Mock tweet 3207,-0.43474963133842714
2026-05-19 06:30:00+00:00,Mock tweet 3208,0.10611337929747289
2026-05-19 06:54:00+00:00,Mock tweet 3209,0.6868457570868369
2026-05-19 07:04:00+00:00,Mock tweet 3210,0.0498560818870466
2026-05-19 07:05:00+00:00,Mock tweet 3211,5.849188770069025
2026-05-19 07:05:00+00:00,Mock tweet 3212,0.4831306495826593
2026-05-19 07:10:00+00:00,Mock tweet 3213,0.30691550912089416
2026-05-19 07:11:00+00:00,Mock tweet 3214,0.0076785194561330705
2026-05-19 07:13:00+00:00,Mock tweet 3215,0.3993714001102935
2026-05-19 07:13:00+00:00,Mock tweet 3216,-0.10140755985945038
2026-05-19 07:16:00+00:00,Mock tweet 3217,-0.16397341276959954
2026-05-19 07:18:00+00:00,Mock tweet 3218,0.15270499752877775
2026-05-19 07:20:00+00:00,Mock tweet 3219,-0.07930220597668192
2026-05-19 07:21:00+00:00,Mock tweet 3220,0.7589204243424315
2026-05-19 07:22:00+00:00,Mock tweet 3221,-0.39501946184095593
2026-05-19 07:28:00+00:00,Mock tweet 3222,-0.8141476476880651
2026-05-19 07:34:00+00:00,Mock tweet 3223,-0.16651381601965998
2026-05-19 07:39:00+00:00,Mock tweet 3224,0.9662552147263392
2026-05-19 07:44:00+00:00,Mock tweet 3225,0.7039935432069377
2026-05-19 07:52:00+00:00,Mock tweet 3226,0.03245672879004702
2026-05-19 07:56:00+00:00,Mock tweet 3227,-0.19518426496861796
2026-05-19 07:56:00+00:00,Mock tweet 3228,0.7343059529279075
2026-05-19 07:57:00+00:00,Mock tweet 3229,0.2792110509720309
2026-05-19 07:58:00+00:00,Mock tweet 3230,0.36986726862027575
2026-05-19 08:01:00+00:00,Mock tweet 3231,0.37959848197481283
2026-05-19 08:01:00+00:00,Mock tweet 3232,0.8060657168361847
2026-05-19 08:04:00+00:00,Mock tweet 3233,0.055584683093924614
2026-05-19 08:13:00+00:00,Mock tweet 3234,-0.6904264709391728
2026-05-19 08:26:00+00:00,Mock tweet 3235,-0.08035919386517576
2026-05-19 08:28:00+00:00,Mock tweet 3236,0.6909977108897591
2026-05-19 08:28:00+00:00,Mock tweet 3237,-0.6431577241903503
2026-05-19 08:39:00+00:00,Mock tweet 3238,-0.035278601673647936
2026-05-19 08:43:00+00:00,Mock tweet 3239,-0.45870143142078557
2026-05-19 08:47:00+00:00,Mock tweet 3240,0.9846742767401866
2026-05-19 08:48:00+00:00,Mock tweet 3241,0.45679880002500295
2026-05-19 08:50:00+00:00,Mock tweet 3242,-0.7647534531922044
2026-05-19 08:51:00+00:00,Mock tweet 3243,-0.9775462174104452
2026-05-19 08:51:00+00:00,Mock tweet 3244,-0.5193369489669231
2026-05-19 08:53:00+00:00,Mock tweet 3245,0.7819808777945165
2026-05-19 09:03:00+00:00,Mock tweet 3246,-0.08291120433245291
2026-05-19 09:07:00+00:00,Mock tweet 3247,0.07886594937761493
2026-05-19 09:09:00+00:00,Mock tweet 3248,0.19303666624310178
2026-05-19 09:15:00+00:00,Mock tweet 3249,-0.326579082164425
2026-05-19 09:18:00+00:00,Mock tweet 3250,-0.9149296279903614
2026-05-19 09:20:00+00:00,Mock tweet 3251,-0.6031979084650265
2026-05-19 09:21:00+00:00,Mock tweet 3252,0.9747809229292297
2026-05-19 09:26:00+00:00,Mock tweet 3253,-0.10061467757746967
2026-05-19 09:37:00+00:00,Mock tweet 3254,0.5389362319415012
2026-05-19 09:39:00+00:00,Mock tweet 3255,-0.25061339443813035
2026-05-19 09:39:00+00:00,Mock tweet 3256,0.25303970010539234
2026-05-19 09:45:00+00:00,Mock tweet 3257,0.6311292714104735
2026-05-19 09:47:00+00:00,Mock tweet 3258,0.17920843821165122
2026-05-19 09:48:00+00:00,Mock tweet 3259,5.877863582526288e-06
2026-05-19 09:50:00+00:00,Mock tweet 3260,-0.09669115615523127
2026-05-19 09:53:00+00:00,Mock tweet 3261,0.6948836862000518
2026-05-19 09:53:00+00:00,Mock tweet 3262,-0.5879454132241995
2026-05-19 09:55:00+00:00,Mock tweet 3263,-0.3079147240415112
2026-05-19 09:56:00+00:00,Mock tweet 3264,-0.6263769979022131
2026-05-19 09:56:00+00:00,Mock tweet 3265,0.8066615023741961
2026-05-19 09:59:00+00:00,Mock tweet 3266,0.46025310448646306
2026-05-19 10:03:00+00:00,Mock tweet 3267,-0.2612133103503613
2026-05-19 10:07:00+00:00,Mock tweet 3268,0.4658452670456532
2026-05-19 10:07:00+00:00,Mock tweet 3269,0.4363508547490085
2026-05-19 10:11:00+00:00,Mock tweet 3270,0.21799508097722597
2026-05-19 10:13:00+00:00,Mock tweet 3271,0.664331034723582
2026-05-19 10:15:00+00:00,Mock tweet 3272,-0.4637353104575048
2026-05-19 10:16:00+00:00,Mock tweet 3273,0.9289588616233175
2026-05-19 10:21:00+00:00,Mock tweet 3274,0.39085111189603494
2026-05-19 10:21:00+00:00,Mock tweet 3275,-0.2723520406827016
2026-05-19 10:22:00+00:00,Mock tweet 3276,-0.2099117412364344
2026-05-19 10:29:00+00:00,Mock tweet 3277,-0.8408460746874893
2026-05-19 10:30:00+00:00,Mock tweet 3278,-0.6272848305005545
2026-05-19 10:30:00+00:00,Mock tweet 3279,0.255498057211222
2026-05-19 10:37:00+00:00,Mock tweet 3280,0.016562532053821855
2026-05-19 10:40:00+00:00,Mock tweet 3281,0.3165419067167745
2026-05-19 10:47:00+00:00,Mock tweet 3282,0.47361969868517995
2026-05-19 10:55:00+00:00,Mock tweet 3283,0.8284228733724888
2026-05-19 11:08:00+00:00,Mock tweet 3284,-0.05271192706512662
2026-05-19 11:14:00+00:00,Mock tweet 3285,0.12266075314000191
2026-05-19 11:22:00+00:00,Mock tweet 3286,0.7547407651784692
2026-05-19 11:23:00+00:00,Mock tweet 3287,-0.1021037572147554
2026-05-19 11:30:00+00:00,Mock tweet 3288,0.16780416122250896
2026-05-19 11:31:00+00:00,Mock tweet 3289,0.44354437577918504
2026-05-19 11:39:00+00:00,Mock tweet 3290,0.5780483848124911
2026-05-19 11:39:00+00:00,Mock tweet 3291,0.05689137759237406
2026-05-19 11:41:00+00:00,Mock tweet 3292,0.06729290097620177
2026-05-19 11:42:00+00:00,Mock tweet 3293,-0.7288190103752346
2026-05-19 11:45:00+00:00,Mock tweet 3294,-0.030614805966945102
2026-05-19 12:02:00+00:00,Mock tweet 3295,0.7843123561388534
2026-05-19 12:04:00+00:00,Mock tweet 3296,-0.22255856804845098
2026-05-19 12:06:00+00:00,Mock tweet 3297,0.26631448230667165
2026-05-19 12:10:00+00:00,Mock tweet 3298,0.09243286495390479
2026-05-19 12:20:00+00:00,Mock tweet 3299,-0.89264487516227
2026-05-19 12:25:00+00:00,Mock tweet 3300,-0.6210229210012665
2026-05-19 12:26:00+00:00,Mock tweet 3301,-0.7602888430956403
2026-05-19 12:26:00+00:00,Mock tweet 3302,-0.317486181650515
2026-05-19 12:33:00+00:00,Mock tweet 3303,0.5933089196935113
2026-05-19 12:36:00+00:00,Mock tweet 3304,0.0693235832765402
2026-05-19 12:39:00+00:00,Mock tweet 3305,-0.7938932832259871
2026-05-19 12:40:00+00:00,Mock tweet 3306,0.8697760854103911
2026-05-19 12:44:00+00:00,Mock tweet 3307,0.9719060414418674
2026-05-19 12:44:00+00:00,Mock tweet 3308,-0.5724095254246422
2026-05-19 12:49:00+00:00,Mock tweet 3309,0.628504303802331
2026-05-19 12:49:00+00:00,Mock tweet 3310,-0.22210902402520638
2026-05-19 12:49:00+00:00,Mock tweet 3311,-0.5505838216859182
2026-05-19 12:53:00+00:00,Mock tweet 3312,0.003890626205204306
2026-05-19 12:54:00+00:00,Mock tweet 3313,0.15531370720402715
2026-05-19 12:54:00+00:00,Mock tweet 3314,0.3245274809751588
2026-05-19 13:01:00+00:00,Mock tweet 3315,0.686098950534026
2026-05-19 13:20:00+00:00,Mock tweet 3316,-0.5145578286418206
2026-05-19 13:29:00+00:00,Mock tweet 3317,-0.8552994685463728
2026-05-19 13:30:00+00:00,Mock tweet 3318,-0.8872441345626814
2026-05-19 13:39:00+00:00,Mock tweet 3319,0.14850479466282063
2026-05-19 13:44:00+00:00,Mock tweet 3320,-0.7159395583909574
2026-05-19 13:44:00+00:00,Mock tweet 3321,0.9298241685616373
2026-05-19 13:52:00+00:00,Mock tweet 3322,0.7280783278385763
2026-05-19 13:55:00+00:00,Mock tweet 3323,0.7991941594620433
2026-05-19 13:55:00+00:00,Mock tweet 3324,-0.29239497377021983
2026-05-19 13:57:00+00:00,Mock tweet 3325,-0.19804442860904814
2026-05-19 14:00:00+00:00,Mock tweet 3326,-0.8514832927666938
2026-05-19 14:05:00+00:00,Mock tweet 3327,-0.6025065868617807
2026-05-19 14:19:00+00:00,Mock tweet 3328,-0.044416096000337246
2026-05-19 14:21:00+00:00,Mock tweet 3329,-0.696448419243674
2026-05-19 14:27:00+00:00,Mock tweet 3330,0.9568195379241884
2026-05-19 14:36:00+00:00,Mock tweet 3331,-0.19215926518694437
2026-05-19 14:39:00+00:00,Mock tweet 3332,0.26690933508395887
2026-05-19 14:49:00+00:00,Mock tweet 3333,-0.6482182785014319
2026-05-19 14:53:00+00:00,Mock tweet 3334,-0.677339096787277
2026-05-19 15:03:00+00:00,Mock tweet 3335,0.9294161773123741
2026-05-19 15:10:00+00:00,Mock tweet 3336,-0.6515978648521359
2026-05-19 15:10:00+00:00,Mock tweet 3337,-0.16443833244388095
2026-05-19 15:11:00+00:00,Mock tweet 3338,-0.08085092362166502
2026-05-19 15:13:00+00:00,Mock tweet 3339,0.2537028409999984
2026-05-19 15:14:00+00:00,Mock tweet 3340,0.7626187590136051
2026-05-19 15:18:00+00:00,Mock tweet 3341,0.9099226714655435
2026-05-19 15:20:00+00:00,Mock tweet 3342,0.21008830949469304
2026-05-19 15:38:00+00:00,Mock tweet 3343,-0.15085036522907092
2026-05-19 15:48:00+00:00,Mock tweet 3344,-0.047375928548771595
2026-05-19 15:48:00+00:00,Mock tweet 3345,-0.8130222094425301
2026-05-19 15:49:00+00:00,Mock tweet 3346,0.8904814031562702
2026-05-19 15:56:00+00:00,Mock tweet 3347,-0.09791846990177944
2026-05-19 15:56:00+00:00,Mock tweet 3348,-0.01808954910804883
2026-05-19 15:57:00+00:00,Mock tweet 3349,0.8202812946338949
2026-05-19 16:04:00+00:00,Mock tweet 3350,0.41383673048520775
2026-05-19 16:06:00+00:00,Mock tweet 3351,-0.7130040351609153
2026-05-19 16:06:00+00:00,Mock tweet 3352,-0.04010886743480602
2026-05-19 16:11:00+00:00,Mock tweet 3353,-0.8762526222917371
2026-05-19 16:14:00+00:00,Mock tweet 3354,-0.0518251078063412
2026-05-19 16:22:00+00:00,Mock tweet 3355,0.8046603064426128
2026-05-19 16:24:00+00:00,Mock tweet 3356,0.007353691177474531
2026-05-19 16:26:00+00:00,Mock tweet 3357,-0.4577440340862651
2026-05-19 16:28:00+00:00,Mock tweet 3358,0.3972950472504173
2026-05-19 16:31:00+00:00,Mock tweet 3359,0.6786245318659554
2026-05-19 16:32:00+00:00,Mock tweet 3360,0.9220498231496796
2026-05-19 16:32:00+00:00,Mock tweet 3361,0.2636057723448699
2026-05-19 16:39:00+00:00,Mock tweet 3362,-0.05362386466356739
2026-05-19 16:41:00+00:00,Mock tweet 3363,0.043516572754457306
2026-05-19 16:45:00+00:00,Mock tweet 3364,-0.14159772930196368
2026-05-19 16:51:00+00:00,Mock tweet 3365,0.02753031239036563
2026-05-19 16:52:00+00:00,Mock tweet 3366,0.23028000617840183
2026-05-19 16:55:00+00:00,Mock tweet 3367,0.6507384721997338
2026-05-19 16:56:00+00:00,Mock tweet 3368,-0.8613116290650098
2026-05-19 17:04:00+00:00,Mock tweet 3369,0.06008463021556687
2026-05-19 17:05:00+00:00,Mock tweet 3370,-0.6280684957854681
2026-05-19 17:09:00+00:00,Mock tweet 3371,0.21229305159546197
2026-05-19 17:11:00+00:00,Mock tweet 3372,-0.8016079653754635
2026-05-19 17:14:00+00:00,Mock tweet 3373,0.2372325657821106
2026-05-19 17:17:00+00:00,Mock tweet 3374,0.03677332672281608
2026-05-19 17:23:00+00:00,Mock tweet 3375,-0.9557313782640131
2026-05-19 17:31:00+00:00,Mock tweet 3376,-0.5110666036439502
2026-05-19 17:31:00+00:00,Mock tweet 3377,-0.20780719856855412
2026-05-19 17:33:00+00:00,Mock tweet 3378,-0.23868754669349124
2026-05-19 17:39:00+00:00,Mock tweet 3379,0.9137759913558847
2026-05-19 17:41:00+00:00,Mock tweet 3380,0.052027546624987764
2026-05-19 17:41:00+00:00,Mock tweet 3381,0.5371984617480268
2026-05-19 17:42:00+00:00,Mock tweet 3382,-0.5618569427157816
2026-05-19 17:49:00+00:00,Mock tweet 3383,0.5554530398320334
2026-05-19 17:54:00+00:00,Mock tweet 3384,-0.5984614475025023
2026-05-19 17:55:00+00:00,Mock tweet 3385,-0.10231039084107074
2026-05-19 17:59:00+00:00,Mock tweet 3386,-0.8108209908846917
2026-05-19 18:00:00+00:00,Mock tweet 3387,-0.8426247118014547
2026-05-19 18:01:00+00:00,Mock tweet 3388,0.8541541567276429
2026-05-19 18:01:00+00:00,Mock tweet 3389,0.7820245198401761
2026-05-19 18:04:00+00:00,Mock tweet 3390,0.5866305832474912
2026-05-19 18:04:00+00:00,Mock tweet 3391,0.2558843755301494
2026-05-19 18:05:00+00:00,Mock tweet 3392,-0.678394959218126
2026-05-19 18:07:00+00:00,Mock tweet 3393,-0.4469046006388726
2026-05-19 18:27:00+00:00,Mock tweet 3394,0.06957180030731247
2026-05-19 18:29:00+00:00,Mock tweet 3395,0.21516816798020844
2026-05-19 18:31:00+00:00,Mock tweet 3396,-0.32800031200375424
2026-05-19 18:32:00+00:00,Mock tweet 3397,-0.203187820450357
2026-05-19 18:34:00+00:00,Mock tweet 3398,-0.012880031042702411
2026-05-19 18:41:00+00:00,Mock tweet 3399,0.10997057270161603
2026-05-19 18:48:00+00:00,Mock tweet 3400,0.30327841637873365
2026-05-19 18:51:00+00:00,Mock tweet 3401,0.8459225588506114
2026-05-19 18:57:00+00:00,Mock tweet 3402,0.17096039362226123
2026-05-19 19:01:00+00:00,Mock tweet 3403,0.13855988712567013
2026-05-19 19:11:00+00:00,Mock tweet 3404,0.46950167432627365
2026-05-19 19:14:00+00:00,Mock tweet 3405,-0.997502807302648
2026-05-19 19:17:00+00:00,Mock tweet 3406,0.21317300328483313
2026-05-19 19:24:00+00:00,Mock tweet 3407,0.11852439374200907
2026-05-19 19:37:00+00:00,Mock tweet 3408,0.9707552384367559
2026-05-19 19:41:00+00:00,Mock tweet 3409,0.7649912680977147
2026-05-19 19:44:00+00:00,Mock tweet 3410,-0.38961378069297314
2026-05-19 19:56:00+00:00,Mock tweet 3411,-0.7456990025631813
2026-05-19 20:00:00+00:00,Mock tweet 3412,0.1255510265104891
2026-05-19 20:07:00+00:00,Mock tweet 3413,0.4341846666973679
2026-05-19 20:08:00+00:00,Mock tweet 3414,0.05914398389185194
2026-05-19 20:12:00+00:00,Mock tweet 3415,0.2313704591386867
2026-05-19 20:16:00+00:00,Mock tweet 3416,0.6720688438245856
2026-05-19 20:30:00+00:00,Mock tweet 3417,0.12595054644854597
2026-05-19 20:38:00+00:00,Mock tweet 3418,-0.8919938959975076
2026-05-19 20:39:00+00:00,Mock tweet 3419,0.5116074745094381
2026-05-19 20:41:00+00:00,Mock tweet 3420,0.9066343620345965
2026-05-19 20:55:00+00:00,Mock tweet 3421,-0.39768805804149876
2026-05-19 20:59:00+00:00,Mock tweet 3422,0.5493856339145555
2026-05-19 21:03:00+00:00,Mock tweet 3423,0.14677005210009075
2026-05-19 21:03:00+00:00,Mock tweet 3424,0.9215120025153429
2026-05-19 21:03:00+00:00,Mock tweet 3425,0.46934956873217715
2026-05-19 21:15:00+00:00,Mock tweet 3426,-0.08678721889878971
2026-05-19 21:16:00+00:00,Mock tweet 3427,-0.2795024147912555
2026-05-19 21:22:00+00:00,Mock tweet 3428,0.31883327379893256
2026-05-19 21:34:00+00:00,Mock tweet 3429,-0.9769948779232573
2026-05-19 21:35:00+00:00,Mock tweet 3430,0.5524476639708218
2026-05-19 21:48:00+00:00,Mock tweet 3431,0.32774023347753345
2026-05-19 21:52:00+00:00,Mock tweet 3432,-0.15064785482482046
2026-05-19 21:52:00+00:00,Mock tweet 3433,0.30405429857414146
2026-05-19 21:57:00+00:00,Mock tweet 3434,0.7614733980896242
2026-05-19 22:08:00+00:00,Mock tweet 3435,0.31566655893203976
2026-05-19 22:09:00+00:00,Mock tweet 3436,0.7700659628641302
2026-05-19 22:12:00+00:00,Mock tweet 3437,0.7458949530006369
2026-05-19 22:13:00+00:00,Mock tweet 3438,0.6399122154442074
2026-05-19 22:16:00+00:00,Mock tweet 3439,-0.5882729531912287
2026-05-19 22:17:00+00:00,Mock tweet 3440,-0.7884479288360189
2026-05-19 22:17:00+00:00,Mock tweet 3441,0.22739932180632882
2026-05-19 22:20:00+00:00,Mock tweet 3442,-0.4172148030776526
2026-05-19 22:21:00+00:00,Mock tweet 3443,0.19052778268814974
2026-05-19 22:22:00+00:00,Mock tweet 3444,-0.9755297084817303
2026-05-19 22:27:00+00:00,Mock tweet 3445,-0.7269579493296239
2026-05-19 22:28:00+00:00,Mock tweet 3446,-0.5257295469722951
2026-05-19 22:31:00+00:00,Mock tweet 3447,-0.6664248351921811
2026-05-19 22:31:00+00:00,Mock tweet 3448,0.3172724401348723
2026-05-19 22:32:00+00:00,Mock tweet 3449,-0.5842066798083976
2026-05-19 22:34:00+00:00,Mock tweet 3450,-0.703722587424034
2026-05-19 22:34:00+00:00,Mock tweet 3451,0.2815378183498922
2026-05-19 22:37:00+00:00,Mock tweet 3452,-0.6763082885977338
2026-05-19 22:38:00+00:00,Mock tweet 3453,-0.07562833090928267
2026-05-19 22:42:00+00:00,Mock tweet 3454,-0.8248339310358088
2026-05-19 22:43:00+00:00,Mock tweet 3455,0.7124038660965992
2026-05-19 22:43:00+00:00,Mock tweet 3456,-0.9020608986159351
2026-05-19 22:50:00+00:00,Mock tweet 3457,-0.43608472804607845
2026-05-19 22:51:00+00:00,Mock tweet 3458,-0.40566478665602546
2026-05-19 22:52:00+00:00,Mock tweet 3459,0.8725713259181742
2026-05-19 22:58:00+00:00,Mock tweet 3460,-0.9594695680521281
2026-05-19 23:10:00+00:00,Mock tweet 3461,-0.49445933997615277
2026-05-19 23:10:00+00:00,Mock tweet 3462,-0.44217476317428117
2026-05-19 23:12:00+00:00,Mock tweet 3463,-0.00673251009021425
2026-05-19 23:15:00+00:00,Mock tweet 3464,0.6345052132652786
2026-05-19 23:17:00+00:00,Mock tweet 3465,0.3944948199157916
2026-05-19 23:21:00+00:00,Mock tweet 3466,0.8302184672315842
2026-05-19 23:22:00+00:00,Mock tweet 3467,-0.5596812941828051
2026-05-19 23:33:00+00:00,Mock tweet 3468,0.6906660697207057
2026-05-19 23:39:00+00:00,Mock tweet 3469,0.9146069251481315
2026-05-19 23:45:00+00:00,Mock tweet 3470,0.22882801181725032
2026-05-19 23:50:00+00:00,Mock tweet 3471,0.8484690431998447
2026-05-19 23:55:00+00:00,Mock tweet 3472,0.28006435960846754
2026-05-20 00:12:00+00:00,Mock tweet 3473,0.6914130797477154
2026-05-20 00:12:00+00:00,Mock tweet 3474,0.02506215610223772
2026-05-20 00:22:00+00:00,Mock tweet 3475,-0.650998692198741
2026-05-20 00:25:00+00:00,Mock tweet 3476,0.7725176658477544
2026-05-20 00:26:00+00:00,Mock tweet 3477,0.5281074736810589
2026-05-20 00:28:00+00:00,Mock tweet 3478,0.779621693426388
2026-05-20 00:31:00+00:00,Mock tweet 3479,-0.4542344396341813
2026-05-20 00:31:00+00:00,Mock tweet 3480,0.06736575578605919
2026-05-20 00:39:00+00:00,Mock tweet 3481,-0.04019187799121515
2026-05-20 00:39:00+00:00,Mock tweet 3482,0.2601547625294718
2026-05-20 00:45:00+00:00,Mock tweet 3483,-0.9652441242528687
2026-05-20 00:45:00+00:00,Mock tweet 3484,0.5428084815412646
2026-05-20 00:52:00+00:00,Mock tweet 3485,-0.9914443046569146
2026-05-20 00:53:00+00:00,Mock tweet 3486,0.1898813661104053
2026-05-20 00:54:00+00:00,Mock tweet 3487,-0.5014505009142853
2026-05-20 00:59:00+00:00,Mock tweet 3488,-0.5027317060587204
2026-05-20 01:02:00+00:00,Mock tweet 3489,0.8809691368382018
2026-05-20 01:16:00+00:00,Mock tweet 3490,-0.788432489868689
2026-05-20 01:21:00+00:00,Mock tweet 3491,0.45380546819623335
2026-05-20 01:22:00+00:00,Mock tweet 3492,0.9852177346603621
2026-05-20 01:27:00+00:00,Mock tweet 3493,0.24119262565023836
2026-05-20 01:28:00+00:00,Mock tweet 3494,0.3429181077662382
2026-05-20 01:35:00+00:00,Mock tweet 3495,0.7494991687098647
2026-05-20 01:48:00+00:00,Mock tweet 3496,-0.4611074325670175
2026-05-20 01:48:00+00:00,Mock tweet 3497,0.018060648340585406
2026-05-20 01:50:00+00:00,Mock tweet 3498,-0.7943372767411332
2026-05-20 01:51:00+00:00,Mock tweet 3499,0.7371287142638809
2026-05-20 01:58:00+00:00,Mock tweet 3500,0.9813076139304713
2026-05-20 02:13:00+00:00,Mock tweet 3501,-0.5063376326597357
2026-05-20 02:17:00+00:00,Mock tweet 3502,-0.4858074259524694
2026-05-20 02:24:00+00:00,Mock tweet 3503,-0.022578411209099425
2026-05-20 02:30:00+00:00,Mock tweet 3504,0.811694025791446
2026-05-20 02:31:00+00:00,Mock tweet 3505,0.6633823143753801
2026-05-20 02:37:00+00:00,Mock tweet 3506,0.5870321484237384
2026-05-20 02:38:00+00:00,Mock tweet 3507,-0.678069478160148
2026-05-20 02:38:00+00:00,Mock tweet 3508,-0.6471712211985827
2026-05-20 02:39:00+00:00,Mock tweet 3509,0.8288665080226907
2026-05-20 02:39:00+00:00,Mock tweet 3510,0.9940212500276562
2026-05-20 02:45:00+00:00,Mock tweet 3511,-0.24935618226902512
2026-05-20 02:47:00+00:00,Mock tweet 3512,0.06950905925330386
2026-05-20 02:52:00+00:00,Mock tweet 3513,-0.6295484419915831
2026-05-20 02:53:00+00:00,Mock tweet 3514,-0.7068970047936869
2026-05-20 03:14:00+00:00,Mock tweet 3515,-0.411235281355802
2026-05-20 03:20:00+00:00,Mock tweet 3516,-0.9068586578646505
2026-05-20 03:21:00+00:00,Mock tweet 3517,-0.36041392649753234
2026-05-20 03:23:00+00:00,Mock tweet 3518,-0.6915065748838547
2026-05-20 03:25:00+00:00,Mock tweet 3519,0.22723996697317483
2026-05-20 03:30:00+00:00,Mock tweet 3520,0.6411821614860029
2026-05-20 03:31:00+00:00,Mock tweet 3521,-0.9029013589901358
2026-05-20 03:34:00+00:00,Mock tweet 3522,-0.9623585166519169
2026-05-20 03:36:00+00:00,Mock tweet 3523,-0.7545632332049357
2026-05-20 03:39:00+00:00,Mock tweet 3524,-0.9950361000732499
2026-05-20 03:39:00+00:00,Mock tweet 3525,0.12679182049964322
2026-05-20 03:41:00+00:00,Mock tweet 3526,0.33184817023563196
2026-05-20 03:49:00+00:00,Mock tweet 3527,0.6683468755234057
2026-05-20 03:51:00+00:00,Mock tweet 3528,-0.29708041639189986
2026-05-20 03:54:00+00:00,Mock tweet 3529,0.134917332592825
2026-05-20 03:55:00+00:00,Mock tweet 3530,-0.47416475530983737
2026-05-20 04:00:00+00:00,Mock tweet 3531,-0.3523687671849378
2026-05-20 04:14:00+00:00,Mock tweet 3532,0.6690854686009498
2026-05-20 04:19:00+00:00,Mock tweet 3533,0.7293759731542373
2026-05-20 04:21:00+00:00,Mock tweet 3534,0.6405971984733536
2026-05-20 04:23:00+00:00,Mock tweet 3535,-0.40411718168490074
2026-05-20 04:29:00+00:00,Mock tweet 3536,0.5562516418036099
2026-05-20 04:32:00+00:00,Mock tweet 3537,-0.6672956946426203
2026-05-20 04:37:00+00:00,Mock tweet 3538,-0.3509346051997253
2026-05-20 04:44:00+00:00,Mock tweet 3539,-0.8655870222081112
2026-05-20 04:46:00+00:00,Mock tweet 3540,-0.4956486435926861
2026-05-20 04:55:00+00:00,Mock tweet 3541,-0.6884026529866525
2026-05-20 05:00:00+00:00,Mock tweet 3542,0.980101816295565
2026-05-20 05:14:00+00:00,Mock tweet 3543,0.7456076609993978
2026-05-20 05:15:00+00:00,Mock tweet 3544,0.5197106154538964
2026-05-20 05:19:00+00:00,Mock tweet 3545,-0.7397648304941187
2026-05-20 05:23:00+00:00,Mock tweet 3546,-0.7484929435725995
2026-05-20 05:23:00+00:00,Mock tweet 3547,-0.6167285883856211
2026-05-20 05:26:00+00:00,Mock tweet 3548,0.4220007557461658
2026-05-20 05:30:00+00:00,Mock tweet 3549,0.8114672709935125
2026-05-20 05:31:00+00:00,Mock tweet 3550,-0.16934599122193372
2026-05-20 05:32:00+00:00,Mock tweet 3551,-0.1854227828225823
2026-05-20 05:33:00+00:00,Mock tweet 3552,0.32787464571984803
2026-05-20 05:39:00+00:00,Mock tweet 3553,-0.31487380378198226
2026-05-20 05:40:00+00:00,Mock tweet 3554,-0.857932467503602
2026-05-20 05:41:00+00:00,Mock tweet 3555,-0.45463535807000865
2026-05-20 05:54:00+00:00,Mock tweet 3556,-0.9774525391670077
2026-05-20 06:00:00+00:00,Mock tweet 3557,0.14793571815332984
2026-05-20 06:04:00+00:00,Mock tweet 3558,-0.06918340344381879
2026-05-20 06:08:00+00:00,Mock tweet 3559,0.4759540633112207
2026-05-20 06:22:00+00:00,Mock tweet 3560,-0.2577650513156473
2026-05-20 06:28:00+00:00,Mock tweet 3561,-0.7122968534824146
2026-05-20 06:28:00+00:00,Mock tweet 3562,0.23208786077138988
2026-05-20 06:28:00+00:00,Mock tweet 3563,0.4170424561717605
2026-05-20 06:28:00+00:00,Mock tweet 3564,-0.3893237915874852
2026-05-20 06:40:00+00:00,Mock tweet 3565,-0.8753986138751728
2026-05-20 06:41:00+00:00,Mock tweet 3566,0.13423431857822576
2026-05-20 06:43:00+00:00,Mock tweet 3567,-0.8996012250261418
2026-05-20 06:45:00+00:00,Mock tweet 3568,0.29899664996663944
2026-05-20 06:47:00+00:00,Mock tweet 3569,0.8749781449884038
2026-05-20 06:47:00+00:00,Mock tweet 3570,0.6781249176087667
2026-05-20 06:51:00+00:00,Mock tweet 3571,-0.7425833632885994
2026-05-20 06:56:00+00:00,Mock tweet 3572,-0.7530915459188372
2026-05-20 07:00:00+00:00,Mock tweet 3573,0.03271152794978227
2026-05-20 07:02:00+00:00,Mock tweet 3574,-0.6043240429627272
2026-05-20 07:09:00+00:00,Mock tweet 3575,-0.9077075454437837
2026-05-20 07:09:00+00:00,Mock tweet 3576,0.283972408294364
2026-05-20 07:10:00+00:00,Mock tweet 3577,-0.9304270913622279
2026-05-20 07:10:00+00:00,Mock tweet 3578,0.8012430804390833
2026-05-20 07:13:00+00:00,Mock tweet 3579,-0.5621619390248076
2026-05-20 07:16:00+00:00,Mock tweet 3580,-0.5645494589773563
2026-05-20 07:25:00+00:00,Mock tweet 3581,-0.9673827376572488
2026-05-20 07:27:00+00:00,Mock tweet 3582,0.24541742720333937
2026-05-20 07:31:00+00:00,Mock tweet 3583,-0.5565935264006108
2026-05-20 07:33:00+00:00,Mock tweet 3584,0.5943766652480063
2026-05-20 07:42:00+00:00,Mock tweet 3585,-0.6101267169400013
2026-05-20 07:42:00+00:00,Mock tweet 3586,-0.19928514496356575
2026-05-20 07:43:00+00:00,Mock tweet 3587,-0.9117507183742646
2026-05-20 07:49:00+00:00,Mock tweet 3588,-0.7088390909654094
2026-05-20 08:01:00+00:00,Mock tweet 3589,0.5510583284779615
2026-05-20 08:01:00+00:00,Mock tweet 3590,0.8991447530459651
2026-05-20 08:03:00+00:00,Mock tweet 3591,0.5655737616761711
2026-05-20 08:12:00+00:00,Mock tweet 3592,0.006918277676088991
2026-05-20 08:12:00+00:00,Mock tweet 3593,-0.5916009507910398
2026-05-20 08:13:00+00:00,Mock tweet 3594,-0.9932097131850575
2026-05-20 08:15:00+00:00,Mock tweet 3595,0.8996453286303208
2026-05-20 08:21:00+00:00,Mock tweet 3596,0.7581667938311207
2026-05-20 08:25:00+00:00,Mock tweet 3597,-0.3543391876205515
2026-05-20 08:27:00+00:00,Mock tweet 3598,0.9247354475953282
2026-05-20 08:31:00+00:00,Mock tweet 3599,-0.830015457564212
2026-05-20 08:34:00+00:00,Mock tweet 3600,-0.37500806897533034
2026-05-20 08:36:00+00:00,Mock tweet 3601,0.6100795197717812
2026-05-20 08:40:00+00:00,Mock tweet 3602,0.4405310572968233
2026-05-20 08:42:00+00:00,Mock tweet 3603,0.05445805702121609
2026-05-20 08:44:00+00:00,Mock tweet 3604,-0.37639109205889554
2026-05-20 08:45:00+00:00,Mock tweet 3605,-0.7662247901352008
2026-05-20 08:49:00+00:00,Mock tweet 3606,0.35332206468203275
2026-05-20 08:51:00+00:00,Mock tweet 3607,-0.09840478533730934
2026-05-20 08:53:00+00:00,Mock tweet 3608,0.5217912395356548
2026-05-20 08:53:00+00:00,Mock tweet 3609,0.5543134764505611
2026-05-20 08:55:00+00:00,Mock tweet 3610,0.8070537633994521
2026-05-20 08:58:00+00:00,Mock tweet 3611,0.7939560511358557
2026-05-20 09:05:00+00:00,Mock tweet 3612,-0.2528965150170026
2026-05-20 09:08:00+00:00,Mock tweet 3613,-0.3739417999393946
2026-05-20 09:14:00+00:00,Mock tweet 3614,-0.9702925956844877
2026-05-20 09:15:00+00:00,Mock tweet 3615,-0.3400679464932168
2026-05-20 09:20:00+00:00,Mock tweet 3616,0.3146370867147539
2026-05-20 09:20:00+00:00,Mock tweet 3617,-0.8357260605285735
2026-05-20 09:25:00+00:00,Mock tweet 3618,-0.12709418441579334
2026-05-20 09:31:00+00:00,Mock tweet 3619,-0.30003706092811533
2026-05-20 09:34:00+00:00,Mock tweet 3620,-0.8218234710857966
2026-05-20 09:36:00+00:00,Mock tweet 3621,-0.030230774079985645
2026-05-20 09:37:00+00:00,Mock tweet 3622,-0.2843119631256026
2026-05-20 09:40:00+00:00,Mock tweet 3623,-0.7803084314665998
2026-05-20 09:47:00+00:00,Mock tweet 3624,0.8389939366257089
2026-05-20 09:48:00+00:00,Mock tweet 3625,-0.9117205084890503
2026-05-20 09:51:00+00:00,Mock tweet 3626,0.18058823091265763
2026-05-20 09:55:00+00:00,Mock tweet 3627,0.7160077495381176
2026-05-20 10:02:00+00:00,Mock tweet 3628,-0.8451310123172253
2026-05-20 10:13:00+00:00,Mock tweet 3629,0.691679225997134
2026-05-20 10:14:00+00:00,Mock tweet 3630,-0.29828833536359123
2026-05-20 10:23:00+00:00,Mock tweet 3631,-0.5792742231013783
2026-05-20 10:26:00+00:00,Mock tweet 3632,0.09019624054224185
2026-05-20 10:29:00+00:00,Mock tweet 3633,0.5037131146431755
2026-05-20 10:34:00+00:00,Mock tweet 3634,0.4569096880534824
2026-05-20 10:37:00+00:00,Mock tweet 3635,-0.2214759692964312
2026-05-20 10:41:00+00:00,Mock tweet 3636,-0.629489595439501
2026-05-20 10:46:00+00:00,Mock tweet 3637,-0.01436838717245692
2026-05-20 10:49:00+00:00,Mock tweet 3638,0.7360420600262287
2026-05-20 10:50:00+00:00,Mock tweet 3639,0.3185870006533662
2026-05-20 10:58:00+00:00,Mock tweet 3640,-0.18578649436179306
2026-05-20 11:02:00+00:00,Mock tweet 3641,-0.6743707891046478
2026-05-20 11:14:00+00:00,Mock tweet 3642,0.24877455756479083
2026-05-20 11:16:00+00:00,Mock tweet 3643,-0.013540200419988047
2026-05-20 11:18:00+00:00,Mock tweet 3644,0.873778306255544
2026-05-20 11:18:00+00:00,Mock tweet 3645,0.9625224846882494
2026-05-20 11:23:00+00:00,Mock tweet 3646,-0.9933302397127306
2026-05-20 11:32:00+00:00,Mock tweet 3647,-0.07083621095204484
2026-05-20 11:32:00+00:00,Mock tweet 3648,0.633856876065376
2026-05-20 11:34:00+00:00,Mock tweet 3649,-0.13099637950565812
2026-05-20 11:34:00+00:00,Mock tweet 3650,-0.9481555593891171
2026-05-20 11:47:00+00:00,Mock tweet 3651,-0.36974158147461034
2026-05-20 11:49:00+00:00,Mock tweet 3652,0.20870162658073932
2026-05-20 11:50:00+00:00,Mock tweet 3653,0.4618512467038023
2026-05-20 11:52:00+00:00,Mock tweet 3654,-0.845309764479504
2026-05-20 11:53:00+00:00,Mock tweet 3655,0.24628376071958713
2026-05-20 12:02:00+00:00,Mock tweet 3656,-0.3650760395238042
2026-05-20 12:06:00+00:00,Mock tweet 3657,-0.11768579752510266
2026-05-20 12:18:00+00:00,Mock tweet 3658,-0.6975327434724377
2026-05-20 12:22:00+00:00,Mock tweet 3659,0.49560385153770214
2026-05-20 12:24:00+00:00,Mock tweet 3660,0.26029413532946943
2026-05-20 12:25:00+00:00,Mock tweet 3661,-0.12473407489510668
2026-05-20 12:28:00+00:00,Mock tweet 3662,-0.38034267246317177
2026-05-20 12:40:00+00:00,Mock tweet 3663,0.1471538031760573
2026-05-20 12:41:00+00:00,Mock tweet 3664,0.18124026628468237
2026-05-20 12:44:00+00:00,Mock tweet 3665,-0.5314014709173636
2026-05-20 12:48:00+00:00,Mock tweet 3666,-0.5920283788092453
2026-05-20 12:59:00+00:00,Mock tweet 3667,0.8464949994653475
2026-05-20 13:06:00+00:00,Mock tweet 3668,0.9144573769673152
2026-05-20 13:09:00+00:00,Mock tweet 3669,0.6879104692081031
2026-05-20 13:17:00+00:00,Mock tweet 3670,-0.22517912069888246
2026-05-20 13:18:00+00:00,Mock tweet 3671,0.9900939179089119
2026-05-20 13:18:00+00:00,Mock tweet 3672,-0.7984587204362714
2026-05-20 13:18:00+00:00,Mock tweet 3673,0.9905901245323985
2026-05-20 13:26:00+00:00,Mock tweet 3674,-0.5138710729294407
2026-05-20 13:28:00+00:00,Mock tweet 3675,-0.32450032058059164
2026-05-20 13:28:00+00:00,Mock tweet 3676,-0.19686708950158915
2026-05-20 13:45:00+00:00,Mock tweet 3677,0.358325079976056
2026-05-20 13:53:00+00:00,Mock tweet 3678,0.4001744990153415
2026-05-20 13:58:00+00:00,Mock tweet 3679,0.08404147573565623
2026-05-20 14:03:00+00:00,Mock tweet 3680,-0.6975629534706369
2026-05-20 14:05:00+00:00,Mock tweet 3681,-0.33126823398671856
2026-05-20 14:08:00+00:00,Mock tweet 3682,-0.8588091513509488
2026-05-20 14:12:00+00:00,Mock tweet 3683,-0.9433665834774685
2026-05-20 14:26:00+00:00,Mock tweet 3684,0.17051693320864514
2026-05-20 14:28:00+00:00,Mock tweet 3685,-0.596603301098853
2026-05-20 14:37:00+00:00,Mock tweet 3686,0.7075340015312612
2026-05-20 14:37:00+00:00,Mock tweet 3687,-0.9360211729962178
2026-05-20 14:40:00+00:00,Mock tweet 3688,0.1667103186264831
2026-05-20 14:42:00+00:00,Mock tweet 3689,0.7085674433895286
2026-05-20 14:43:00+00:00,Mock tweet 3690,0.5332709160591238
2026-05-20 14:45:00+00:00,Mock tweet 3691,-0.5374658161213177
2026-05-20 14:51:00+00:00,Mock tweet 3692,-0.4671739537537365
2026-05-20 14:52:00+00:00,Mock tweet 3693,6.068216318785263
2026-05-20 14:54:00+00:00,Mock tweet 3694,0.8209727804436269
2026-05-20 15:03:00+00:00,Mock tweet 3695,-0.4258101173512867
2026-05-20 15:04:00+00:00,Mock tweet 3696,-0.2076149597637944
2026-05-20 15:13:00+00:00,Mock tweet 3697,0.7205746385984224
2026-05-20 15:13:00+00:00,Mock tweet 3698,-0.40415670759307276
2026-05-20 15:13:00+00:00,Mock tweet 3699,0.6442517680816686
2026-05-20 15:14:00+00:00,Mock tweet 3700,-0.3952964905314327
2026-05-20 15:16:00+00:00,Mock tweet 3701,0.26848052299677194
2026-05-20 15:19:00+00:00,Mock tweet 3702,0.07857173930053407
2026-05-20 15:24:00+00:00,Mock tweet 3703,-0.6043494617774401
2026-05-20 15:28:00+00:00,Mock tweet 3704,0.3969616678969565
2026-05-20 15:40:00+00:00,Mock tweet 3705,-0.009278320074887159
2026-05-20 15:44:00+00:00,Mock tweet 3706,0.33352658234307553
2026-05-20 15:46:00+00:00,Mock tweet 3707,0.8694880326414849
2026-05-20 15:48:00+00:00,Mock tweet 3708,0.1888695437754404
2026-05-20 15:48:00+00:00,Mock tweet 3709,0.9757504587605115
2026-05-20 15:51:00+00:00,Mock tweet 3710,0.12030475843600574
2026-05-20 15:53:00+00:00,Mock tweet 3711,-0.4997923958286399
2026-05-20 16:06:00+00:00,Mock tweet 3712,-0.5616939957820355
2026-05-20 16:07:00+00:00,Mock tweet 3713,-0.47231483487479053
2026-05-20 16:17:00+00:00,Mock tweet 3714,-0.9931084995793764
2026-05-20 16:18:00+00:00,Mock tweet 3715,0.39774279229371867
2026-05-20 16:20:00+00:00,Mock tweet 3716,0.29385485103234
2026-05-20 16:21:00+00:00,Mock tweet 3717,0.28591104308429527
2026-05-20 16:24:00+00:00,Mock tweet 3718,-0.4351904366288015
2026-05-20 16:30:00+00:00,Mock tweet 3719,0.8445948065614846
2026-05-20 16:35:00+00:00,Mock tweet 3720,0.24521365978023502
2026-05-20 16:35:00+00:00,Mock tweet 3721,-0.37667886837995734
2026-05-20 16:43:00+00:00,Mock tweet 3722,-0.02331669848116813
2026-05-20 16:46:00+00:00,Mock tweet 3723,0.8971690657848086
2026-05-20 16:50:00+00:00,Mock tweet 3724,0.3923571926694507
2026-05-20 16:54:00+00:00,Mock tweet 3725,0.4894081187755561
2026-05-20 16:57:00+00:00,Mock tweet 3726,0.5614100061136995
2026-05-20 16:58:00+00:00,Mock tweet 3727,0.3097354543815092
2026-05-20 17:01:00+00:00,Mock tweet 3728,0.2955143578186896
2026-05-20 17:02:00+00:00,Mock tweet 3729,-0.2558857758197579
2026-05-20 17:02:00+00:00,Mock tweet 3730,0.4534778912672559
2026-05-20 17:03:00+00:00,Mock tweet 3731,-0.2955194903285403
2026-05-20 17:06:00+00:00,Mock tweet 3732,0.6524642673344765
2026-05-20 17:15:00+00:00,Mock tweet 3733,0.12239125956984043
2026-05-20 17:48:00+00:00,Mock tweet 3734,-0.39688423474102175
2026-05-20 17:49:00+00:00,Mock tweet 3735,0.6294222631888227
2026-05-20 17:49:00+00:00,Mock tweet 3736,-0.7026560483206978
2026-05-20 17:52:00+00:00,Mock tweet 3737,0.4196547581670116
2026-05-20 17:56:00+00:00,Mock tweet 3738,0.038739762175531434
2026-05-20 17:58:00+00:00,Mock tweet 3739,0.6227659501940224
2026-05-20 18:01:00+00:00,Mock tweet 3740,-0.12328168864860056
2026-05-20 18:14:00+00:00,Mock tweet 3741,-0.6836323613245714
2026-05-20 18:18:00+00:00,Mock tweet 3742,0.25282972599454845
2026-05-20 18:20:00+00:00,Mock tweet 3743,-0.7423441344435742
2026-05-20 18:25:00+00:00,Mock tweet 3744,-0.7865502040163721
2026-05-20 18:30:00+00:00,Mock tweet 3745,0.837865152376746
2026-05-20 18:31:00+00:00,Mock tweet 3746,0.9709855203828157
2026-05-20 18:34:00+00:00,Mock tweet 3747,-0.13281088311388634
2026-05-20 18:36:00+00:00,Mock tweet 3748,-0.29903833894728327
2026-05-20 18:38:00+00:00,Mock tweet 3749,-0.9972717882887054
2026-05-20 18:38:00+00:00,Mock tweet 3750,-0.42895524567350507
2026-05-20 18:40:00+00:00,Mock tweet 3751,0.7020937378169403
2026-05-20 18:43:00+00:00,Mock tweet 3752,-0.20581842799238825
2026-05-20 18:45:00+00:00,Mock tweet 3753,-0.35040051466301825
2026-05-20 18:46:00+00:00,Mock tweet 3754,0.3731211695488359
2026-05-20 18:53:00+00:00,Mock tweet 3755,0.7021786890387034
2026-05-20 18:59:00+00:00,Mock tweet 3756,-0.11568116812079743
2026-05-20 19:04:00+00:00,Mock tweet 3757,-0.7844069735268049
2026-05-20 19:04:00+00:00,Mock tweet 3758,5.454905121662642
2026-05-20 19:08:00+00:00,Mock tweet 3759,-0.7465443016641866
2026-05-20 19:11:00+00:00,Mock tweet 3760,-0.6393447319536991
2026-05-20 19:23:00+00:00,Mock tweet 3761,-0.8393576775797127
2026-05-20 19:25:00+00:00,Mock tweet 3762,-0.19644515576252686
2026-05-20 19:25:00+00:00,Mock tweet 3763,-0.9553665462266725
2026-05-20 19:29:00+00:00,Mock tweet 3764,0.49937889607862185
2026-05-20 19:33:00+00:00,Mock tweet 3765,0.6758803808632838
2026-05-20 19:33:00+00:00,Mock tweet 3766,0.31817441227757604
2026-05-20 19:49:00+00:00,Mock tweet 3767,-0.7921708529629032
2026-05-20 19:56:00+00:00,Mock tweet 3768,-0.34117054393487156
2026-05-20 19:58:00+00:00,Mock tweet 3769,-0.9401116036536652
2026-05-20 19:59:00+00:00,Mock tweet 3770,-0.483349006001798
2026-05-20 20:03:00+00:00,Mock tweet 3771,0.011707033095319286
2026-05-20 20:03:00+00:00,Mock tweet 3772,0.16133144764486307
2026-05-20 20:06:00+00:00,Mock tweet 3773,0.765741338860426
2026-05-20 20:08:00+00:00,Mock tweet 3774,-0.23297766749765314
2026-05-20 20:16:00+00:00,Mock tweet 3775,-0.7052371790937155
2026-05-20 20:25:00+00:00,Mock tweet 3776,-0.6344340384281555
2026-05-20 20:26:00+00:00,Mock tweet 3777,0.8032647037202487
2026-05-20 20:28:00+00:00,Mock tweet 3778,0.3349783044594974
2026-05-20 20:34:00+00:00,Mock tweet 3779,0.8522723291392957
2026-05-20 20:35:00+00:00,Mock tweet 3780,-0.28264740880006034
2026-05-20 20:35:00+00:00,Mock tweet 3781,-0.2108428731199623
2026-05-20 20:36:00+00:00,Mock tweet 3782,0.4127302288532866
2026-05-20 20:36:00+00:00,Mock tweet 3783,0.8846304420815567
2026-05-20 20:46:00+00:00,Mock tweet 3784,0.9053279981842379
2026-05-20 20:48:00+00:00,Mock tweet 3785,-0.20083366836218142
2026-05-20 20:48:00+00:00,Mock tweet 3786,-0.6372516517864288
2026-05-20 20:57:00+00:00,Mock tweet 3787,-0.08712386465666033
2026-05-20 20:57:00+00:00,Mock tweet 3788,0.8581126472389378
2026-05-20 20:59:00+00:00,Mock tweet 3789,-0.10371642977368456
2026-05-20 21:01:00+00:00,Mock tweet 3790,0.6088164758696784
2026-05-20 21:02:00+00:00,Mock tweet 3791,-0.9895068929310173
2026-05-20 21:11:00+00:00,Mock tweet 3792,0.40338903797403747
2026-05-20 21:19:00+00:00,Mock tweet 3793,-0.7235083539488043
2026-05-20 21:19:00+00:00,Mock tweet 3794,0.6847657846380095
2026-05-20 21:21:00+00:00,Mock tweet 3795,-0.7743214181456912
2026-05-20 21:23:00+00:00,Mock tweet 3796,0.3276043285136112
2026-05-20 21:25:00+00:00,Mock tweet 3797,0.30926484313097125
2026-05-20 21:27:00+00:00,Mock tweet 3798,-0.6817230703954633
2026-05-20 21:32:00+00:00,Mock tweet 3799,0.6933632122877353
2026-05-20 21:38:00+00:00,Mock tweet 3800,0.9207639621032091
2026-05-20 21:41:00+00:00,Mock tweet 3801,-0.15274025028504945
2026-05-20 21:57:00+00:00,Mock tweet 3802,-0.2990830101890458
2026-05-20 21:57:00+00:00,Mock tweet 3803,0.7944297482927067
2026-05-20 21:57:00+00:00,Mock tweet 3804,0.20827913364326633
2026-05-20 22:11:00+00:00,Mock tweet 3805,-0.40204844747550084
2026-05-20 22:12:00+00:00,Mock tweet 3806,-0.3194102159683212
2026-05-20 22:14:00+00:00,Mock tweet 3807,0.1676686920036361
2026-05-20 22:15:00+00:00,Mock tweet 3808,-0.9924641419537716
2026-05-20 22:20:00+00:00,Mock tweet 3809,0.4726475309498923
2026-05-20 22:34:00+00:00,Mock tweet 3810,-0.5621777972797304
2026-05-20 22:44:00+00:00,Mock tweet 3811,-0.4982528212870827
2026-05-20 22:54:00+00:00,Mock tweet 3812,-0.28501527207675514
2026-05-20 22:59:00+00:00,Mock tweet 3813,-0.43313092669175823
2026-05-20 23:12:00+00:00,Mock tweet 3814,-0.7560724029504133
2026-05-20 23:20:00+00:00,Mock tweet 3815,0.5277563929901339
2026-05-20 23:23:00+00:00,Mock tweet 3816,-0.5914652710089696
2026-05-20 23:24:00+00:00,Mock tweet 3817,0.9853917510318533
2026-05-20 23:24:00+00:00,Mock tweet 3818,-0.44442845169888656
2026-05-20 23:39:00+00:00,Mock tweet 3819,0.5662729185115107
2026-05-20 23:41:00+00:00,Mock tweet 3820,0.24222225596543367
2026-05-20 23:58:00+00:00,Mock tweet 3821,-0.8599944485528048
2026-05-21 00:00:00+00:00,Mock tweet 3822,-0.5558480826130214
2026-05-21 00:02:00+00:00,Mock tweet 3823,-0.11028585693652637
2026-05-21 00:06:00+00:00,Mock tweet 3824,-0.5942196960093291
2026-05-21 00:08:00+00:00,Mock tweet 3825,-0.8356949555971089
2026-05-21 00:09:00+00:00,Mock tweet 3826,0.09131980058458211
2026-05-21 00:14:00+00:00,Mock tweet 3827,-0.6740991666469884
2026-05-21 00:20:00+00:00,Mock tweet 3828,0.8673564347142921
2026-05-21 00:22:00+00:00,Mock tweet 3829,-0.9092958291064364
2026-05-21 00:24:00+00:00,Mock tweet 3830,-0.7297419293134926
2026-05-21 00:25:00+00:00,Mock tweet 3831,-0.3552814921094867
2026-05-21 00:29:00+00:00,Mock tweet 3832,0.7149220535227758
2026-05-21 00:37:00+00:00,Mock tweet 3833,-0.9743739331035446
2026-05-21 00:47:00+00:00,Mock tweet 3834,0.3384816917344615
2026-05-21 00:56:00+00:00,Mock tweet 3835,0.9925620527006573
2026-05-21 00:58:00+00:00,Mock tweet 3836,0.05895676669165062
2026-05-21 01:03:00+00:00,Mock tweet 3837,0.8968339574148585
2026-05-21 01:04:00+00:00,Mock tweet 3838,0.6008504121181848
2026-05-21 01:06:00+00:00,Mock tweet 3839,0.4290825051316207
2026-05-21 01:21:00+00:00,Mock tweet 3840,0.0602567986279301
2026-05-21 01:23:00+00:00,Mock tweet 3841,-0.36034115063368555
2026-05-21 01:25:00+00:00,Mock tweet 3842,0.12635107507189058
2026-05-21 01:25:00+00:00,Mock tweet 3843,0.32778466870190903
2026-05-21 01:28:00+00:00,Mock tweet 3844,-0.6303662891825026
2026-05-21 01:30:00+00:00,Mock tweet 3845,-0.29825182543942486
2026-05-21 01:38:00+00:00,Mock tweet 3846,0.021374129770879158
2026-05-21 01:39:00+00:00,Mock tweet 3847,0.33007813489458604
2026-05-21 01:51:00+00:00,Mock tweet 3848,0.1974429362497907
2026-05-21 01:52:00+00:00,Mock tweet 3849,-0.8540178528483646
2026-05-21 01:55:00+00:00,Mock tweet 3850,0.45911969351378135
2026-05-21 02:00:00+00:00,Mock tweet 3851,0.6568258278834198
2026-05-21 02:05:00+00:00,Mock tweet 3852,0.016084330928623825
2026-05-21 02:08:00+00:00,Mock tweet 3853,-0.4501476753188596
2026-05-21 02:09:00+00:00,Mock tweet 3854,0.4432153467621083
2026-05-21 02:13:00+00:00,Mock tweet 3855,0.8087345297343167
2026-05-21 02:18:00+00:00,Mock tweet 3856,-0.9834875451550511
2026-05-21 02:37:00+00:00,Mock tweet 3857,-0.3740245502556643
2026-05-21 02:40:00+00:00,Mock tweet 3858,-0.9580038865780924
2026-05-21 02:40:00+00:00,Mock tweet 3859,0.5803056993761813
2026-05-21 02:41:00+00:00,Mock tweet 3860,0.6003080393976772
2026-05-21 02:41:00+00:00,Mock tweet 3861,0.6327650865562948
2026-05-21 02:45:00+00:00,Mock tweet 3862,-0.1478293915066875
2026-05-21 02:45:00+00:00,Mock tweet 3863,-0.9210249055807371
2026-05-21 02:45:00+00:00,Mock tweet 3864,0.09828366162564528
2026-05-21 03:07:00+00:00,Mock tweet 3865,0.46939330461738105
2026-05-21 03:10:00+00:00,Mock tweet 3866,-0.6511476231408084
2026-05-21 03:15:00+00:00,Mock tweet 3867,0.9531812593235653
2026-05-21 03:16:00+00:00,Mock tweet 3868,-0.3060210487337576
2026-05-21 03:17:00+00:00,Mock tweet 3869,0.48568027634405797
2026-05-21 03:20:00+00:00,Mock tweet 3870,0.42050035656799056
2026-05-21 03:23:00+00:00,Mock tweet 3871,-0.5962128862798821
2026-05-21 03:26:00+00:00,Mock tweet 3872,0.5041673592725147
2026-05-21 03:29:00+00:00,Mock tweet 3873,-0.23272201023769057
2026-05-21 03:38:00+00:00,Mock tweet 3874,0.48474554304059914
2026-05-21 03:41:00+00:00,Mock tweet 3875,0.6918599666999741
2026-05-21 03:43:00+00:00,Mock tweet 3876,0.33605603926422734
2026-05-21 03:48:00+00:00,Mock tweet 3877,-0.24779613957215685
2026-05-21 04:01:00+00:00,Mock tweet 3878,-0.6418542013156703
2026-05-21 04:01:00+00:00,Mock tweet 3879,0.26920394740294573
2026-05-21 04:08:00+00:00,Mock tweet 3880,0.6900822251434582
2026-05-21 04:09:00+00:00,Mock tweet 3881,0.5050674047753481
2026-05-21 04:15:00+00:00,Mock tweet 3882,0.33830741902747574
2026-05-21 04:31:00+00:00,Mock tweet 3883,-0.7071732617536632
2026-05-21 04:31:00+00:00,Mock tweet 3884,-0.04532465415464437
2026-05-21 04:37:00+00:00,Mock tweet 3885,-0.815256913400721
2026-05-21 04:38:00+00:00,Mock tweet 3886,-0.005772597880965957
2026-05-21 04:43:00+00:00,Mock tweet 3887,0.8841292164735717
2026-05-21 04:55:00+00:00,Mock tweet 3888,-0.8111777475393367
2026-05-21 05:02:00+00:00,Mock tweet 3889,0.6000256004770472
2026-05-21 05:06:00+00:00,Mock tweet 3890,0.4454515949552187
2026-05-21 05:06:00+00:00,Mock tweet 3891,0.7639114877149447
2026-05-21 05:16:00+00:00,Mock tweet 3892,-0.8662408189761537
2026-05-21 05:22:00+00:00,Mock tweet 3893,0.60187844999231
2026-05-21 05:33:00+00:00,Mock tweet 3894,0.6576157629805524
2026-05-21 05:41:00+00:00,Mock tweet 3895,6.143326828558921
2026-05-21 05:45:00+00:00,Mock tweet 3896,0.803806556391701
2026-05-21 05:46:00+00:00,Mock tweet 3897,0.36568318036919
2026-05-21 05:54:00+00:00,Mock tweet 3898,0.4765414060099815
2026-05-21 05:55:00+00:00,Mock tweet 3899,0.9297971021048095
2026-05-21 05:55:00+00:00,Mock tweet 3900,0.472913245189573
2026-05-21 06:00:00+00:00,Mock tweet 3901,-0.609385958487745
2026-05-21 06:23:00+00:00,Mock tweet 3902,0.8116528305135595
2026-05-21 06:24:00+00:00,Mock tweet 3903,0.359964310398742
2026-05-21 06:25:00+00:00,Mock tweet 3904,0.13084585557751405
2026-05-21 06:28:00+00:00,Mock tweet 3905,0.14985832554215373
2026-05-21 06:31:00+00:00,Mock tweet 3906,-0.2109373838100499
2026-05-21 06:32:00+00:00,Mock tweet 3907,-0.7446621673426141
2026-05-21 06:32:00+00:00,Mock tweet 3908,-0.3428106450824453
2026-05-21 06:35:00+00:00,Mock tweet 3909,0.22713320576164153
2026-05-21 06:38:00+00:00,Mock tweet 3910,0.6022465661417271
2026-05-21 06:39:00+00:00,Mock tweet 3911,-0.868274064528832
2026-05-21 06:40:00+00:00,Mock tweet 3912,0.4759876055348986
2026-05-21 06:40:00+00:00,Mock tweet 3913,-0.7668203252269552
2026-05-21 06:41:00+00:00,Mock tweet 3914,-0.8530662350388261
2026-05-21 06:42:00+00:00,Mock tweet 3915,-0.4756869688837755
2026-05-21 06:45:00+00:00,Mock tweet 3916,-0.27524017417938307
2026-05-21 06:56:00+00:00,Mock tweet 3917,-0.804660099510667
2026-05-21 06:58:00+00:00,Mock tweet 3918,5.458205844126426
2026-05-21 07:00:00+00:00,Mock tweet 3919,-0.3782049978700377
2026-05-21 07:06:00+00:00,Mock tweet 3920,0.8900665882712804
2026-05-21 07:07:00+00:00,Mock tweet 3921,0.055162598898256476
2026-05-21 07:07:00+00:00,Mock tweet 3922,0.7214618172565235
2026-05-21 07:07:00+00:00,Mock tweet 3923,0.9485995901628612
2026-05-21 07:10:00+00:00,Mock tweet 3924,-0.13695302252035368
2026-05-21 07:10:00+00:00,Mock tweet 3925,-0.673374008900437
2026-05-21 07:10:00+00:00,Mock tweet 3926,0.04164830540032627
2026-05-21 07:12:00+00:00,Mock tweet 3927,0.037961314525418954
2026-05-21 07:12:00+00:00,Mock tweet 3928,0.8884100323650725
2026-05-21 07:24:00+00:00,Mock tweet 3929,-0.2817175718476268
2026-05-21 07:24:00+00:00,Mock tweet 3930,-0.27117216317316295
2026-05-21 07:24:00+00:00,Mock tweet 3931,0.9486580392571748
2026-05-21 07:36:00+00:00,Mock tweet 3932,-0.9187585866145198
2026-05-21 07:42:00+00:00,Mock tweet 3933,0.22570215039553565
2026-05-21 07:44:00+00:00,Mock tweet 3934,0.8609821592844011
2026-05-21 07:47:00+00:00,Mock tweet 3935,-0.9612545721901067
2026-05-21 07:51:00+00:00,Mock tweet 3936,0.36252979883540837
2026-05-21 07:53:00+00:00,Mock tweet 3937,-0.8502545436889855
2026-05-21 07:54:00+00:00,Mock tweet 3938,0.19320360319354113
2026-05-21 07:56:00+00:00,Mock tweet 3939,-0.7593146614455322
2026-05-21 07:59:00+00:00,Mock tweet 3940,0.09046921258705942
2026-05-21 08:03:00+00:00,Mock tweet 3941,0.36875378479100474
2026-05-21 08:03:00+00:00,Mock tweet 3942,-0.10915927510222856
2026-05-21 08:04:00+00:00,Mock tweet 3943,-0.15950021797221337
2026-05-21 08:11:00+00:00,Mock tweet 3944,0.2931655556590749
2026-05-21 08:14:00+00:00,Mock tweet 3945,-0.28992143258195613
2026-05-21 08:19:00+00:00,Mock tweet 3946,5.694090270201945
2026-05-21 08:28:00+00:00,Mock tweet 3947,0.8138758116014428
2026-05-21 08:31:00+00:00,Mock tweet 3948,-0.3278462868654686
2026-05-21 08:33:00+00:00,Mock tweet 3949,-0.5425236439282359
2026-05-21 08:34:00+00:00,Mock tweet 3950,-0.3339282120460427
2026-05-21 08:41:00+00:00,Mock tweet 3951,0.5672438768833727
2026-05-21 08:43:00+00:00,Mock tweet 3952,-0.664346123303317
2026-05-21 08:49:00+00:00,Mock tweet 3953,0.0069128867923631265
2026-05-21 08:49:00+00:00,Mock tweet 3954,-0.01132815381543284
2026-05-21 08:49:00+00:00,Mock tweet 3955,0.6882517141904689
2026-05-21 08:51:00+00:00,Mock tweet 3956,0.43239191326544524
2026-05-21 08:54:00+00:00,Mock tweet 3957,-0.6381522898971848
2026-05-21 08:58:00+00:00,Mock tweet 3958,0.1901408648448366
2026-05-21 08:59:00+00:00,Mock tweet 3959,-0.6490213534369744
2026-05-21 08:59:00+00:00,Mock tweet 3960,-0.04694078546013469
2026-05-21 09:01:00+00:00,Mock tweet 3961,-0.38766420525392364
2026-05-21 09:05:00+00:00,Mock tweet 3962,0.9142582223782287
2026-05-21 09:08:00+00:00,Mock tweet 3963,-0.8704955705879585
2026-05-21 09:09:00+00:00,Mock tweet 3964,-0.7399878189122517
2026-05-21 09:11:00+00:00,Mock tweet 3965,-0.6853082935829016
2026-05-21 09:21:00+00:00,Mock tweet 3966,0.8962594224572993
2026-05-21 09:22:00+00:00,Mock tweet 3967,0.2854323985106395
2026-05-21 09:25:00+00:00,Mock tweet 3968,-0.6002788621039898
2026-05-21 09:32:00+00:00,Mock tweet 3969,-0.8130175540039406
2026-05-21 09:34:00+00:00,Mock tweet 3970,-0.24671571746981602
2026-05-21 09:41:00+00:00,Mock tweet 3971,-0.022297803392576476
2026-05-21 09:43:00+00:00,Mock tweet 3972,-0.5321666513991847
2026-05-21 09:50:00+00:00,Mock tweet 3973,-0.8772419453951517
2026-05-21 09:52:00+00:00,Mock tweet 3974,0.4318615867903086
2026-05-21 09:53:00+00:00,Mock tweet 3975,0.7636215093638021
2026-05-21 09:55:00+00:00,Mock tweet 3976,0.16974314240250443
2026-05-21 09:59:00+00:00,Mock tweet 3977,-0.7022544805606561
2026-05-21 09:59:00+00:00,Mock tweet 3978,-0.2954782694040696
2026-05-21 10:00:00+00:00,Mock tweet 3979,-0.4687405959237414
2026-05-21 10:22:00+00:00,Mock tweet 3980,0.20292689008554943
2026-05-21 10:25:00+00:00,Mock tweet 3981,0.49590496271001094
2026-05-21 10:27:00+00:00,Mock tweet 3982,-0.28481291421001464
2026-05-21 10:34:00+00:00,Mock tweet 3983,0.3133873191181642
2026-05-21 10:41:00+00:00,Mock tweet 3984,-0.2939084496692488
2026-05-21 10:46:00+00:00,Mock tweet 3985,-0.4551003526046127
2026-05-21 10:49:00+00:00,Mock tweet 3986,0.4496042840917187
2026-05-21 10:55:00+00:00,Mock tweet 3987,0.0519867083549852
2026-05-21 11:06:00+00:00,Mock tweet 3988,0.7077290219732313
2026-05-21 11:10:00+00:00,Mock tweet 3989,0.4799696301491059
2026-05-21 11:11:00+00:00,Mock tweet 3990,0.8923553548708656
2026-05-21 11:13:00+00:00,Mock tweet 3991,-0.6528420244266506
2026-05-21 11:14:00+00:00,Mock tweet 3992,-0.35248005850903597
2026-05-21 11:15:00+00:00,Mock tweet 3993,-0.3597468039861025
2026-05-21 11:19:00+00:00,Mock tweet 3994,-0.7844399681484953
2026-05-21 11:36:00+00:00,Mock tweet 3995,0.25177246725726765
2026-05-21 11:38:00+00:00,Mock tweet 3996,0.8347986602936994
2026-05-21 11:38:00+00:00,Mock tweet 3997,-0.7389783118656517
2026-05-21 11:55:00+00:00,Mock tweet 3998,-0.8371192866075194
2026-05-21 11:57:00+00:00,Mock tweet 3999,0.7693944215357897
2026-05-21 11:58:00+00:00,Mock tweet 4000,0.49523859143009585
2026-05-21 12:07:00+00:00,Mock tweet 4001,-0.45021902173747796
2026-05-21 12:09:00+00:00,Mock tweet 4002,-0.17099254379855178
2026-05-21 12:19:00+00:00,Mock tweet 4003,-0.45345424599577067
2026-05-21 12:21:00+00:00,Mock tweet 4004,-0.7616286293964416
2026-05-21 12:23:00+00:00,Mock tweet 4005,-0.2716171786417474
2026-05-21 12:27:00+00:00,Mock tweet 4006,0.7479178726861357
2026-05-21 12:29:00+00:00,Mock tweet 4007,-0.9661464118131589
2026-05-21 12:36:00+00:00,Mock tweet 4008,-0.936370733147835
2026-05-21 12:36:00+00:00,Mock tweet 4009,-0.7772928037969358
2026-05-21 12:43:00+00:00,Mock tweet 4010,-0.6862236349805775
2026-05-21 12:53:00+00:00,Mock tweet 4011,0.1947912098877458
2026-05-21 12:58:00+00:00,Mock tweet 4012,0.30930326622958226
2026-05-21 13:08:00+00:00,Mock tweet 4013,-0.44261453087310687
2026-05-21 13:10:00+00:00,Mock tweet 4014,-0.1478925738545711
2026-05-21 13:12:00+00:00,Mock tweet 4015,-0.5910692660032495
2026-05-21 13:14:00+00:00,Mock tweet 4016,-0.569601586873737
2026-05-21 13:20:00+00:00,Mock tweet 4017,-0.8390525463579788
2026-05-21 13:23:00+00:00,Mock tweet 4018,-0.28879155466132733
2026-05-21 13:25:00+00:00,Mock tweet 4019,-0.5588543165335216
2026-05-21 13:29:00+00:00,Mock tweet 4020,0.16977699447626105
2026-05-21 13:29:00+00:00,Mock tweet 4021,-0.6164652271620072
2026-05-21 13:30:00+00:00,Mock tweet 4022,0.36832718376929763
2026-05-21 13:30:00+00:00,Mock tweet 4023,0.16617756182998877
2026-05-21 13:34:00+00:00,Mock tweet 4024,0.6486345692834676
2026-05-21 13:45:00+00:00,Mock tweet 4025,-0.779454800854408
2026-05-21 13:46:00+00:00,Mock tweet 4026,0.5292121127328637
2026-05-21 13:54:00+00:00,Mock tweet 4027,-0.9996022952097745
2026-05-21 13:59:00+00:00,Mock tweet 4028,-0.3738653246923944
2026-05-21 14:14:00+00:00,Mock tweet 4029,0.8928094601728982
2026-05-21 14:15:00+00:00,Mock tweet 4030,-0.519957943438047
2026-05-21 14:17:00+00:00,Mock tweet 4031,-0.7319641257966685
2026-05-21 14:23:00+00:00,Mock tweet 4032,0.6208527577284364
2026-05-21 14:26:00+00:00,Mock tweet 4033,0.582494684526746
2026-05-21 14:27:00+00:00,Mock tweet 4034,0.5631064936101089
2026-05-21 14:30:00+00:00,Mock tweet 4035,0.5497604067285575
2026-05-21 14:39:00+00:00,Mock tweet 4036,0.17773389608203805
2026-05-21 14:44:00+00:00,Mock tweet 4037,0.9108576656392924
2026-05-21 14:45:00+00:00,Mock tweet 4038,0.3874692841876255
2026-05-21 14:52:00+00:00,Mock tweet 4039,-0.10086577791815077
2026-05-21 14:56:00+00:00,Mock tweet 4040,0.6519649075062424
2026-05-21 15:12:00+00:00,Mock tweet 4041,0.9907975646161276
2026-05-21 15:20:00+00:00,Mock tweet 4042,-0.9192435532066445
2026-05-21 15:23:00+00:00,Mock tweet 4043,0.573419054777369
2026-05-21 15:40:00+00:00,Mock tweet 4044,-0.7316203976528224
2026-05-21 15:42:00+00:00,Mock tweet 4045,-0.10866793731487268
2026-05-21 15:45:00+00:00,Mock tweet 4046,-0.7007664969465297
2026-05-21 15:51:00+00:00,Mock tweet 4047,0.742688676294573
2026-05-21 15:53:00+00:00,Mock tweet 4048,-0.9915439881199151
2026-05-21 16:07:00+00:00,Mock tweet 4049,-0.9304615281065212
2026-05-21 16:22:00+00:00,Mock tweet 4050,0.18366597982671684
2026-05-21 16:27:00+00:00,Mock tweet 4051,-0.7166835931293618
2026-05-21 16:29:00+00:00,Mock tweet 4052,-0.7560770599795137
2026-05-21 16:35:00+00:00,Mock tweet 4053,-0.8153833541574709
2026-05-21 16:36:00+00:00,Mock tweet 4054,-0.4758572579080449
2026-05-21 16:36:00+00:00,Mock tweet 4055,-0.5499247950851451
2026-05-21 16:37:00+00:00,Mock tweet 4056,-0.18789816597386744
2026-05-21 16:46:00+00:00,Mock tweet 4057,-0.4843464854449375
2026-05-21 16:55:00+00:00,Mock tweet 4058,-0.11456830631206194
2026-05-21 16:56:00+00:00,Mock tweet 4059,0.27741780071953803
2026-05-21 17:04:00+00:00,Mock tweet 4060,-0.3068162635095435
2026-05-21 17:04:00+00:00,Mock tweet 4061,0.48514230485438636
2026-05-21 17:06:00+00:00,Mock tweet 4062,-0.7331929630034026
2026-05-21 17:08:00+00:00,Mock tweet 4063,0.20465577036360183
2026-05-21 17:11:00+00:00,Mock tweet 4064,0.25418050822530835
2026-05-21 17:15:00+00:00,Mock tweet 4065,0.5478160327173782
2026-05-21 17:15:00+00:00,Mock tweet 4066,-0.631309485234699
2026-05-21 17:31:00+00:00,Mock tweet 4067,0.9697956758328456
2026-05-21 17:33:00+00:00,Mock tweet 4068,-0.5613980574834718
2026-05-21 17:34:00+00:00,Mock tweet 4069,-0.7586350854777724
2026-05-21 17:42:00+00:00,Mock tweet 4070,0.4765971353450127
2026-05-21 17:56:00+00:00,Mock tweet 4071,0.5981230822584105
2026-05-21 17:59:00+00:00,Mock tweet 4072,0.306363291181708
2026-05-21 18:17:00+00:00,Mock tweet 4073,-0.9035397224106705
2026-05-21 18:21:00+00:00,Mock tweet 4074,0.1467014485924627
2026-05-21 18:27:00+00:00,Mock tweet 4075,0.4780320894843786
2026-05-21 18:28:00+00:00,Mock tweet 4076,-0.34096001829223477
2026-05-21 18:43:00+00:00,Mock tweet 4077,-0.6114144264431938
2026-05-21 18:48:00+00:00,Mock tweet 4078,-0.5405427010017767
2026-05-21 18:49:00+00:00,Mock tweet 4079,-0.9239426788618219
2026-05-21 18:52:00+00:00,Mock tweet 4080,-0.8745690279196254
2026-05-21 18:53:00+00:00,Mock tweet 4081,-0.6732506553942186
2026-05-21 19:03:00+00:00,Mock tweet 4082,0.2868601038716463
2026-05-21 19:04:00+00:00,Mock tweet 4083,0.8204622856035828
2026-05-21 19:05:00+00:00,Mock tweet 4084,0.771137889479665
2026-05-21 19:11:00+00:00,Mock tweet 4085,0.9666663559648117
2026-05-21 19:12:00+00:00,Mock tweet 4086,0.41809607519763836
2026-05-21 19:12:00+00:00,Mock tweet 4087,-0.7764486875945471
2026-05-21 19:14:00+00:00,Mock tweet 4088,-0.6299687815749972
2026-05-21 19:36:00+00:00,Mock tweet 4089,0.3274117406483934
2026-05-21 19:42:00+00:00,Mock tweet 4090,-0.2927318673252153
2026-05-21 19:43:00+00:00,Mock tweet 4091,-0.6369852128192437
2026-05-21 19:44:00+00:00,Mock tweet 4092,-0.3388972337602465
2026-05-21 19:44:00+00:00,Mock tweet 4093,0.6489803743240474
2026-05-21 19:47:00+00:00,Mock tweet 4094,0.8251762539782925
2026-05-21 19:51:00+00:00,Mock tweet 4095,0.47778225670144847
2026-05-21 19:51:00+00:00,Mock tweet 4096,0.5687260495948792
2026-05-21 19:57:00+00:00,Mock tweet 4097,0.14313145883429823
2026-05-21 19:57:00+00:00,Mock tweet 4098,0.9234905245022054
2026-05-21 19:58:00+00:00,Mock tweet 4099,-0.754437560061546
2026-05-21 20:02:00+00:00,Mock tweet 4100,0.7081944603809305
2026-05-21 20:07:00+00:00,Mock tweet 4101,-0.36883671012863783
2026-05-21 20:14:00+00:00,Mock tweet 4102,0.7324874564373283
2026-05-21 20:20:00+00:00,Mock tweet 4103,-0.5674340727194371
2026-05-21 20:22:00+00:00,Mock tweet 4104,0.2996809937433922
2026-05-21 20:28:00+00:00,Mock tweet 4105,0.8062206038250719
2026-05-21 20:29:00+00:00,Mock tweet 4106,0.5552190013410567
2026-05-21 20:32:00+00:00,Mock tweet 4107,-0.7891821073383123
2026-05-21 20:39:00+00:00,Mock tweet 4108,-0.48124749313823756
2026-05-21 20:43:00+00:00,Mock tweet 4109,0.45518324719820513
2026-05-21 20:44:00+00:00,Mock tweet 4110,0.4337060990140247
2026-05-21 20:48:00+00:00,Mock tweet 4111,0.3836207300190737
2026-05-21 20:53:00+00:00,Mock tweet 4112,0.35958728782924276
2026-05-21 20:54:00+00:00,Mock tweet 4113,-0.8704391951795576
2026-05-21 20:57:00+00:00,Mock tweet 4114,-0.13039124309601657
2026-05-21 20:57:00+00:00,Mock tweet 4115,0.5175812892756488
2026-05-21 20:59:00+00:00,Mock tweet 4116,0.39623202884291375
2026-05-21 21:02:00+00:00,Mock tweet 4117,0.37696054105882193
2026-05-21 21:03:00+00:00,Mock tweet 4118,0.13970865761078088
2026-05-21 21:03:00+00:00,Mock tweet 4119,-0.9446376416310835
2026-05-21 21:05:00+00:00,Mock tweet 4120,0.2061608998997282
2026-05-21 21:07:00+00:00,Mock tweet 4121,0.3140819825869876
2026-05-21 21:24:00+00:00,Mock tweet 4122,0.7670108062912153
2026-05-21 21:27:00+00:00,Mock tweet 4123,-0.17837933163730502
2026-05-21 21:32:00+00:00,Mock tweet 4124,0.510122817284498
2026-05-21 21:36:00+00:00,Mock tweet 4125,0.36026923789354104
2026-05-21 21:37:00+00:00,Mock tweet 4126,0.3234664013846542
2026-05-21 21:39:00+00:00,Mock tweet 4127,0.055735913700632356
2026-05-21 21:40:00+00:00,Mock tweet 4128,-0.5494655188122737
2026-05-21 21:40:00+00:00,Mock tweet 4129,0.7370946859376197
2026-05-21 21:47:00+00:00,Mock tweet 4130,0.33714480209042064
2026-05-21 21:52:00+00:00,Mock tweet 4131,0.1596076098090975
2026-05-21 21:53:00+00:00,Mock tweet 4132,-0.5563747520881819
2026-05-21 21:56:00+00:00,Mock tweet 4133,-0.8970389843474134
2026-05-21 21:57:00+00:00,Mock tweet 4134,0.14137332095761357
2026-05-21 22:02:00+00:00,Mock tweet 4135,-0.2645035830863969
2026-05-21 22:04:00+00:00,Mock tweet 4136,-0.9965058934421751
2026-05-21 22:06:00+00:00,Mock tweet 4137,0.042861034495522476
2026-05-21 22:12:00+00:00,Mock tweet 4138,0.16981351814621415
2026-05-21 22:12:00+00:00,Mock tweet 4139,0.3784605095106732
2026-05-21 22:12:00+00:00,Mock tweet 4140,0.1311523705538986
2026-05-21 22:15:00+00:00,Mock tweet 4141,0.21993918937658186
2026-05-21 22:15:00+00:00,Mock tweet 4142,-0.805284609883655
2026-05-21 22:19:00+00:00,Mock tweet 4143,0.4844382014481974
2026-05-21 22:21:00+00:00,Mock tweet 4144,0.6411964070709284
2026-05-21 22:22:00+00:00,Mock tweet 4145,0.9668416240150826
2026-05-21 22:23:00+00:00,Mock tweet 4146,-0.5894046675071145
2026-05-21 22:30:00+00:00,Mock tweet 4147,-0.5925462020060772
2026-05-21 22:31:00+00:00,Mock tweet 4148,0.9734697374906549
2026-05-21 22:33:00+00:00,Mock tweet 4149,-0.3635655206573887
2026-05-21 22:34:00+00:00,Mock tweet 4150,0.4167540753682206
2026-05-21 22:39:00+00:00,Mock tweet 4151,0.8709912495428282
2026-05-21 22:42:00+00:00,Mock tweet 4152,-0.22075540200520005
2026-05-21 22:46:00+00:00,Mock tweet 4153,-0.7268709510488311
2026-05-21 22:46:00+00:00,Mock tweet 4154,-0.697633895424481
2026-05-21 22:46:00+00:00,Mock tweet 4155,0.1786134906886525
2026-05-21 22:47:00+00:00,Mock tweet 4156,-0.5196873033906495
2026-05-21 22:52:00+00:00,Mock tweet 4157,0.21225308625156503
2026-05-21 22:57:00+00:00,Mock tweet 4158,0.9256751973355484
2026-05-21 22:58:00+00:00,Mock tweet 4159,-0.10853355790663666
2026-05-21 23:03:00+00:00,Mock tweet 4160,0.8651665284762167
2026-05-21 23:07:00+00:00,Mock tweet 4161,0.6398196467270019
2026-05-21 23:13:00+00:00,Mock tweet 4162,0.2819056648012037
2026-05-21 23:22:00+00:00,Mock tweet 4163,0.06107541076007994
2026-05-21 23:29:00+00:00,Mock tweet 4164,0.7732743015291685
2026-05-21 23:31:00+00:00,Mock tweet 4165,-0.8323384128272557
2026-05-21 23:40:00+00:00,Mock tweet 4166,0.04477645167540811
2026-05-21 23:41:00+00:00,Mock tweet 4167,0.03329842535354888
2026-05-21 23:48:00+00:00,Mock tweet 4168,-0.18761032668251287
2026-05-21 23:53:00+00:00,Mock tweet 4169,-0.45163508213834236
2026-05-21 23:59:00+00:00,Mock tweet 4170,-0.7857291014072194
2026-05-22 00:05:00+00:00,Mock tweet 4171,0.21994594992363403
2026-05-22 00:08:00+00:00,Mock tweet 4172,-0.09731764365580986
2026-05-22 00:15:00+00:00,Mock tweet 4173,-0.5580262914582297
2026-05-22 00:17:00+00:00,Mock tweet 4174,-0.8926170453879612
2026-05-22 00:18:00+00:00,Mock tweet 4175,0.9145657109527219
2026-05-22 00:18:00+00:00,Mock tweet 4176,0.16984457722873558
2026-05-22 00:23:00+00:00,Mock tweet 4177,-0.33874448948255953
2026-05-22 00:33:00+00:00,Mock tweet 4178,8.50764748852825
2026-05-22 00:36:00+00:00,Mock tweet 4179,-0.35906144471304224
2026-05-22 00:38:00+00:00,Mock tweet 4180,0.6752374300967741
2026-05-22 00:39:00+00:00,Mock tweet 4181,-0.9350128230100743
2026-05-22 00:39:00+00:00,Mock tweet 4182,0.25671093450544724
2026-05-22 00:44:00+00:00,Mock tweet 4183,-0.4352408701841566
2026-05-22 00:47:00+00:00,Mock tweet 4184,0.5378868143296882
2026-05-22 00:49:00+00:00,Mock tweet 4185,-0.9755189638645825
2026-05-22 00:50:00+00:00,Mock tweet 4186,0.8396226428271196
2026-05-22 00:54:00+00:00,Mock tweet 4187,0.09459743304202917
2026-05-22 01:04:00+00:00,Mock tweet 4188,0.010262400353154844
2026-05-22 01:05:00+00:00,Mock tweet 4189,0.38196842582734614
2026-05-22 01:06:00+00:00,Mock tweet 4190,0.4138217820838346
2026-05-22 01:06:00+00:00,Mock tweet 4191,0.6609759275166538
2026-05-22 01:20:00+00:00,Mock tweet 4192,-0.19717960292681647
2026-05-22 01:21:00+00:00,Mock tweet 4193,-0.10752147053655459
2026-05-22 01:22:00+00:00,Mock tweet 4194,0.7743230390804208
2026-05-22 01:28:00+00:00,Mock tweet 4195,-0.3748408629917208
2026-05-22 01:39:00+00:00,Mock tweet 4196,-0.07303197646891824
2026-05-22 01:44:00+00:00,Mock tweet 4197,0.006831740883831872
2026-05-22 01:47:00+00:00,Mock tweet 4198,-0.5280450640439747
2026-05-22 01:56:00+00:00,Mock tweet 4199,-0.2993103440881457
2026-05-22 01:59:00+00:00,Mock tweet 4200,0.5489688404725996
2026-05-22 02:08:00+00:00,Mock tweet 4201,-0.1977063393670777
2026-05-22 02:14:00+00:00,Mock tweet 4202,-0.18376399756276496
2026-05-22 02:14:00+00:00,Mock tweet 4203,0.46351191324633323
2026-05-22 02:18:00+00:00,Mock tweet 4204,-0.40390853886519107
2026-05-22 02:20:00+00:00,Mock tweet 4205,0.6609803086221042
2026-05-22 02:20:00+00:00,Mock tweet 4206,-0.6434361189436317
2026-05-22 02:27:00+00:00,Mock tweet 4207,0.993735789787171
2026-05-22 02:28:00+00:00,Mock tweet 4208,-0.8691567937973883
2026-05-22 02:30:00+00:00,Mock tweet 4209,0.33964073072878764
2026-05-22 02:31:00+00:00,Mock tweet 4210,-0.8191357561723289
2026-05-22 02:39:00+00:00,Mock tweet 4211,-0.3554603032673207
2026-05-22 02:45:00+00:00,Mock tweet 4212,-0.7279052388916396
2026-05-22 02:46:00+00:00,Mock tweet 4213,-0.9716098880660389
2026-05-22 02:49:00+00:00,Mock tweet 4214,0.23487570862801443
2026-05-22 02:54:00+00:00,Mock tweet 4215,-0.7145295226480353
2026-05-22 03:00:00+00:00,Mock tweet 4216,-0.11890136472375912
2026-05-22 03:04:00+00:00,Mock tweet 4217,0.8246630488940019
2026-05-22 03:28:00+00:00,Mock tweet 4218,-0.8199959254715512
2026-05-22 03:30:00+00:00,Mock tweet 4219,0.2958960994148685
2026-05-22 03:30:00+00:00,Mock tweet 4220,0.6861305299734641
2026-05-22 03:31:00+00:00,Mock tweet 4221,-0.6221072551472675
2026-05-22 03:40:00+00:00,Mock tweet 4222,0.11543397788228815
2026-05-22 03:41:00+00:00,Mock tweet 4223,0.8397833228307174
2026-05-22 03:42:00+00:00,Mock tweet 4224,-0.1399717844354944
2026-05-22 03:45:00+00:00,Mock tweet 4225,-0.8182063872948382
2026-05-22 03:48:00+00:00,Mock tweet 4226,-0.8656779963883146
2026-05-22 03:48:00+00:00,Mock tweet 4227,-0.5544115107146352
2026-05-22 03:53:00+00:00,Mock tweet 4228,0.7917945512078548
2026-05-22 03:59:00+00:00,Mock tweet 4229,-0.7781266795899104
2026-05-22 04:06:00+00:00,Mock tweet 4230,0.16725192403278033
2026-05-22 04:20:00+00:00,Mock tweet 4231,-0.014285531325256118
2026-05-22 04:30:00+00:00,Mock tweet 4232,0.7389801502493236
2026-05-22 04:33:00+00:00,Mock tweet 4233,-0.7483258722074224
2026-05-22 04:35:00+00:00,Mock tweet 4234,-0.7265065713936041
2026-05-22 04:41:00+00:00,Mock tweet 4235,-0.43116679065695984
2026-05-22 04:50:00+00:00,Mock tweet 4236,0.8402765962081866
2026-05-22 04:52:00+00:00,Mock tweet 4237,0.4614254855569464
2026-05-22 05:00:00+00:00,Mock tweet 4238,0.6046533084084051
2026-05-22 05:05:00+00:00,Mock tweet 4239,0.1377402654062918
2026-05-22 05:19:00+00:00,Mock tweet 4240,0.49453520986993715
2026-05-22 05:23:00+00:00,Mock tweet 4241,0.3732980456409518
2026-05-22 05:24:00+00:00,Mock tweet 4242,-0.7023539908099714
2026-05-22 05:26:00+00:00,Mock tweet 4243,-0.8093858936493423
2026-05-22 05:27:00+00:00,Mock tweet 4244,-0.22516067829277442
2026-05-22 05:30:00+00:00,Mock tweet 4245,0.526150822492168
2026-05-22 05:36:00+00:00,Mock tweet 4246,0.7676355281552631
2026-05-22 05:36:00+00:00,Mock tweet 4247,0.5433433908514143
2026-05-22 05:36:00+00:00,Mock tweet 4248,0.9731331936851892
2026-05-22 05:39:00+00:00,Mock tweet 4249,0.5299297264353942
2026-05-22 05:42:00+00:00,Mock tweet 4250,0.7598604508656064
2026-05-22 05:51:00+00:00,Mock tweet 4251,-0.792068507219198
2026-05-22 05:55:00+00:00,Mock tweet 4252,0.8227787220638572
2026-05-22 05:59:00+00:00,Mock tweet 4253,-0.010681617404457722
2026-05-22 06:04:00+00:00,Mock tweet 4254,0.24161458668092406
2026-05-22 06:07:00+00:00,Mock tweet 4255,-0.5780099989469916
2026-05-22 06:10:00+00:00,Mock tweet 4256,-0.9617968632633718
2026-05-22 06:30:00+00:00,Mock tweet 4257,-0.5859892057554936
2026-05-22 06:31:00+00:00,Mock tweet 4258,-0.5028200650238834
2026-05-22 06:35:00+00:00,Mock tweet 4259,-0.43254564911024596
2026-05-22 06:35:00+00:00,Mock tweet 4260,-0.7676973494632149
2026-05-22 06:40:00+00:00,Mock tweet 4261,0.6577146522972035
2026-05-22 06:42:00+00:00,Mock tweet 4262,-0.2580823720904575
2026-05-22 06:57:00+00:00,Mock tweet 4263,-0.8465940290768075
2026-05-22 06:59:00+00:00,Mock tweet 4264,-0.43495763643608076
2026-05-22 06:59:00+00:00,Mock tweet 4265,0.46012111887345
2026-05-22 06:59:00+00:00,Mock tweet 4266,-0.8707649141308165
2026-05-22 07:08:00+00:00,Mock tweet 4267,-0.7797770959584647
2026-05-22 07:18:00+00:00,Mock tweet 4268,0.5213956767222452
2026-05-22 07:23:00+00:00,Mock tweet 4269,-0.7862679429384047
2026-05-22 07:25:00+00:00,Mock tweet 4270,-0.647633226705937
2026-05-22 07:32:00+00:00,Mock tweet 4271,-0.5144235308879228
2026-05-22 07:36:00+00:00,Mock tweet 4272,0.4165012514997075
2026-05-22 07:39:00+00:00,Mock tweet 4273,-0.42993433670111747
2026-05-22 07:43:00+00:00,Mock tweet 4274,-0.6723305605881182
2026-05-22 07:44:00+00:00,Mock tweet 4275,0.5713505208821683
2026-05-22 07:52:00+00:00,Mock tweet 4276,-0.6806938836648693
2026-05-22 07:53:00+00:00,Mock tweet 4277,0.885007141644151
2026-05-22 07:54:00+00:00,Mock tweet 4278,-0.4347872252637337
2026-05-22 08:00:00+00:00,Mock tweet 4279,-0.9428841097904976
2026-05-22 08:17:00+00:00,Mock tweet 4280,-0.2890020137931626
2026-05-22 08:22:00+00:00,Mock tweet 4281,-0.5835102807135806
2026-05-22 08:22:00+00:00,Mock tweet 4282,0.8145989319429818
2026-05-22 08:22:00+00:00,Mock tweet 4283,-0.8681199103223516
2026-05-22 08:23:00+00:00,Mock tweet 4284,-0.9434872753821906
2026-05-22 08:26:00+00:00,Mock tweet 4285,0.45819217664771505
2026-05-22 08:27:00+00:00,Mock tweet 4286,0.7746157188061651
2026-05-22 08:30:00+00:00,Mock tweet 4287,-0.3842448145005377
2026-05-22 08:42:00+00:00,Mock tweet 4288,-0.145491725224846
2026-05-22 08:45:00+00:00,Mock tweet 4289,0.9448030130494198
2026-05-22 09:02:00+00:00,Mock tweet 4290,-0.23187272455596641
2026-05-22 09:21:00+00:00,Mock tweet 4291,-0.8123937638922694
2026-05-22 09:23:00+00:00,Mock tweet 4292,-0.2442333913560939
2026-05-22 09:23:00+00:00,Mock tweet 4293,0.9266328170830331
2026-05-22 09:26:00+00:00,Mock tweet 4294,0.6249711287831712
2026-05-22 09:37:00+00:00,Mock tweet 4295,0.8635225765672763
2026-05-22 09:41:00+00:00,Mock tweet 4296,0.8298679569666951
2026-05-22 09:42:00+00:00,Mock tweet 4297,-0.9693290045436407
2026-05-22 09:43:00+00:00,Mock tweet 4298,-0.2966911160770829
2026-05-22 09:44:00+00:00,Mock tweet 4299,0.1604439410291767
2026-05-22 09:46:00+00:00,Mock tweet 4300,-0.8654207256893658
2026-05-22 09:46:00+00:00,Mock tweet 4301,-0.41376247976874514
2026-05-22 09:48:00+00:00,Mock tweet 4302,0.8530456553207761
2026-05-22 09:49:00+00:00,Mock tweet 4303,0.16056079941334578
2026-05-22 09:50:00+00:00,Mock tweet 4304,0.6135738554459349
2026-05-22 09:52:00+00:00,Mock tweet 4305,0.4331341346568005
2026-05-22 09:53:00+00:00,Mock tweet 4306,0.953848302180323
2026-05-22 09:55:00+00:00,Mock tweet 4307,0.9820020456253442
2026-05-22 09:58:00+00:00,Mock tweet 4308,0.010291695365204578
2026-05-22 09:59:00+00:00,Mock tweet 4309,0.4798664324946045
2026-05-22 10:05:00+00:00,Mock tweet 4310,0.7318031193524013
2026-05-22 10:10:00+00:00,Mock tweet 4311,0.3731386708872366
2026-05-22 10:14:00+00:00,Mock tweet 4312,-0.7107235462631849
2026-05-22 10:15:00+00:00,Mock tweet 4313,0.670102785004018
2026-05-22 10:16:00+00:00,Mock tweet 4314,-0.984801306414611
2026-05-22 10:19:00+00:00,Mock tweet 4315,-0.4209882608236226
2026-05-22 10:20:00+00:00,Mock tweet 4316,0.7768981350968065
2026-05-22 10:28:00+00:00,Mock tweet 4317,0.986215248260212
2026-05-22 10:28:00+00:00,Mock tweet 4318,0.6132807100782716
2026-05-22 10:38:00+00:00,Mock tweet 4319,0.8296837167336766
2026-05-22 10:47:00+00:00,Mock tweet 4320,0.9798186465510601
2026-05-22 10:48:00+00:00,Mock tweet 4321,-0.3870868468422368
2026-05-22 10:54:00+00:00,Mock tweet 4322,-0.9484581835862367
2026-05-22 10:55:00+00:00,Mock tweet 4323,0.2878542766077683
2026-05-22 10:56:00+00:00,Mock tweet 4324,-0.6130174328241387
2026-05-22 11:02:00+00:00,Mock tweet 4325,-0.5823905062900003
2026-05-22 11:05:00+00:00,Mock tweet 4326,-0.3772760079097135
2026-05-22 11:07:00+00:00,Mock tweet 4327,0.5848306957229557
2026-05-22 11:12:00+00:00,Mock tweet 4328,-0.5624462225437916
2026-05-22 11:20:00+00:00,Mock tweet 4329,-0.21162701738748413
2026-05-22 11:21:00+00:00,Mock tweet 4330,-0.20116345202271102
2026-05-22 11:21:00+00:00,Mock tweet 4331,-0.5485945863955719
2026-05-22 11:27:00+00:00,Mock tweet 4332,0.3601355907642436
2026-05-22 11:27:00+00:00,Mock tweet 4333,-0.7607401858724572
2026-05-22 11:28:00+00:00,Mock tweet 4334,0.6889991621533789
2026-05-22 11:31:00+00:00,Mock tweet 4335,-0.7044167486924009
2026-05-22 11:45:00+00:00,Mock tweet 4336,-0.8419875009383881
2026-05-22 11:58:00+00:00,Mock tweet 4337,0.5052195198715832
2026-05-22 12:10:00+00:00,Mock tweet 4338,0.6496481659049249
2026-05-22 12:14:00+00:00,Mock tweet 4339,0.16047494123430872
2026-05-22 12:15:00+00:00,Mock tweet 4340,0.6554535088394553
2026-05-22 12:16:00+00:00,Mock tweet 4341,0.29660919947674236
2026-05-22 12:24:00+00:00,Mock tweet 4342,0.6845087644432062
2026-05-22 12:26:00+00:00,Mock tweet 4343,0.8353080919177989
2026-05-22 12:33:00+00:00,Mock tweet 4344,-0.7650016097191135
2026-05-22 12:35:00+00:00,Mock tweet 4345,0.008707163234584536
2026-05-22 12:39:00+00:00,Mock tweet 4346,-0.8748761118195154
2026-05-22 12:41:00+00:00,Mock tweet 4347,0.0439687528123478
2026-05-22 12:44:00+00:00,Mock tweet 4348,0.9333935603128727
2026-05-22 12:45:00+00:00,Mock tweet 4349,-0.11607128801666633
2026-05-22 12:55:00+00:00,Mock tweet 4350,0.45091194105986654
2026-05-22 13:00:00+00:00,Mock tweet 4351,0.7299182358424954
2026-05-22 13:03:00+00:00,Mock tweet 4352,0.38691181783861617
2026-05-22 13:05:00+00:00,Mock tweet 4353,0.036329698358503304
2026-05-22 13:06:00+00:00,Mock tweet 4354,0.6340123447839106
2026-05-22 13:07:00+00:00,Mock tweet 4355,0.8263550260895094
2026-05-22 13:13:00+00:00,Mock tweet 4356,0.4646723803320778
2026-05-22 13:15:00+00:00,Mock tweet 4357,-0.9826860080342721
2026-05-22 13:34:00+00:00,Mock tweet 4358,0.1388212103323263
2026-05-22 13:44:00+00:00,Mock tweet 4359,-0.5935292566281176
2026-05-22 13:48:00+00:00,Mock tweet 4360,-0.5984312891289185
2026-05-22 13:49:00+00:00,Mock tweet 4361,-0.6336080495233716
2026-05-22 13:50:00+00:00,Mock tweet 4362,0.2002179009212417
2026-05-22 13:56:00+00:00,Mock tweet 4363,-0.25994913694824207
2026-05-22 14:02:00+00:00,Mock tweet 4364,0.8328858311392289
2026-05-22 14:06:00+00:00,Mock tweet 4365,0.15440641474627936
2026-05-22 14:07:00+00:00,Mock tweet 4366,-0.8976010810454784
2026-05-22 14:11:00+00:00,Mock tweet 4367,-0.4471764400128433
2026-05-22 14:11:00+00:00,Mock tweet 4368,-0.09536384409736742
2026-05-22 14:14:00+00:00,Mock tweet 4369,-0.6436405084692467
2026-05-22 14:16:00+00:00,Mock tweet 4370,0.757266503688476
2026-05-22 14:17:00+00:00,Mock tweet 4371,0.9541979052326657
2026-05-22 14:17:00+00:00,Mock tweet 4372,0.9365226360227219
2026-05-22 14:17:00+00:00,Mock tweet 4373,-0.2699812554605703
2026-05-22 14:23:00+00:00,Mock tweet 4374,0.8514792833477065
2026-05-22 14:23:00+00:00,Mock tweet 4375,-0.678522500577085
2026-05-22 14:27:00+00:00,Mock tweet 4376,0.6904933512743661
2026-05-22 14:34:00+00:00,Mock tweet 4377,0.8710849476270557
2026-05-22 14:42:00+00:00,Mock tweet 4378,0.8958138076597673
2026-05-22 14:48:00+00:00,Mock tweet 4379,-0.798033724860151
2026-05-22 14:53:00+00:00,Mock tweet 4380,0.5083676685924534
2026-05-22 14:54:00+00:00,Mock tweet 4381,-0.24796352680737122
2026-05-22 15:06:00+00:00,Mock tweet 4382,-0.8434682185983866
2026-05-22 15:14:00+00:00,Mock tweet 4383,-0.5272358785020603
2026-05-22 15:15:00+00:00,Mock tweet 4384,0.7392637401762663
2026-05-22 15:24:00+00:00,Mock tweet 4385,0.3671714002486157
2026-05-22 15:27:00+00:00,Mock tweet 4386,-0.8127932471632033
2026-05-22 15:30:00+00:00,Mock tweet 4387,0.1871165348868693
2026-05-22 15:36:00+00:00,Mock tweet 4388,0.33069776611030655
2026-05-22 15:38:00+00:00,Mock tweet 4389,-0.8241058222724293
2026-05-22 15:41:00+00:00,Mock tweet 4390,-0.3894671362203346
2026-05-22 15:47:00+00:00,Mock tweet 4391,9.735380288803789
2026-05-22 15:57:00+00:00,Mock tweet 4392,0.7730290394122348
2026-05-22 16:02:00+00:00,Mock tweet 4393,0.043613274935188295
2026-05-22 16:04:00+00:00,Mock tweet 4394,-0.191221734976178
2026-05-22 16:29:00+00:00,Mock tweet 4395,-0.07549763639375406
2026-05-22 16:29:00+00:00,Mock tweet 4396,0.4557199786617936
2026-05-22 16:34:00+00:00,Mock tweet 4397,0.696081492234411
2026-05-22 16:36:00+00:00,Mock tweet 4398,-0.7952277629376165
2026-05-22 16:36:00+00:00,Mock tweet 4399,-0.5932190463603204
2026-05-22 16:36:00+00:00,Mock tweet 4400,0.8350288857410786
2026-05-22 16:42:00+00:00,Mock tweet 4401,8.871193655958244
2026-05-22 16:47:00+00:00,Mock tweet 4402,-0.8079346164292334
2026-05-22 16:51:00+00:00,Mock tweet 4403,-0.42370406421938234
2026-05-22 16:51:00+00:00,Mock tweet 4404,-0.7181441256005201
2026-05-22 16:55:00+00:00,Mock tweet 4405,-0.30954316555624617
2026-05-22 17:00:00+00:00,Mock tweet 4406,0.3004079672508717
2026-05-22 17:01:00+00:00,Mock tweet 4407,-0.15091129077255938
2026-05-22 17:01:00+00:00,Mock tweet 4408,0.6345076238193437
2026-05-22 17:04:00+00:00,Mock tweet 4409,-0.14980655244193652
2026-05-22 17:08:00+00:00,Mock tweet 4410,-0.21748864989528904
2026-05-22 17:08:00+00:00,Mock tweet 4411,0.18576424791643587
2026-05-22 17:11:00+00:00,Mock tweet 4412,0.4426986183109123
2026-05-22 17:14:00+00:00,Mock tweet 4413,0.9250463958625634
2026-05-22 17:20:00+00:00,Mock tweet 4414,0.2910218995643561
2026-05-22 17:24:00+00:00,Mock tweet 4415,0.024560179346232003
2026-05-22 17:25:00+00:00,Mock tweet 4416,-0.01949382481209816
2026-05-22 17:29:00+00:00,Mock tweet 4417,0.6220887239929569
2026-05-22 17:32:00+00:00,Mock tweet 4418,-0.1256352188449914
2026-05-22 17:32:00+00:00,Mock tweet 4419,-0.9944764961626142
2026-05-22 17:33:00+00:00,Mock tweet 4420,0.555998031939891
2026-05-22 17:35:00+00:00,Mock tweet 4421,-0.2050436648518601
2026-05-22 17:46:00+00:00,Mock tweet 4422,-0.9872226265078907
2026-05-22 17:49:00+00:00,Mock tweet 4423,-0.39143285596134314
2026-05-22 17:51:00+00:00,Mock tweet 4424,0.946017848733735
2026-05-22 17:54:00+00:00,Mock tweet 4425,0.9088318601840903
2026-05-22 17:56:00+00:00,Mock tweet 4426,-0.06766337639808051
2026-05-22 18:04:00+00:00,Mock tweet 4427,0.9338587534544978
2026-05-22 18:05:00+00:00,Mock tweet 4428,0.0921276098023951
2026-05-22 18:09:00+00:00,Mock tweet 4429,0.7055889142323051
2026-05-22 18:10:00+00:00,Mock tweet 4430,-0.6071710980159728
2026-05-22 18:10:00+00:00,Mock tweet 4431,-0.3982367211382354
2026-05-22 18:17:00+00:00,Mock tweet 4432,0.9842440416210052
2026-05-22 18:19:00+00:00,Mock tweet 4433,0.25529380409961044
2026-05-22 18:22:00+00:00,Mock tweet 4434,0.1857872707180399
2026-05-22 18:26:00+00:00,Mock tweet 4435,-0.05145840642062449
2026-05-22 18:30:00+00:00,Mock tweet 4436,-0.8181166281610874
2026-05-22 18:33:00+00:00,Mock tweet 4437,0.561545592041047
2026-05-22 18:33:00+00:00,Mock tweet 4438,-0.6553504765223042
2026-05-22 18:38:00+00:00,Mock tweet 4439,0.0010703055842447018
2026-05-22 18:52:00+00:00,Mock tweet 4440,0.614713419625631
2026-05-22 18:55:00+00:00,Mock tweet 4441,0.029655761373223122
2026-05-22 18:58:00+00:00,Mock tweet 4442,-0.3290814661208017
2026-05-22 19:00:00+00:00,Mock tweet 4443,0.9299295199623903
2026-05-22 19:08:00+00:00,Mock tweet 4444,-0.9756597510410567
2026-05-22 19:11:00+00:00,Mock tweet 4445,-0.9233569118446463
2026-05-22 19:24:00+00:00,Mock tweet 4446,-0.08782709282724088
2026-05-22 19:34:00+00:00,Mock tweet 4447,-0.5442685182226561
2026-05-22 19:37:00+00:00,Mock tweet 4448,0.6986413413826433
2026-05-22 19:40:00+00:00,Mock tweet 4449,0.9022608065687929
2026-05-22 19:45:00+00:00,Mock tweet 4450,0.8507717517163031
2026-05-22 19:50:00+00:00,Mock tweet 4451,0.6802723110040256
2026-05-22 20:00:00+00:00,Mock tweet 4452,0.40344994733616346
2026-05-22 20:15:00+00:00,Mock tweet 4453,0.7793498529504868
2026-05-22 20:18:00+00:00,Mock tweet 4454,0.2780358310140243
2026-05-22 20:21:00+00:00,Mock tweet 4455,-0.6831336688465299
2026-05-22 20:27:00+00:00,Mock tweet 4456,0.445503967083303
2026-05-22 20:31:00+00:00,Mock tweet 4457,-0.9425146309167043
2026-05-22 20:32:00+00:00,Mock tweet 4458,-0.4585899131751321
2026-05-22 20:34:00+00:00,Mock tweet 4459,-0.3143934501315897
2026-05-22 20:36:00+00:00,Mock tweet 4460,-0.7059999766231968
2026-05-22 21:04:00+00:00,Mock tweet 4461,-0.013903416577204286
2026-05-22 21:08:00+00:00,Mock tweet 4462,-0.09742388597312313
2026-05-22 21:12:00+00:00,Mock tweet 4463,0.3244603326383786
2026-05-22 21:13:00+00:00,Mock tweet 4464,0.9730429353176622
2026-05-22 21:14:00+00:00,Mock tweet 4465,0.6372559016990826
2026-05-22 21:23:00+00:00,Mock tweet 4466,-0.7507645875597408
2026-05-22 21:27:00+00:00,Mock tweet 4467,0.5189658097225227
2026-05-22 21:27:00+00:00,Mock tweet 4468,-0.6550998174199945
2026-05-22 21:40:00+00:00,Mock tweet 4469,0.9334537625985768
2026-05-22 21:47:00+00:00,Mock tweet 4470,0.9016256742912667
2026-05-22 21:49:00+00:00,Mock tweet 4471,-0.645755843422523
2026-05-22 21:56:00+00:00,Mock tweet 4472,0.2064092464643048
2026-05-22 21:58:00+00:00,Mock tweet 4473,-0.32147114594673654
2026-05-22 21:59:00+00:00,Mock tweet 4474,-0.3495861079280871
2026-05-22 22:00:00+00:00,Mock tweet 4475,0.006666843647771037
2026-05-22 22:01:00+00:00,Mock tweet 4476,-0.8625830248090331
2026-05-22 22:10:00+00:00,Mock tweet 4477,-0.2526478879680787
2026-05-22 22:26:00+00:00,Mock tweet 4478,0.6766250763866553
2026-05-22 22:28:00+00:00,Mock tweet 4479,0.37002139750935426
2026-05-22 22:29:00+00:00,Mock tweet 4480,-0.9139005249007777
2026-05-22 22:30:00+00:00,Mock tweet 4481,0.8827941892212787
2026-05-22 22:36:00+00:00,Mock tweet 4482,-0.09169711984303519
2026-05-22 22:46:00+00:00,Mock tweet 4483,0.49503334288959144
2026-05-22 22:53:00+00:00,Mock tweet 4484,-0.7861310450242536
2026-05-22 22:56:00+00:00,Mock tweet 4485,-0.8278158434189495
2026-05-22 23:03:00+00:00,Mock tweet 4486,0.7161443232253788
2026-05-22 23:05:00+00:00,Mock tweet 4487,0.97320611884703
2026-05-22 23:05:00+00:00,Mock tweet 4488,0.8450313329342409
2026-05-22 23:06:00+00:00,Mock tweet 4489,-0.14428859843042185
2026-05-22 23:06:00+00:00,Mock tweet 4490,-0.3931691119490619
2026-05-22 23:12:00+00:00,Mock tweet 4491,-0.3327860085590808
2026-05-22 23:14:00+00:00,Mock tweet 4492,-0.9056792993053275
2026-05-22 23:16:00+00:00,Mock tweet 4493,0.9068792273495991
2026-05-22 23:18:00+00:00,Mock tweet 4494,0.13962402275381347
2026-05-22 23:42:00+00:00,Mock tweet 4495,-0.6492902875135018
2026-05-22 23:44:00+00:00,Mock tweet 4496,0.17569579417525572
2026-05-22 23:55:00+00:00,Mock tweet 4497,0.491363124878746
2026-05-23 00:05:00+00:00,Mock tweet 4498,-0.6734349136876883
2026-05-23 00:11:00+00:00,Mock tweet 4499,0.22763118558892081
2026-05-23 00:14:00+00:00,Mock tweet 4500,0.8507330965719684
2026-05-23 00:14:00+00:00,Mock tweet 4501,0.8320496138685396
2026-05-23 00:14:00+00:00,Mock tweet 4502,0.47522200977459383
2026-05-23 00:24:00+00:00,Mock tweet 4503,0.8879884812600995
2026-05-23 00:25:00+00:00,Mock tweet 4504,0.08884308574381228
2026-05-23 00:36:00+00:00,Mock tweet 4505,0.40222848141593137
2026-05-23 00:41:00+00:00,Mock tweet 4506,-0.2791347022878794
2026-05-23 00:51:00+00:00,Mock tweet 4507,0.1662197917359416
2026-05-23 00:58:00+00:00,Mock tweet 4508,-0.019945731480164985
2026-05-23 01:01:00+00:00,Mock tweet 4509,-0.08568488375572048
2026-05-23 01:02:00+00:00,Mock tweet 4510,0.30141688645627585
2026-05-23 01:13:00+00:00,Mock tweet 4511,-0.528042962869943
2026-05-23 01:19:00+00:00,Mock tweet 4512,0.07031947502438984
2026-05-23 01:30:00+00:00,Mock tweet 4513,-0.590041597811616
2026-05-23 01:31:00+00:00,Mock tweet 4514,0.5097586174550859
2026-05-23 01:35:00+00:00,Mock tweet 4515,0.4600963899409274
2026-05-23 01:41:00+00:00,Mock tweet 4516,-0.7113517541042522
2026-05-23 01:46:00+00:00,Mock tweet 4517,0.24821907156788603
2026-05-23 01:51:00+00:00,Mock tweet 4518,-0.2440371719059331
2026-05-23 01:51:00+00:00,Mock tweet 4519,0.26787066117064207
2026-05-23 01:54:00+00:00,Mock tweet 4520,0.004960055717293965
2026-05-23 02:01:00+00:00,Mock tweet 4521,-0.7463994812014538
2026-05-23 02:01:00+00:00,Mock tweet 4522,-0.6351487916076517
2026-05-23 02:09:00+00:00,Mock tweet 4523,0.7810748853332157
2026-05-23 02:11:00+00:00,Mock tweet 4524,-0.5455029299265386
2026-05-23 02:16:00+00:00,Mock tweet 4525,0.1498705023577176
2026-05-23 02:23:00+00:00,Mock tweet 4526,-0.6267063570512554
2026-05-23 02:26:00+00:00,Mock tweet 4527,0.9629265221354377
2026-05-23 02:28:00+00:00,Mock tweet 4528,0.7387420061458798
2026-05-23 02:33:00+00:00,Mock tweet 4529,-0.35865349080743725
2026-05-23 02:37:00+00:00,Mock tweet 4530,-0.38946980616696725
2026-05-23 02:38:00+00:00,Mock tweet 4531,-0.008460814703277864
2026-05-23 02:47:00+00:00,Mock tweet 4532,0.5220051720679626
2026-05-23 02:49:00+00:00,Mock tweet 4533,0.5440368222780794
2026-05-23 02:55:00+00:00,Mock tweet 4534,-0.652587249098469
2026-05-23 03:00:00+00:00,Mock tweet 4535,0.07615494449462834
2026-05-23 03:00:00+00:00,Mock tweet 4536,0.40398829088079213
2026-05-23 03:05:00+00:00,Mock tweet 4537,-0.455171364697601
2026-05-23 03:12:00+00:00,Mock tweet 4538,0.038993131318342256
2026-05-23 03:18:00+00:00,Mock tweet 4539,0.841685052427342
2026-05-23 03:19:00+00:00,Mock tweet 4540,-0.5383007254909333
2026-05-23 03:25:00+00:00,Mock tweet 4541,0.6111988846635108
2026-05-23 03:35:00+00:00,Mock tweet 4542,-0.4203817620420627
2026-05-23 03:44:00+00:00,Mock tweet 4543,-0.08877786390096687
2026-05-23 03:47:00+00:00,Mock tweet 4544,-0.44019047207241147
2026-05-23 03:49:00+00:00,Mock tweet 4545,0.8463248571342235
2026-05-23 03:50:00+00:00,Mock tweet 4546,0.09795878502304878
2026-05-23 03:56:00+00:00,Mock tweet 4547,-0.44310461894182485
2026-05-23 04:02:00+00:00,Mock tweet 4548,0.03115640036997047
2026-05-23 04:04:00+00:00,Mock tweet 4549,-0.9746771580784181
2026-05-23 04:08:00+00:00,Mock tweet 4550,0.5727097458698747
2026-05-23 04:16:00+00:00,Mock tweet 4551,-0.44384236542319
2026-05-23 04:19:00+00:00,Mock tweet 4552,0.699438856525753
2026-05-23 04:37:00+00:00,Mock tweet 4553,0.3395936556295809
2026-05-23 04:42:00+00:00,Mock tweet 4554,0.3496433127839873
2026-05-23 04:42:00+00:00,Mock tweet 4555,-0.4857315786395835
2026-05-23 04:47:00+00:00,Mock tweet 4556,0.8542988998448009
2026-05-23 04:55:00+00:00,Mock tweet 4557,0.34287363568927876
2026-05-23 05:00:00+00:00,Mock tweet 4558,-0.7730550883591418
2026-05-23 05:03:00+00:00,Mock tweet 4559,-0.8643397866498042
2026-05-23 05:09:00+00:00,Mock tweet 4560,-0.9856272081908775
2026-05-23 05:10:00+00:00,Mock tweet 4561,0.5659765252391977
2026-05-23 05:12:00+00:00,Mock tweet 4562,-0.956306072915021
2026-05-23 05:13:00+00:00,Mock tweet 4563,-0.9995093628246474
2026-05-23 05:18:00+00:00,Mock tweet 4564,0.804680853767517
2026-05-23 05:21:00+00:00,Mock tweet 4565,-0.7877011654352455
2026-05-23 05:22:00+00:00,Mock tweet 4566,0.03584920331993624
2026-05-23 05:24:00+00:00,Mock tweet 4567,-0.5950522741883255
2026-05-23 05:40:00+00:00,Mock tweet 4568,-0.49852485739399155
2026-05-23 05:43:00+00:00,Mock tweet 4569,0.4478330711948988
2026-05-23 05:52:00+00:00,Mock tweet 4570,-0.49476607954199103
2026-05-23 05:55:00+00:00,Mock tweet 4571,-0.9340463034174873
2026-05-23 05:58:00+00:00,Mock tweet 4572,0.04412777765389131
2026-05-23 05:59:00+00:00,Mock tweet 4573,-0.984178005194754
2026-05-23 06:08:00+00:00,Mock tweet 4574,0.43499904731517414
2026-05-23 06:17:00+00:00,Mock tweet 4575,0.0712382650445329
2026-05-23 06:18:00+00:00,Mock tweet 4576,0.3170040477934968
2026-05-23 06:22:00+00:00,Mock tweet 4577,0.895302457092418
2026-05-23 06:23:00+00:00,Mock tweet 4578,0.5039001347460448
2026-05-23 06:29:00+00:00,Mock tweet 4579,-0.0054827832800736775
2026-05-23 06:29:00+00:00,Mock tweet 4580,0.8322341250512746
2026-05-23 06:29:00+00:00,Mock tweet 4581,0.7660408380104722
2026-05-23 06:44:00+00:00,Mock tweet 4582,0.5404187049997213
2026-05-23 06:47:00+00:00,Mock tweet 4583,0.8284640618086136
2026-05-23 06:47:00+00:00,Mock tweet 4584,-0.9042733958589584
2026-05-23 06:48:00+00:00,Mock tweet 4585,-0.9564944892702343
2026-05-23 06:53:00+00:00,Mock tweet 4586,-0.6259917136538513
2026-05-23 06:55:00+00:00,Mock tweet 4587,0.14613997670103385
2026-05-23 06:57:00+00:00,Mock tweet 4588,0.8162431822390865
2026-05-23 06:57:00+00:00,Mock tweet 4589,-0.4794017891334903
2026-05-23 07:02:00+00:00,Mock tweet 4590,-0.4580490002418327
2026-05-23 07:06:00+00:00,Mock tweet 4591,0.8203219201884546
2026-05-23 07:06:00+00:00,Mock tweet 4592,-0.07479330417520491
2026-05-23 07:06:00+00:00,Mock tweet 4593,0.49254332352568797
2026-05-23 07:21:00+00:00,Mock tweet 4594,-0.3578960594456604
2026-05-23 07:24:00+00:00,Mock tweet 4595,-0.6694831666487735
2026-05-23 07:25:00+00:00,Mock tweet 4596,0.7940334966268194
2026-05-23 07:27:00+00:00,Mock tweet 4597,-0.7081929996877263
2026-05-23 07:37:00+00:00,Mock tweet 4598,-0.10814593672880157
2026-05-23 07:38:00+00:00,Mock tweet 4599,-0.7014768227189219
2026-05-23 07:42:00+00:00,Mock tweet 4600,-0.2041632429512794
2026-05-23 07:43:00+00:00,Mock tweet 4601,0.9141351421512482
2026-05-23 07:46:00+00:00,Mock tweet 4602,-0.9876572509508494
2026-05-23 07:46:00+00:00,Mock tweet 4603,0.6626554564132783
2026-05-23 07:54:00+00:00,Mock tweet 4604,-0.048617856189206776
2026-05-23 07:55:00+00:00,Mock tweet 4605,0.8116914361112733
2026-05-23 08:01:00+00:00,Mock tweet 4606,0.2957275648830422
2026-05-23 08:01:00+00:00,Mock tweet 4607,0.7743282856702747
2026-05-23 08:01:00+00:00,Mock tweet 4608,0.1188292694151365
2026-05-23 08:11:00+00:00,Mock tweet 4609,-0.7140397651708574
2026-05-23 08:11:00+00:00,Mock tweet 4610,0.2847371745842069
2026-05-23 08:14:00+00:00,Mock tweet 4611,-0.34479679270563457
2026-05-23 08:19:00+00:00,Mock tweet 4612,0.3003033112827802
2026-05-23 08:25:00+00:00,Mock tweet 4613,0.9536488958541816
2026-05-23 08:27:00+00:00,Mock tweet 4614,-0.3735363087200332
2026-05-23 08:30:00+00:00,Mock tweet 4615,-0.17519118340338968
2026-05-23 08:31:00+00:00,Mock tweet 4616,0.4442730415913698
2026-05-23 08:36:00+00:00,Mock tweet 4617,0.29484602875952204
2026-05-23 08:42:00+00:00,Mock tweet 4618,0.7352067252161956
2026-05-23 08:48:00+00:00,Mock tweet 4619,0.5661773177289207
2026-05-23 08:50:00+00:00,Mock tweet 4620,-0.8237536247664441
2026-05-23 08:53:00+00:00,Mock tweet 4621,0.3524002253245089
2026-05-23 08:55:00+00:00,Mock tweet 4622,0.019753493502935315
2026-05-23 09:01:00+00:00,Mock tweet 4623,0.10940258555272142
2026-05-23 09:06:00+00:00,Mock tweet 4624,0.3631253324467236
2026-05-23 09:12:00+00:00,Mock tweet 4625,0.6793276345596788
2026-05-23 09:18:00+00:00,Mock tweet 4626,0.8833027866885492
2026-05-23 09:21:00+00:00,Mock tweet 4627,0.6444326961688882
2026-05-23 09:31:00+00:00,Mock tweet 4628,-0.06382295208445421
2026-05-23 09:34:00+00:00,Mock tweet 4629,0.07711039996219005
2026-05-23 09:34:00+00:00,Mock tweet 4630,-0.8125294915275014
2026-05-23 09:38:00+00:00,Mock tweet 4631,-0.8635022721881667
2026-05-23 09:39:00+00:00,Mock tweet 4632,0.7645314228420299
2026-05-23 09:43:00+00:00,Mock tweet 4633,-0.8326790905026176
2026-05-23 10:00:00+00:00,Mock tweet 4634,0.06875510133941365
2026-05-23 10:01:00+00:00,Mock tweet 4635,-0.13869845986332252
2026-05-23 10:14:00+00:00,Mock tweet 4636,0.08470517427941116
2026-05-23 10:14:00+00:00,Mock tweet 4637,-0.4285976303293233
2026-05-23 10:16:00+00:00,Mock tweet 4638,-0.18729224224656194
2026-05-23 10:17:00+00:00,Mock tweet 4639,0.5653003190167039
2026-05-23 10:24:00+00:00,Mock tweet 4640,0.5837261401341622
2026-05-23 10:32:00+00:00,Mock tweet 4641,-0.5225912972092421
2026-05-23 10:40:00+00:00,Mock tweet 4642,-0.051677141378128955
2026-05-23 10:41:00+00:00,Mock tweet 4643,-0.32142785638442506
2026-05-23 10:54:00+00:00,Mock tweet 4644,0.4481486400028283
2026-05-23 10:55:00+00:00,Mock tweet 4645,-0.3080627153112365
2026-05-23 10:59:00+00:00,Mock tweet 4646,0.5621340030189741
2026-05-23 11:00:00+00:00,Mock tweet 4647,0.6318716624344596
2026-05-23 11:03:00+00:00,Mock tweet 4648,-0.16437217278487037
2026-05-23 11:05:00+00:00,Mock tweet 4649,0.5287174990292682
2026-05-23 11:06:00+00:00,Mock tweet 4650,-0.6841270128830284
2026-05-23 11:10:00+00:00,Mock tweet 4651,-0.4326661846788429
2026-05-23 11:13:00+00:00,Mock tweet 4652,-0.6281498323342809
2026-05-23 11:14:00+00:00,Mock tweet 4653,0.38106367685913045
2026-05-23 11:15:00+00:00,Mock tweet 4654,-0.3217734781362027
2026-05-23 11:16:00+00:00,Mock tweet 4655,-0.5929719988860676
2026-05-23 11:20:00+00:00,Mock tweet 4656,0.904609475057508
2026-05-23 11:20:00+00:00,Mock tweet 4657,-0.8708475595202576
2026-05-23 11:23:00+00:00,Mock tweet 4658,0.9256311440761675
2026-05-23 11:30:00+00:00,Mock tweet 4659,-0.9628772684149782
2026-05-23 11:31:00+00:00,Mock tweet 4660,0.686419958432164
2026-05-23 11:32:00+00:00,Mock tweet 4661,0.04464187412535092
2026-05-23 11:41:00+00:00,Mock tweet 4662,-0.32779161614462815
2026-05-23 11:42:00+00:00,Mock tweet 4663,-0.6650433508687144
2026-05-23 11:48:00+00:00,Mock tweet 4664,-0.4593012405186483
2026-05-23 11:55:00+00:00,Mock tweet 4665,-0.0984975173749354
2026-05-23 12:02:00+00:00,Mock tweet 4666,-0.3968723973332713
2026-05-23 12:12:00+00:00,Mock tweet 4667,0.42023121417378606
2026-05-23 12:16:00+00:00,Mock tweet 4668,0.242633371944472
2026-05-23 12:16:00+00:00,Mock tweet 4669,-0.28409049628292826
2026-05-23 12:26:00+00:00,Mock tweet 4670,0.735204021230141
2026-05-23 12:27:00+00:00,Mock tweet 4671,-0.03491926706803161
2026-05-23 12:29:00+00:00,Mock tweet 4672,-0.6627252878460999
2026-05-23 12:37:00+00:00,Mock tweet 4673,0.4909733371154963
2026-05-23 12:38:00+00:00,Mock tweet 4674,0.7938582508099152
2026-05-23 12:41:00+00:00,Mock tweet 4675,0.64796307688995
2026-05-23 12:43:00+00:00,Mock tweet 4676,-0.026981378497566988
2026-05-23 12:49:00+00:00,Mock tweet 4677,-0.3866839389386705
2026-05-23 12:50:00+00:00,Mock tweet 4678,0.1302004756632038
2026-05-23 12:52:00+00:00,Mock tweet 4679,-0.7548330696003793
2026-05-23 12:58:00+00:00,Mock tweet 4680,0.23505487623660404
2026-05-23 13:00:00+00:00,Mock tweet 4681,0.8433229687636306
2026-05-23 13:01:00+00:00,Mock tweet 4682,-0.5699668503271342
2026-05-23 13:04:00+00:00,Mock tweet 4683,0.6136664700317065
2026-05-23 13:18:00+00:00,Mock tweet 4684,0.5078594731190471
2026-05-23 13:22:00+00:00,Mock tweet 4685,-0.09771430689518223
2026-05-23 13:28:00+00:00,Mock tweet 4686,-0.13134082035807126
2026-05-23 13:36:00+00:00,Mock tweet 4687,0.750940028813379
2026-05-23 13:39:00+00:00,Mock tweet 4688,-0.05666887286316169
2026-05-23 13:41:00+00:00,Mock tweet 4689,-0.27982215327952353
2026-05-23 13:44:00+00:00,Mock tweet 4690,7.468500169818083
2026-05-23 13:44:00+00:00,Mock tweet 4691,0.8661865894952552
2026-05-23 13:47:00+00:00,Mock tweet 4692,-0.6334078320748402
2026-05-23 13:55:00+00:00,Mock tweet 4693,-0.06926009868398575
2026-05-23 14:13:00+00:00,Mock tweet 4694,-0.11707167673461538
2026-05-23 14:13:00+00:00,Mock tweet 4695,0.3995712633301469
2026-05-23 14:22:00+00:00,Mock tweet 4696,-0.9197315921660154
2026-05-23 14:25:00+00:00,Mock tweet 4697,-0.6709639122951849
2026-05-23 14:32:00+00:00,Mock tweet 4698,0.18258353138317562
2026-05-23 14:34:00+00:00,Mock tweet 4699,-0.083408112072485
2026-05-23 14:40:00+00:00,Mock tweet 4700,0.3513154728682999
2026-05-23 14:50:00+00:00,Mock tweet 4701,0.9731272941181079
2026-05-23 14:59:00+00:00,Mock tweet 4702,0.7965994402828667
2026-05-23 15:11:00+00:00,Mock tweet 4703,0.23859543444079456
2026-05-23 15:20:00+00:00,Mock tweet 4704,-0.7582004352615073
2026-05-23 15:20:00+00:00,Mock tweet 4705,0.4638307173379599
2026-05-23 15:25:00+00:00,Mock tweet 4706,0.7879172694620904
2026-05-23 15:28:00+00:00,Mock tweet 4707,0.6505215831494249
2026-05-23 15:31:00+00:00,Mock tweet 4708,0.6218527791722417
2026-05-23 15:31:00+00:00,Mock tweet 4709,0.5163802338043342
2026-05-23 15:35:00+00:00,Mock tweet 4710,0.9657554105326032
2026-05-23 15:46:00+00:00,Mock tweet 4711,0.36386717496746246
2026-05-23 15:47:00+00:00,Mock tweet 4712,0.26633112560983485
2026-05-23 15:48:00+00:00,Mock tweet 4713,0.6133569136954029
2026-05-23 15:48:00+00:00,Mock tweet 4714,-0.3972126415709747
2026-05-23 15:49:00+00:00,Mock tweet 4715,-0.5260817456778739
2026-05-23 15:49:00+00:00,Mock tweet 4716,-0.7654931466138566
2026-05-23 15:55:00+00:00,Mock tweet 4717,0.29419121494054745
2026-05-23 15:59:00+00:00,Mock tweet 4718,0.28218086957972055
2026-05-23 16:06:00+00:00,Mock tweet 4719,-0.009796683175460341
2026-05-23 16:06:00+00:00,Mock tweet 4720,0.40787058155193345
2026-05-23 16:08:00+00:00,Mock tweet 4721,0.7284857234515416
2026-05-23 16:22:00+00:00,Mock tweet 4722,0.544754678288
2026-05-23 16:22:00+00:00,Mock tweet 4723,0.7051589899345232
2026-05-23 16:29:00+00:00,Mock tweet 4724,0.06267120447899655
2026-05-23 16:30:00+00:00,Mock tweet 4725,0.6825364435194945
2026-05-23 16:35:00+00:00,Mock tweet 4726,-0.7816333180292498
2026-05-23 16:37:00+00:00,Mock tweet 4727,-0.7687735044868516
2026-05-23 16:38:00+00:00,Mock tweet 4728,-0.48886278723845344
2026-05-23 16:40:00+00:00,Mock tweet 4729,-0.7822593339161068
2026-05-23 16:53:00+00:00,Mock tweet 4730,0.9340528520056572
2026-05-23 16:59:00+00:00,Mock tweet 4731,-0.6302377152928269
2026-05-23 17:02:00+00:00,Mock tweet 4732,0.9937868726622641
2026-05-23 17:08:00+00:00,Mock tweet 4733,-0.684853619040436
2026-05-23 17:08:00+00:00,Mock tweet 4734,-0.9828335391724781
2026-05-23 17:13:00+00:00,Mock tweet 4735,-0.1539442628325276
2026-05-23 17:14:00+00:00,Mock tweet 4736,0.08646834346993937
2026-05-23 17:15:00+00:00,Mock tweet 4737,0.781313651932376
2026-05-23 17:17:00+00:00,Mock tweet 4738,0.03288877807779578
2026-05-23 17:21:00+00:00,Mock tweet 4739,0.7076740737678595
2026-05-23 17:21:00+00:00,Mock tweet 4740,-0.37996463282737336
2026-05-23 17:22:00+00:00,Mock tweet 4741,0.20257527119247198
2026-05-23 17:41:00+00:00,Mock tweet 4742,-0.4117347528685851
2026-05-23 17:44:00+00:00,Mock tweet 4743,0.8795275282689445
2026-05-23 17:50:00+00:00,Mock tweet 4744,-0.37494204778250273
2026-05-23 17:52:00+00:00,Mock tweet 4745,-0.22409907712001798
2026-05-23 17:54:00+00:00,Mock tweet 4746,0.8595956163986322
2026-05-23 17:58:00+00:00,Mock tweet 4747,-0.9300273509762864
2026-05-23 17:59:00+00:00,Mock tweet 4748,0.461664354553845
2026-05-23 18:00:00+00:00,Mock tweet 4749,0.7596288076402058
2026-05-23 18:06:00+00:00,Mock tweet 4750,-0.686343844340799
2026-05-23 18:07:00+00:00,Mock tweet 4751,0.34050013744499097
2026-05-23 18:20:00+00:00,Mock tweet 4752,-0.8462642998879879
2026-05-23 18:22:00+00:00,Mock tweet 4753,0.21287916973362297
2026-05-23 18:28:00+00:00,Mock tweet 4754,0.21138751988539228
2026-05-23 18:30:00+00:00,Mock tweet 4755,-0.7656624582276679
2026-05-23 18:36:00+00:00,Mock tweet 4756,0.8197629257961547
2026-05-23 18:44:00+00:00,Mock tweet 4757,-0.7161205124242156
2026-05-23 18:45:00+00:00,Mock tweet 4758,-0.9079749021942094
2026-05-23 18:49:00+00:00,Mock tweet 4759,-0.786806295691939
2026-05-23 18:51:00+00:00,Mock tweet 4760,0.7582387407158646
2026-05-23 18:55:00+00:00,Mock tweet 4761,-0.010977823801626041
2026-05-23 18:57:00+00:00,Mock tweet 4762,6.174596466905306
2026-05-23 19:01:00+00:00,Mock tweet 4763,0.5566341692240164
2026-05-23 19:03:00+00:00,Mock tweet 4764,-0.4875169546922582
2026-05-23 19:13:00+00:00,Mock tweet 4765,0.6571952078211112
2026-05-23 19:21:00+00:00,Mock tweet 4766,0.059351780340484606
2026-05-23 19:25:00+00:00,Mock tweet 4767,-0.28334507502860595
2026-05-23 19:29:00+00:00,Mock tweet 4768,0.5839925916336772
2026-05-23 19:33:00+00:00,Mock tweet 4769,-0.1010442051069167
2026-05-23 19:36:00+00:00,Mock tweet 4770,-0.8129656077342744
2026-05-23 19:40:00+00:00,Mock tweet 4771,-0.5815009551332879
2026-05-23 19:43:00+00:00,Mock tweet 4772,0.93104426726102
2026-05-23 19:48:00+00:00,Mock tweet 4773,0.8997021828146929
2026-05-23 19:50:00+00:00,Mock tweet 4774,0.046694776183332065
2026-05-23 19:53:00+00:00,Mock tweet 4775,0.3328931698373969
2026-05-23 19:56:00+00:00,Mock tweet 4776,0.5420623981343944
2026-05-23 20:02:00+00:00,Mock tweet 4777,0.846601679647105
2026-05-23 20:03:00+00:00,Mock tweet 4778,-0.7994915147132777
2026-05-23 20:08:00+00:00,Mock tweet 4779,-0.33878535395428355
2026-05-23 20:13:00+00:00,Mock tweet 4780,-0.517074942297856
2026-05-23 20:24:00+00:00,Mock tweet 4781,0.5942733032337297
2026-05-23 20:28:00+00:00,Mock tweet 4782,0.11768411404950374
2026-05-23 20:28:00+00:00,Mock tweet 4783,0.4863373924240748
2026-05-23 20:34:00+00:00,Mock tweet 4784,-0.06472521051712299
2026-05-23 20:49:00+00:00,Mock tweet 4785,-0.05785768815231651
2026-05-23 20:49:00+00:00,Mock tweet 4786,0.3855651794944268
2026-05-23 20:52:00+00:00,Mock tweet 4787,0.1836678255156663
2026-05-23 20:53:00+00:00,Mock tweet 4788,0.8208939722505437
2026-05-23 21:05:00+00:00,Mock tweet 4789,0.5181175986313853
2026-05-23 21:05:00+00:00,Mock tweet 4790,0.8912943914551388
2026-05-23 21:06:00+00:00,Mock tweet 4791,-0.16310976888779405
2026-05-23 21:07:00+00:00,Mock tweet 4792,0.21607265137051446
2026-05-23 21:07:00+00:00,Mock tweet 4793,0.3665752950920995
2026-05-23 21:09:00+00:00,Mock tweet 4794,0.7392693447491419
2026-05-23 21:21:00+00:00,Mock tweet 4795,0.96650502724248
2026-05-23 21:24:00+00:00,Mock tweet 4796,-0.08544644210321217
2026-05-23 21:29:00+00:00,Mock tweet 4797,-0.5778611783064789
2026-05-23 21:51:00+00:00,Mock tweet 4798,0.608646343858102
2026-05-23 21:52:00+00:00,Mock tweet 4799,0.03953940783610088
2026-05-23 21:52:00+00:00,Mock tweet 4800,-0.44990115335874536
2026-05-23 21:55:00+00:00,Mock tweet 4801,-0.6713839018039147
2026-05-23 21:58:00+00:00,Mock tweet 4802,-0.34150062447769525
2026-05-23 22:00:00+00:00,Mock tweet 4803,-0.5741508697348445
2026-05-23 22:00:00+00:00,Mock tweet 4804,0.5308396252203249
2026-05-23 22:11:00+00:00,Mock tweet 4805,-0.15531918574918868
2026-05-23 22:13:00+00:00,Mock tweet 4806,-0.6814874689134964
2026-05-23 22:18:00+00:00,Mock tweet 4807,-0.9059203304767902
2026-05-23 22:21:00+00:00,Mock tweet 4808,0.10250011164749107
2026-05-23 22:22:00+00:00,Mock tweet 4809,0.6894543345735409
2026-05-23 22:25:00+00:00,Mock tweet 4810,-0.21921166990609864
2026-05-23 22:29:00+00:00,Mock tweet 4811,0.09972973882965142
2026-05-23 22:36:00+00:00,Mock tweet 4812,0.7116750009205552
2026-05-23 22:40:00+00:00,Mock tweet 4813,0.20818857741662855
2026-05-23 22:41:00+00:00,Mock tweet 4814,-0.82547817986296
2026-05-23 22:43:00+00:00,Mock tweet 4815,0.7228723977495457
2026-05-23 22:49:00+00:00,Mock tweet 4816,-0.5761996311039264
2026-05-23 22:52:00+00:00,Mock tweet 4817,0.07286343156387742
2026-05-23 22:56:00+00:00,Mock tweet 4818,-0.0861620992859049
2026-05-23 23:05:00+00:00,Mock tweet 4819,-0.8094931933227061
2026-05-23 23:06:00+00:00,Mock tweet 4820,0.5486152241245423
2026-05-23 23:12:00+00:00,Mock tweet 4821,0.9228987479068966
2026-05-23 23:13:00+00:00,Mock tweet 4822,-0.9464727897562537
2026-05-23 23:13:00+00:00,Mock tweet 4823,-0.1379701666344071
2026-05-23 23:15:00+00:00,Mock tweet 4824,-0.35702994416339084
2026-05-23 23:24:00+00:00,Mock tweet 4825,-0.5386340515559549
2026-05-23 23:24:00+00:00,Mock tweet 4826,0.17893712650752902
2026-05-23 23:28:00+00:00,Mock tweet 4827,-0.5202015945705427
2026-05-23 23:30:00+00:00,Mock tweet 4828,-0.3821991244419116
2026-05-23 23:36:00+00:00,Mock tweet 4829,0.9262061137888624
2026-05-23 23:54:00+00:00,Mock tweet 4830,-0.44583322459071284
2026-05-23 23:56:00+00:00,Mock tweet 4831,-0.37791720892431613
2026-05-23 23:56:00+00:00,Mock tweet 4832,-0.3122744194464526
2026-05-24 00:07:00+00:00,Mock tweet 4833,0.054290823035368474
2026-05-24 00:08:00+00:00,Mock tweet 4834,0.05467982431550866
2026-05-24 00:09:00+00:00,Mock tweet 4835,-0.38724697268994346
2026-05-24 00:16:00+00:00,Mock tweet 4836,-0.5083465387349684
2026-05-24 00:16:00+00:00,Mock tweet 4837,-0.4747807788644325
2026-05-24 00:21:00+00:00,Mock tweet 4838,-0.19124739206456942
2026-05-24 00:21:00+00:00,Mock tweet 4839,0.5245559936611321
2026-05-24 00:22:00+00:00,Mock tweet 4840,0.1645696594537569
2026-05-24 00:28:00+00:00,Mock tweet 4841,-0.9179953045243816
2026-05-24 00:29:00+00:00,Mock tweet 4842,0.7396404019283411
2026-05-24 00:36:00+00:00,Mock tweet 4843,-0.593708798231178
2026-05-24 00:38:00+00:00,Mock tweet 4844,-0.6523581335320927
2026-05-24 00:40:00+00:00,Mock tweet 4845,-0.43565891739503093
2026-05-24 00:40:00+00:00,Mock tweet 4846,0.7358390533308012
2026-05-24 00:46:00+00:00,Mock tweet 4847,-0.4078086127308609
2026-05-24 00:52:00+00:00,Mock tweet 4848,-0.5984036660791259
2026-05-24 00:58:00+00:00,Mock tweet 4849,-0.3179036225323677
2026-05-24 01:03:00+00:00,Mock tweet 4850,0.6338551243728996
2026-05-24 01:03:00+00:00,Mock tweet 4851,-0.5612206069656722
2026-05-24 01:04:00+00:00,Mock tweet 4852,-0.31567109243812363
2026-05-24 01:09:00+00:00,Mock tweet 4853,-0.33924000872979443
2026-05-24 01:10:00+00:00,Mock tweet 4854,-0.4556467190981617
2026-05-24 01:14:00+00:00,Mock tweet 4855,8.929198969018579
2026-05-24 01:14:00+00:00,Mock tweet 4856,0.38260414423542155
2026-05-24 01:21:00+00:00,Mock tweet 4857,0.1061351168353113
2026-05-24 01:30:00+00:00,Mock tweet 4858,0.30236938409697056
2026-05-24 01:33:00+00:00,Mock tweet 4859,0.9212187703684265
2026-05-24 01:39:00+00:00,Mock tweet 4860,0.45732897026558894
2026-05-24 01:41:00+00:00,Mock tweet 4861,0.9953143898139885
2026-05-24 01:43:00+00:00,Mock tweet 4862,0.6312729713140366
2026-05-24 01:49:00+00:00,Mock tweet 4863,-0.26231222598692483
2026-05-24 01:50:00+00:00,Mock tweet 4864,-0.8800972317617985
2026-05-24 02:12:00+00:00,Mock tweet 4865,-0.061574102671023034
2026-05-24 02:14:00+00:00,Mock tweet 4866,0.8169180396768534
2026-05-24 02:19:00+00:00,Mock tweet 4867,0.48960590385812375
2026-05-24 02:20:00+00:00,Mock tweet 4868,-0.6083043298400224
2026-05-24 02:24:00+00:00,Mock tweet 4869,-0.936940622216178
2026-05-24 02:29:00+00:00,Mock tweet 4870,0.37852016718300296
2026-05-24 02:32:00+00:00,Mock tweet 4871,0.5027498532516925
2026-05-24 02:32:00+00:00,Mock tweet 4872,-0.7304453901741499
2026-05-24 02:35:00+00:00,Mock tweet 4873,0.21935478613839599
2026-05-24 02:37:00+00:00,Mock tweet 4874,0.0868975408793784
2026-05-24 02:39:00+00:00,Mock tweet 4875,0.8823416376684339
2026-05-24 02:46:00+00:00,Mock tweet 4876,0.4563418607770138
2026-05-24 02:51:00+00:00,Mock tweet 4877,0.1628485435425695
2026-05-24 02:51:00+00:00,Mock tweet 4878,-0.7416595243046373
2026-05-24 02:52:00+00:00,Mock tweet 4879,-0.2736533027159822
2026-05-24 02:53:00+00:00,Mock tweet 4880,0.8980076786321829
2026-05-24 02:59:00+00:00,Mock tweet 4881,-0.1891442163912922
2026-05-24 03:00:00+00:00,Mock tweet 4882,-0.1825658588770478
2026-05-24 03:12:00+00:00,Mock tweet 4883,0.16627281148253692
2026-05-24 03:17:00+00:00,Mock tweet 4884,-0.2457735715114291
2026-05-24 03:19:00+00:00,Mock tweet 4885,0.8082284381566862
2026-05-24 03:27:00+00:00,Mock tweet 4886,-0.541485736359582
2026-05-24 03:47:00+00:00,Mock tweet 4887,-0.7723795096140109
2026-05-24 03:53:00+00:00,Mock tweet 4888,-0.7667651069932684
2026-05-24 03:55:00+00:00,Mock tweet 4889,-0.8161746856047825
2026-05-24 03:55:00+00:00,Mock tweet 4890,-0.2031215234443584
2026-05-24 04:03:00+00:00,Mock tweet 4891,-0.31292613932819213
2026-05-24 04:05:00+00:00,Mock tweet 4892,-0.2794248427964512
2026-05-24 04:08:00+00:00,Mock tweet 4893,0.20246729174487377
2026-05-24 04:08:00+00:00,Mock tweet 4894,0.08127981547895446
2026-05-24 04:09:00+00:00,Mock tweet 4895,-0.5561513444421151
2026-05-24 04:13:00+00:00,Mock tweet 4896,-0.900251213504099
2026-05-24 04:16:00+00:00,Mock tweet 4897,-0.5841034529149198
2026-05-24 04:24:00+00:00,Mock tweet 4898,0.9208362098375775
2026-05-24 04:25:00+00:00,Mock tweet 4899,-0.26782181967502416
2026-05-24 04:26:00+00:00,Mock tweet 4900,-0.7739440569118972
2026-05-24 04:26:00+00:00,Mock tweet 4901,0.8921760847749367
2026-05-24 04:31:00+00:00,Mock tweet 4902,-0.24423462504529247
2026-05-24 04:31:00+00:00,Mock tweet 4903,-0.3072546483679348
2026-05-24 04:33:00+00:00,Mock tweet 4904,-0.9468358170869533
2026-05-24 04:39:00+00:00,Mock tweet 4905,0.6927118333115474
2026-05-24 04:44:00+00:00,Mock tweet 4906,0.049736192156389025
2026-05-24 04:47:00+00:00,Mock tweet 4907,-0.7543104194941976
2026-05-24 04:48:00+00:00,Mock tweet 4908,-0.41587164021233525
2026-05-24 04:56:00+00:00,Mock tweet 4909,0.16181253954001384
2026-05-24 05:03:00+00:00,Mock tweet 4910,-0.1841849771004589
2026-05-24 05:04:00+00:00,Mock tweet 4911,0.765302925634483
2026-05-24 05:10:00+00:00,Mock tweet 4912,0.41254996983077397
2026-05-24 05:10:00+00:00,Mock tweet 4913,0.42339232348393097
2026-05-24 05:21:00+00:00,Mock tweet 4914,-0.6442195358705964
2026-05-24 05:24:00+00:00,Mock tweet 4915,0.012438973932713537
2026-05-24 05:24:00+00:00,Mock tweet 4916,-0.8812662554564159
2026-05-24 05:35:00+00:00,Mock tweet 4917,0.6847988864979322
2026-05-24 05:37:00+00:00,Mock tweet 4918,0.4274070677861397
2026-05-24 05:49:00+00:00,Mock tweet 4919,-0.8564411892097346
2026-05-24 05:51:00+00:00,Mock tweet 4920,0.13509470395099088
2026-05-24 05:53:00+00:00,Mock tweet 4921,-0.7736554830414761
2026-05-24 05:57:00+00:00,Mock tweet 4922,-0.2707518925696608
2026-05-24 06:01:00+00:00,Mock tweet 4923,-0.3673835349712318
2026-05-24 06:05:00+00:00,Mock tweet 4924,0.8172381077330833
2026-05-24 06:12:00+00:00,Mock tweet 4925,0.10026915225779587
2026-05-24 06:13:00+00:00,Mock tweet 4926,-0.3588363386050375
2026-05-24 06:15:00+00:00,Mock tweet 4927,0.34236315221772395
2026-05-24 06:18:00+00:00,Mock tweet 4928,-0.6092242761194326
2026-05-24 06:25:00+00:00,Mock tweet 4929,0.07985958198300236
2026-05-24 06:27:00+00:00,Mock tweet 4930,-0.526666031869782
2026-05-24 06:31:00+00:00,Mock tweet 4931,0.5156837399781915
2026-05-24 06:53:00+00:00,Mock tweet 4932,-0.02685857412025916
2026-05-24 06:54:00+00:00,Mock tweet 4933,-0.4873686135782831
2026-05-24 06:58:00+00:00,Mock tweet 4934,0.2790387531544878
2026-05-24 06:58:00+00:00,Mock tweet 4935,-0.04574102330868923
2026-05-24 07:04:00+00:00,Mock tweet 4936,0.8911751877674681
2026-05-24 07:06:00+00:00,Mock tweet 4937,-0.4520035244207097
2026-05-24 07:10:00+00:00,Mock tweet 4938,-0.7931030859620456
2026-05-24 07:12:00+00:00,Mock tweet 4939,0.2940957659308021
2026-05-24 07:21:00+00:00,Mock tweet 4940,-0.5336222969627715
2026-05-24 07:24:00+00:00,Mock tweet 4941,8.58581840633247
2026-05-24 07:29:00+00:00,Mock tweet 4942,0.2302468352993341
2026-05-24 07:32:00+00:00,Mock tweet 4943,-0.49872150476626187
2026-05-24 07:32:00+00:00,Mock tweet 4944,0.8598910884939328
2026-05-24 07:33:00+00:00,Mock tweet 4945,0.7525250414267635
2026-05-24 07:33:00+00:00,Mock tweet 4946,-0.6346225115718818
2026-05-24 07:36:00+00:00,Mock tweet 4947,0.6723142879478237
2026-05-24 07:38:00+00:00,Mock tweet 4948,0.6231478958123662
2026-05-24 07:40:00+00:00,Mock tweet 4949,0.6474401954014766
2026-05-24 07:41:00+00:00,Mock tweet 4950,0.24459261357393158
2026-05-24 07:47:00+00:00,Mock tweet 4951,-0.1962494645453179
2026-05-24 07:50:00+00:00,Mock tweet 4952,0.7183567094055343
2026-05-24 08:00:00+00:00,Mock tweet 4953,0.20624901120851136
2026-05-24 08:06:00+00:00,Mock tweet 4954,-0.33828805108629956
2026-05-24 08:09:00+00:00,Mock tweet 4955,0.7347930651382115
2026-05-24 08:16:00+00:00,Mock tweet 4956,-0.21950622399294462
2026-05-24 08:19:00+00:00,Mock tweet 4957,0.0344566281033345
2026-05-24 08:27:00+00:00,Mock tweet 4958,-0.9718415696316698
2026-05-24 08:31:00+00:00,Mock tweet 4959,-0.6147859624859291
2026-05-24 08:32:00+00:00,Mock tweet 4960,0.7816555868816419
2026-05-24 08:35:00+00:00,Mock tweet 4961,-0.3518999232992499
2026-05-24 08:39:00+00:00,Mock tweet 4962,0.4387569283988233
2026-05-24 08:41:00+00:00,Mock tweet 4963,-0.4007511321862549
2026-05-24 08:43:00+00:00,Mock tweet 4964,-0.9824306248015637
2026-05-24 08:44:00+00:00,Mock tweet 4965,0.3226327208127502
2026-05-24 08:50:00+00:00,Mock tweet 4966,-0.6363622360642625
2026-05-24 08:51:00+00:00,Mock tweet 4967,0.810947790826182
2026-05-24 08:52:00+00:00,Mock tweet 4968,-0.10871584327181805
2026-05-24 09:05:00+00:00,Mock tweet 4969,0.04350224147611015
2026-05-24 09:07:00+00:00,Mock tweet 4970,-0.3467294668384362
2026-05-24 09:14:00+00:00,Mock tweet 4971,-0.18708275002710262
2026-05-24 09:17:00+00:00,Mock tweet 4972,0.9890640922558371
2026-05-24 09:20:00+00:00,Mock tweet 4973,0.8435418132949619
2026-05-24 09:21:00+00:00,Mock tweet 4974,-0.16626942188197646
2026-05-24 09:22:00+00:00,Mock tweet 4975,-0.7472154851246857
2026-05-24 09:36:00+00:00,Mock tweet 4976,9.339765053648378
2026-05-24 09:43:00+00:00,Mock tweet 4977,-0.10376070348125221
2026-05-24 09:45:00+00:00,Mock tweet 4978,0.8487967733872115
2026-05-24 09:45:00+00:00,Mock tweet 4979,-0.5454702464043732
2026-05-24 09:46:00+00:00,Mock tweet 4980,-0.389032115563434
2026-05-24 09:58:00+00:00,Mock tweet 4981,0.045532705310945776
2026-05-24 10:03:00+00:00,Mock tweet 4982,-0.5583723671443468
2026-05-24 10:15:00+00:00,Mock tweet 4983,0.7677182401908365
2026-05-24 10:17:00+00:00,Mock tweet 4984,0.4848914832108804
2026-05-24 10:26:00+00:00,Mock tweet 4985,0.9749416419184511
2026-05-24 10:29:00+00:00,Mock tweet 4986,0.45900406566487484
2026-05-24 10:35:00+00:00,Mock tweet 4987,-0.6423011082633161
2026-05-24 10:37:00+00:00,Mock tweet 4988,-0.9016988066947793
2026-05-24 10:45:00+00:00,Mock tweet 4989,0.6499316022001378
2026-05-24 10:46:00+00:00,Mock tweet 4990,0.7712631124563771
2026-05-24 10:51:00+00:00,Mock tweet 4991,-0.06825040476411592
2026-05-24 11:01:00+00:00,Mock tweet 4992,-0.8115731764247165
2026-05-24 11:03:00+00:00,Mock tweet 4993,-0.21370202982652242
2026-05-24 11:05:00+00:00,Mock tweet 4994,0.35848164058500775
2026-05-24 11:12:00+00:00,Mock tweet 4995,-0.11881729654177708
2026-05-24 11:13:00+00:00,Mock tweet 4996,-0.5932404773521991
2026-05-24 11:18:00+00:00,Mock tweet 4997,-0.042232132840049674
2026-05-24 11:35:00+00:00,Mock tweet 4998,0.39383159219181985
2026-05-24 11:36:00+00:00,Mock tweet 4999,-0.4296930192079649
2026-05-24 11:38:00+00:00,Mock tweet 5000,0.9195943259101627
2026-05-24 11:48:00+00:00,Mock tweet 5001,-0.4259800366131328
2026-05-24 11:49:00+00:00,Mock tweet 5002,-0.8628455806827038
2026-05-24 11:54:00+00:00,Mock tweet 5003,-0.7668094827988308
2026-05-24 11:54:00+00:00,Mock tweet 5004,0.1928259513720929
2026-05-24 11:55:00+00:00,Mock tweet 5005,-0.6241979817625016
2026-05-24 11:55:00+00:00,Mock tweet 5006,-0.8023136114568055
2026-05-24 11:56:00+00:00,Mock tweet 5007,-0.9862750620710345
2026-05-24 11:59:00+00:00,Mock tweet 5008,0.428226477812105
2026-05-24 12:01:00+00:00,Mock tweet 5009,-0.9241437955470084
2026-05-24 12:09:00+00:00,Mock tweet 5010,-0.3481320190808068
2026-05-24 12:10:00+00:00,Mock tweet 5011,0.7000640184832669
2026-05-24 12:18:00+00:00,Mock tweet 5012,-0.0876556525246246
2026-05-24 12:19:00+00:00,Mock tweet 5013,-0.7711496755952236
2026-05-24 12:29:00+00:00,Mock tweet 5014,-0.7374710682347745
2026-05-24 12:33:00+00:00,Mock tweet 5015,-0.11037174056001309
2026-05-24 12:34:00+00:00,Mock tweet 5016,-0.6076878594001991
2026-05-24 12:43:00+00:00,Mock tweet 5017,-0.293220191558039
2026-05-24 12:45:00+00:00,Mock tweet 5018,0.48375188130645785
2026-05-24 12:47:00+00:00,Mock tweet 5019,-0.6003038192367156
2026-05-24 12:51:00+00:00,Mock tweet 5020,0.3915013377211276
2026-05-24 13:00:00+00:00,Mock tweet 5021,-0.9721322320433612
2026-05-24 13:05:00+00:00,Mock tweet 5022,0.804305935893153
2026-05-24 13:07:00+00:00,Mock tweet 5023,0.1972541997450532
2026-05-24 13:08:00+00:00,Mock tweet 5024,-0.45523091833660834
2026-05-24 13:15:00+00:00,Mock tweet 5025,-0.23084676137889026
2026-05-24 13:17:00+00:00,Mock tweet 5026,0.7726434197374097
2026-05-24 13:31:00+00:00,Mock tweet 5027,-0.3536141924854126
2026-05-24 13:32:00+00:00,Mock tweet 5028,-0.9420099454921946
2026-05-24 13:35:00+00:00,Mock tweet 5029,-0.18035711568305923
2026-05-24 13:38:00+00:00,Mock tweet 5030,0.727642255493294
2026-05-24 13:42:00+00:00,Mock tweet 5031,0.4487073241404287
2026-05-24 13:42:00+00:00,Mock tweet 5032,-0.7899516750943039
2026-05-24 13:46:00+00:00,Mock tweet 5033,0.9280002674467172
2026-05-24 13:48:00+00:00,Mock tweet 5034,-0.2305575719357722
2026-05-24 13:50:00+00:00,Mock tweet 5035,0.5572040204644586
2026-05-24 13:50:00+00:00,Mock tweet 5036,0.27578519108889066
2026-05-24 13:57:00+00:00,Mock tweet 5037,0.28537725992095675
2026-05-24 13:59:00+00:00,Mock tweet 5038,0.35373978384505
2026-05-24 14:04:00+00:00,Mock tweet 5039,0.2779896745286503
2026-05-24 14:08:00+00:00,Mock tweet 5040,0.4218078752698149
2026-05-24 14:08:00+00:00,Mock tweet 5041,-0.5527375839488589
2026-05-24 14:10:00+00:00,Mock tweet 5042,-0.602545637502659
2026-05-24 14:11:00+00:00,Mock tweet 5043,-0.9324494862047934
2026-05-24 14:15:00+00:00,Mock tweet 5044,0.07755306222154323
2026-05-24 14:17:00+00:00,Mock tweet 5045,-0.3807422708806385
2026-05-24 14:24:00+00:00,Mock tweet 5046,-0.775003858308968
2026-05-24 14:24:00+00:00,Mock tweet 5047,-0.3476055965861047
2026-05-24 14:24:00+00:00,Mock tweet 5048,0.20725039982467686
2026-05-24 14:25:00+00:00,Mock tweet 5049,-0.5286146060309269
2026-05-24 14:27:00+00:00,Mock tweet 5050,0.7837513422878486
2026-05-24 14:30:00+00:00,Mock tweet 5051,0.11302287931152
2026-05-24 14:36:00+00:00,Mock tweet 5052,0.8912460648143778
2026-05-24 14:46:00+00:00,Mock tweet 5053,-0.023192035827973356
2026-05-24 14:47:00+00:00,Mock tweet 5054,0.8806331901688593
2026-05-24 14:48:00+00:00,Mock tweet 5055,0.5074716406260307
2026-05-24 14:48:00+00:00,Mock tweet 5056,0.9011955688591469
2026-05-24 14:53:00+00:00,Mock tweet 5057,-0.7610230852094493
2026-05-24 14:57:00+00:00,Mock tweet 5058,0.886022851009022
2026-05-24 15:00:00+00:00,Mock tweet 5059,-0.44472376836071503
2026-05-24 15:03:00+00:00,Mock tweet 5060,-0.0006860595362250255
2026-05-24 15:05:00+00:00,Mock tweet 5061,0.6959116110850683
2026-05-24 15:13:00+00:00,Mock tweet 5062,-0.8844626816122685
2026-05-24 15:21:00+00:00,Mock tweet 5063,0.6557922757442081
2026-05-24 15:27:00+00:00,Mock tweet 5064,-0.6581314317561591
2026-05-24 15:27:00+00:00,Mock tweet 5065,0.1943035525997039
2026-05-24 15:30:00+00:00,Mock tweet 5066,-0.6559251543173545
2026-05-24 15:33:00+00:00,Mock tweet 5067,0.777249308362923
2026-05-24 15:44:00+00:00,Mock tweet 5068,0.7333930362709944
2026-05-24 15:48:00+00:00,Mock tweet 5069,-0.47912810363129954
2026-05-24 15:49:00+00:00,Mock tweet 5070,0.08515881868309272
2026-05-24 15:51:00+00:00,Mock tweet 5071,-0.9261234715893523
2026-05-24 15:53:00+00:00,Mock tweet 5072,-0.1018259113096529
2026-05-24 15:54:00+00:00,Mock tweet 5073,-0.963606866855858
2026-05-24 15:58:00+00:00,Mock tweet 5074,-0.3093511266606894
2026-05-24 16:03:00+00:00,Mock tweet 5075,0.5716301356142324
2026-05-24 16:06:00+00:00,Mock tweet 5076,0.1666769690612333
2026-05-24 16:15:00+00:00,Mock tweet 5077,-0.6708156172665567
2026-05-24 16:17:00+00:00,Mock tweet 5078,-0.675164093368309
2026-05-24 16:21:00+00:00,Mock tweet 5079,0.7746941365288134
2026-05-24 16:22:00+00:00,Mock tweet 5080,6.912387146108844
2026-05-24 16:26:00+00:00,Mock tweet 5081,0.11601348072264428
2026-05-24 16:27:00+00:00,Mock tweet 5082,-0.2583806235579025
2026-05-24 16:30:00+00:00,Mock tweet 5083,0.760881454839754
2026-05-24 16:32:00+00:00,Mock tweet 5084,0.4081992846111413
2026-05-24 16:42:00+00:00,Mock tweet 5085,0.030349005647340777
2026-05-24 16:42:00+00:00,Mock tweet 5086,0.826508252407443
2026-05-24 16:54:00+00:00,Mock tweet 5087,0.07394903952040055
2026-05-24 16:59:00+00:00,Mock tweet 5088,0.8608273121807477
2026-05-24 17:01:00+00:00,Mock tweet 5089,0.44433561637534913
2026-05-24 17:08:00+00:00,Mock tweet 5090,-0.8093487582184085
2026-05-24 17:10:00+00:00,Mock tweet 5091,0.51329026077531
2026-05-24 17:16:00+00:00,Mock tweet 5092,-0.6279117912027707
2026-05-24 17:17:00+00:00,Mock tweet 5093,0.11442578692668715
2026-05-24 17:22:00+00:00,Mock tweet 5094,-0.08874128511643908
2026-05-24 17:23:00+00:00,Mock tweet 5095,-0.234963857335033
2026-05-24 17:23:00+00:00,Mock tweet 5096,0.9316689963403442
2026-05-24 17:25:00+00:00,Mock tweet 5097,0.7081827581260929
2026-05-24 17:25:00+00:00,Mock tweet 5098,0.2259471110096174
2026-05-24 17:28:00+00:00,Mock tweet 5099,0.6236981900389591
2026-05-24 17:39:00+00:00,Mock tweet 5100,0.7562354824430098
2026-05-24 17:42:00+00:00,Mock tweet 5101,-0.6761786654812303
2026-05-24 17:43:00+00:00,Mock tweet 5102,-0.5606224417066386
2026-05-24 17:52:00+00:00,Mock tweet 5103,0.5526630201622207
2026-05-24 17:52:00+00:00,Mock tweet 5104,-0.6730776891690815
2026-05-24 18:01:00+00:00,Mock tweet 5105,0.8947061372939198
2026-05-24 18:26:00+00:00,Mock tweet 5106,0.8480072889455683
2026-05-24 18:33:00+00:00,Mock tweet 5107,0.4799262890714344
2026-05-24 18:54:00+00:00,Mock tweet 5108,-0.15949746540739462
2026-05-24 19:09:00+00:00,Mock tweet 5109,0.3764846375451376
2026-05-24 19:09:00+00:00,Mock tweet 5110,0.5320958795970596
2026-05-24 19:25:00+00:00,Mock tweet 5111,-0.8944545878389121
2026-05-24 19:32:00+00:00,Mock tweet 5112,-0.5855614025118183
2026-05-24 19:59:00+00:00,Mock tweet 5113,-0.7666659093416213
2026-05-24 20:00:00+00:00,Mock tweet 5114,0.8123272100686891
2026-05-24 20:06:00+00:00,Mock tweet 5115,0.43405018401187134
2026-05-24 20:06:00+00:00,Mock tweet 5116,-0.8441494620992263
2026-05-24 20:11:00+00:00,Mock tweet 5117,-0.8995329516381292
2026-05-24 20:14:00+00:00,Mock tweet 5118,-0.16332131381361603
2026-05-24 20:14:00+00:00,Mock tweet 5119,-0.46661825262722934
2026-05-24 20:16:00+00:00,Mock tweet 5120,0.17128968665935673
2026-05-24 20:39:00+00:00,Mock tweet 5121,0.4232130127299585
2026-05-24 20:40:00+00:00,Mock tweet 5122,-0.7010645813803655
2026-05-24 20:41:00+00:00,Mock tweet 5123,-0.4160726745798522
2026-05-24 20:42:00+00:00,Mock tweet 5124,0.7235981435100458
2026-05-24 20:42:00+00:00,Mock tweet 5125,0.7510450511708666
2026-05-24 20:46:00+00:00,Mock tweet 5126,0.8627176357869035
2026-05-24 20:46:00+00:00,Mock tweet 5127,0.7917641375499618
2026-05-24 21:06:00+00:00,Mock tweet 5128,-0.17415104793775482
2026-05-24 21:06:00+00:00,Mock tweet 5129,0.17156452762927898
2026-05-24 21:17:00+00:00,Mock tweet 5130,0.27725865481346523
2026-05-24 21:18:00+00:00,Mock tweet 5131,-0.09594574050595095
2026-05-24 21:31:00+00:00,Mock tweet 5132,0.9549104389927396
2026-05-24 21:32:00+00:00,Mock tweet 5133,0.38219170367079713
2026-05-24 21:42:00+00:00,Mock tweet 5134,-0.24517811459481442
2026-05-24 21:47:00+00:00,Mock tweet 5135,-0.04564841999824809
2026-05-24 21:47:00+00:00,Mock tweet 5136,0.5698593838377213
2026-05-24 21:52:00+00:00,Mock tweet 5137,-0.9650399172713373
2026-05-24 21:52:00+00:00,Mock tweet 5138,-0.5146541157916573
2026-05-24 21:53:00+00:00,Mock tweet 5139,-0.7830165316077222
2026-05-24 21:54:00+00:00,Mock tweet 5140,-0.25466370117387904
2026-05-24 22:06:00+00:00,Mock tweet 5141,0.610194978853446
2026-05-24 22:11:00+00:00,Mock tweet 5142,0.2469220381011097
2026-05-24 22:28:00+00:00,Mock tweet 5143,-0.9290753476399836
2026-05-24 22:29:00+00:00,Mock tweet 5144,0.8874533007407877
2026-05-24 22:31:00+00:00,Mock tweet 5145,0.6148383575468317
2026-05-24 22:35:00+00:00,Mock tweet 5146,0.32634085200001595
2026-05-24 22:42:00+00:00,Mock tweet 5147,-0.5114738624361157
2026-05-24 22:46:00+00:00,Mock tweet 5148,-0.6858021786916559
2026-05-24 22:46:00+00:00,Mock tweet 5149,0.6441265113310719
2026-05-24 22:49:00+00:00,Mock tweet 5150,-0.29329420702026376
2026-05-24 23:03:00+00:00,Mock tweet 5151,-0.7272756389747208
2026-05-24 23:10:00+00:00,Mock tweet 5152,-0.4810636966515671
2026-05-24 23:13:00+00:00,Mock tweet 5153,-0.897259236125306
2026-05-24 23:14:00+00:00,Mock tweet 5154,-0.5162773935850002
2026-05-24 23:16:00+00:00,Mock tweet 5155,0.22322318697162036
2026-05-24 23:18:00+00:00,Mock tweet 5156,-0.14491828501069426
2026-05-24 23:18:00+00:00,Mock tweet 5157,0.975021911185525
2026-05-24 23:20:00+00:00,Mock tweet 5158,-0.9211402261446877
2026-05-24 23:34:00+00:00,Mock tweet 5159,-0.1576985017628263
2026-05-24 23:43:00+00:00,Mock tweet 5160,-0.5028683963480856
2026-05-24 23:43:00+00:00,Mock tweet 5161,-0.476811211815132
2026-05-24 23:45:00+00:00,Mock tweet 5162,0.6882352279336228
2026-05-24 23:46:00+00:00,Mock tweet 5163,0.4460521811610114
2026-05-25 00:01:00+00:00,Mock tweet 5164,0.27277010318269124
2026-05-25 00:03:00+00:00,Mock tweet 5165,-0.17228929868415666
2026-05-25 00:08:00+00:00,Mock tweet 5166,-0.7267152915035717
2026-05-25 00:11:00+00:00,Mock tweet 5167,-0.2949309498298569
2026-05-25 00:13:00+00:00,Mock tweet 5168,0.9843669018835548
2026-05-25 00:20:00+00:00,Mock tweet 5169,0.8202592081315361
2026-05-25 00:21:00+00:00,Mock tweet 5170,-0.8377465988372073
2026-05-25 00:24:00+00:00,Mock tweet 5171,0.5090124727084293
2026-05-25 00:27:00+00:00,Mock tweet 5172,9.395732639894005
2026-05-25 00:37:00+00:00,Mock tweet 5173,-0.5544509348003988
2026-05-25 00:37:00+00:00,Mock tweet 5174,-0.6884305044643764
2026-05-25 00:42:00+00:00,Mock tweet 5175,0.6039904069890765
2026-05-25 00:54:00+00:00,Mock tweet 5176,-0.8671011574581851
2026-05-25 00:54:00+00:00,Mock tweet 5177,0.8630993941575402
2026-05-25 01:10:00+00:00,Mock tweet 5178,0.48305585423033004
2026-05-25 01:12:00+00:00,Mock tweet 5179,0.7296884438056792
2026-05-25 01:12:00+00:00,Mock tweet 5180,-0.9232566878970498
2026-05-25 01:23:00+00:00,Mock tweet 5181,-0.9169598057092467
2026-05-25 01:34:00+00:00,Mock tweet 5182,-0.8652927753718098
2026-05-25 01:36:00+00:00,Mock tweet 5183,-0.6206575988172478
2026-05-25 01:36:00+00:00,Mock tweet 5184,-0.02680164317647349
2026-05-25 01:41:00+00:00,Mock tweet 5185,-0.258381804930536
2026-05-25 01:43:00+00:00,Mock tweet 5186,0.08974788534373102
2026-05-25 01:46:00+00:00,Mock tweet 5187,5.893012314996002
2026-05-25 01:49:00+00:00,Mock tweet 5188,0.8721761497823868
2026-05-25 01:52:00+00:00,Mock tweet 5189,0.5513019379950677
2026-05-25 02:08:00+00:00,Mock tweet 5190,0.8428129085245806
2026-05-25 02:20:00+00:00,Mock tweet 5191,-0.1647061751929888
2026-05-25 02:22:00+00:00,Mock tweet 5192,0.9529922281065046
2026-05-25 02:26:00+00:00,Mock tweet 5193,0.6305963042507814
2026-05-25 02:27:00+00:00,Mock tweet 5194,0.39067829412935495
2026-05-25 02:28:00+00:00,Mock tweet 5195,0.6362708949363514
2026-05-25 02:32:00+00:00,Mock tweet 5196,0.7535597009899189
2026-05-25 02:39:00+00:00,Mock tweet 5197,-0.5720197663221622
2026-05-25 02:43:00+00:00,Mock tweet 5198,-0.08988298159811614
2026-05-25 02:45:00+00:00,Mock tweet 5199,0.5419788869960456
2026-05-25 03:05:00+00:00,Mock tweet 5200,-0.8121169706508475
2026-05-25 03:08:00+00:00,Mock tweet 5201,-0.15058020432400077
2026-05-25 03:14:00+00:00,Mock tweet 5202,-0.046196741327052315
2026-05-25 03:17:00+00:00,Mock tweet 5203,0.6743006571036396
2026-05-25 03:21:00+00:00,Mock tweet 5204,0.39268281065761856
2026-05-25 03:23:00+00:00,Mock tweet 5205,-0.7575866569755079
2026-05-25 03:26:00+00:00,Mock tweet 5206,0.15564484464228
2026-05-25 03:30:00+00:00,Mock tweet 5207,0.85715339824435
2026-05-25 03:30:00+00:00,Mock tweet 5208,-0.7475199544721234
2026-05-25 03:45:00+00:00,Mock tweet 5209,0.31601023085842606
2026-05-25 03:46:00+00:00,Mock tweet 5210,0.5462026795629442
2026-05-25 03:56:00+00:00,Mock tweet 5211,-0.7604454932152509
2026-05-25 03:58:00+00:00,Mock tweet 5212,0.7643899073187856
2026-05-25 04:05:00+00:00,Mock tweet 5213,-0.7353754285187835
2026-05-25 04:17:00+00:00,Mock tweet 5214,0.9450432660145789
2026-05-25 04:23:00+00:00,Mock tweet 5215,0.007441475168556977
2026-05-25 04:32:00+00:00,Mock tweet 5216,0.9422006079120877
2026-05-25 04:35:00+00:00,Mock tweet 5217,0.6886265020706803
2026-05-25 04:36:00+00:00,Mock tweet 5218,0.7022699085862518
2026-05-25 04:39:00+00:00,Mock tweet 5219,0.8510234767498597
2026-05-25 04:45:00+00:00,Mock tweet 5220,-0.08150943086363349
2026-05-25 04:46:00+00:00,Mock tweet 5221,-0.9823823986627782
2026-05-25 04:46:00+00:00,Mock tweet 5222,0.742437544708032
2026-05-25 04:53:00+00:00,Mock tweet 5223,0.7411778752781235
2026-05-25 04:56:00+00:00,Mock tweet 5224,-0.9395767912166713
2026-05-25 04:58:00+00:00,Mock tweet 5225,9.613817233344747
2026-05-25 05:15:00+00:00,Mock tweet 5226,-0.12356884511035449
2026-05-25 05:20:00+00:00,Mock tweet 5227,0.49281899953317354
2026-05-25 05:24:00+00:00,Mock tweet 5228,-0.33144205634053936
2026-05-25 05:26:00+00:00,Mock tweet 5229,-0.20706857865795802
2026-05-25 05:27:00+00:00,Mock tweet 5230,-0.4091652128720946
2026-05-25 05:30:00+00:00,Mock tweet 5231,0.13748600988174853
2026-05-25 05:34:00+00:00,Mock tweet 5232,0.7944233935996527
2026-05-25 05:34:00+00:00,Mock tweet 5233,-0.4771264580926109
2026-05-25 05:36:00+00:00,Mock tweet 5234,-0.500091082895652
2026-05-25 05:38:00+00:00,Mock tweet 5235,-0.46190638931628913
2026-05-25 05:47:00+00:00,Mock tweet 5236,0.08903691710230821
2026-05-25 05:53:00+00:00,Mock tweet 5237,0.3500662852727854
2026-05-25 05:55:00+00:00,Mock tweet 5238,-0.394520100651911
2026-05-25 06:01:00+00:00,Mock tweet 5239,0.6221892602136208
2026-05-25 06:04:00+00:00,Mock tweet 5240,0.9978560800920984
2026-05-25 06:09:00+00:00,Mock tweet 5241,5.186979410470267
2026-05-25 06:10:00+00:00,Mock tweet 5242,-0.6242733806080003
2026-05-25 06:12:00+00:00,Mock tweet 5243,-0.5533884299982605
2026-05-25 06:15:00+00:00,Mock tweet 5244,-0.31350439350959647
2026-05-25 06:16:00+00:00,Mock tweet 5245,8.028276375709222
2026-05-25 06:22:00+00:00,Mock tweet 5246,0.6031555063421352
2026-05-25 06:23:00+00:00,Mock tweet 5247,-0.5040771054528894
2026-05-25 06:30:00+00:00,Mock tweet 5248,0.7403354881711197
2026-05-25 06:32:00+00:00,Mock tweet 5249,-0.9202391637653762
2026-05-25 06:36:00+00:00,Mock tweet 5250,-0.3388022568208957
2026-05-25 06:46:00+00:00,Mock tweet 5251,-0.3658900313597926
2026-05-25 06:48:00+00:00,Mock tweet 5252,0.3122270178675428
2026-05-25 06:49:00+00:00,Mock tweet 5253,-0.6484889035657799
2026-05-25 06:56:00+00:00,Mock tweet 5254,0.35985925158225274
2026-05-25 06:57:00+00:00,Mock tweet 5255,0.7516805432418541
2026-05-25 06:58:00+00:00,Mock tweet 5256,-0.4473682398595553
2026-05-25 07:00:00+00:00,Mock tweet 5257,0.8605454060364348
2026-05-25 07:00:00+00:00,Mock tweet 5258,0.4162038472161447
2026-05-25 07:01:00+00:00,Mock tweet 5259,0.15027075890016928
2026-05-25 07:03:00+00:00,Mock tweet 5260,0.08195746767244372
2026-05-25 07:06:00+00:00,Mock tweet 5261,0.7401535044566703
2026-05-25 07:06:00+00:00,Mock tweet 5262,0.22175725413710046
2026-05-25 07:13:00+00:00,Mock tweet 5263,-0.9722839792948561
2026-05-25 07:17:00+00:00,Mock tweet 5264,-0.6010093585107967
2026-05-25 07:18:00+00:00,Mock tweet 5265,0.5166081105329365
2026-05-25 07:21:00+00:00,Mock tweet 5266,0.8440971528934866
2026-05-25 07:27:00+00:00,Mock tweet 5267,-0.6168254914139462
2026-05-25 07:29:00+00:00,Mock tweet 5268,-0.8300730062923938
2026-05-25 07:38:00+00:00,Mock tweet 5269,0.8113323713591418
2026-05-25 07:41:00+00:00,Mock tweet 5270,-0.2789405323895988
2026-05-25 07:45:00+00:00,Mock tweet 5271,0.13593151125290182
2026-05-25 07:49:00+00:00,Mock tweet 5272,-0.7356399738108876
2026-05-25 07:59:00+00:00,Mock tweet 5273,-0.5284707488562526
2026-05-25 08:05:00+00:00,Mock tweet 5274,0.24090933727435226
2026-05-25 08:06:00+00:00,Mock tweet 5275,-0.7175475184701512
2026-05-25 08:07:00+00:00,Mock tweet 5276,0.21334118643325706
2026-05-25 08:17:00+00:00,Mock tweet 5277,0.6088099912477278
2026-05-25 08:18:00+00:00,Mock tweet 5278,0.8427839712658505
2026-05-25 08:22:00+00:00,Mock tweet 5279,-0.4999015981599644
2026-05-25 08:25:00+00:00,Mock tweet 5280,-0.7723293831523308
2026-05-25 08:30:00+00:00,Mock tweet 5281,0.6486756790755608
2026-05-25 08:36:00+00:00,Mock tweet 5282,-0.10495998849403843
2026-05-25 08:38:00+00:00,Mock tweet 5283,0.8457513826847716
2026-05-25 08:38:00+00:00,Mock tweet 5284,-0.027620722245664586
2026-05-25 08:38:00+00:00,Mock tweet 5285,0.005212036580515278
2026-05-25 08:42:00+00:00,Mock tweet 5286,0.6100805221471421
2026-05-25 08:44:00+00:00,Mock tweet 5287,0.5840414483563534
2026-05-25 08:47:00+00:00,Mock tweet 5288,-0.8923711586242764
2026-05-25 08:48:00+00:00,Mock tweet 5289,-0.28469951389445125
2026-05-25 08:50:00+00:00,Mock tweet 5290,0.7176697686931035
2026-05-25 08:59:00+00:00,Mock tweet 5291,-0.7375736481380111
2026-05-25 08:59:00+00:00,Mock tweet 5292,0.7794889148844744
2026-05-25 09:05:00+00:00,Mock tweet 5293,-0.5389267224926024
2026-05-25 09:07:00+00:00,Mock tweet 5294,0.42794269874891944
2026-05-25 09:21:00+00:00,Mock tweet 5295,-0.28176533081521105
2026-05-25 09:22:00+00:00,Mock tweet 5296,-0.9424933345956119
2026-05-25 09:31:00+00:00,Mock tweet 5297,5.626167544540949
2026-05-25 09:35:00+00:00,Mock tweet 5298,-0.8339525043741127
2026-05-25 09:37:00+00:00,Mock tweet 5299,0.48922953188272356
2026-05-25 09:39:00+00:00,Mock tweet 5300,0.23689064384243563
2026-05-25 09:40:00+00:00,Mock tweet 5301,-0.490695945156961
2026-05-25 09:41:00+00:00,Mock tweet 5302,0.9848261279106436
2026-05-25 09:44:00+00:00,Mock tweet 5303,0.7770806391666474
2026-05-25 09:46:00+00:00,Mock tweet 5304,-0.45581938418409274
2026-05-25 09:53:00+00:00,Mock tweet 5305,-0.5015595392860626
2026-05-25 09:53:00+00:00,Mock tweet 5306,0.9409971579384053
2026-05-25 09:53:00+00:00,Mock tweet 5307,-0.3971138151263365
2026-05-25 09:59:00+00:00,Mock tweet 5308,-0.48160150173906735
2026-05-25 10:03:00+00:00,Mock tweet 5309,0.41527605685474467
2026-05-25 10:03:00+00:00,Mock tweet 5310,-0.8971066977862125
2026-05-25 10:03:00+00:00,Mock tweet 5311,-0.06923247429026658
2026-05-25 10:07:00+00:00,Mock tweet 5312,0.5649724516972632
2026-05-25 10:10:00+00:00,Mock tweet 5313,0.2924985573030088
2026-05-25 10:18:00+00:00,Mock tweet 5314,-0.3585107485709038
2026-05-25 10:26:00+00:00,Mock tweet 5315,0.20184596122426623
2026-05-25 10:37:00+00:00,Mock tweet 5316,-0.5496668420007114
2026-05-25 10:38:00+00:00,Mock tweet 5317,-0.34652866378293345
2026-05-25 10:43:00+00:00,Mock tweet 5318,0.18088200937493704
2026-05-25 10:49:00+00:00,Mock tweet 5319,0.6018363038707364
2026-05-25 10:56:00+00:00,Mock tweet 5320,-0.6848515370999069
2026-05-25 11:00:00+00:00,Mock tweet 5321,-0.8877232742555967
2026-05-25 11:10:00+00:00,Mock tweet 5322,-0.9020609241270034
2026-05-25 11:15:00+00:00,Mock tweet 5323,0.4600702918342554
2026-05-25 11:17:00+00:00,Mock tweet 5324,0.4131610393983416
2026-05-25 11:22:00+00:00,Mock tweet 5325,-0.24104881954914403
2026-05-25 11:23:00+00:00,Mock tweet 5326,0.3020939308077426
2026-05-25 11:36:00+00:00,Mock tweet 5327,0.2203832265498935
2026-05-25 11:37:00+00:00,Mock tweet 5328,0.839314436841093
2026-05-25 11:46:00+00:00,Mock tweet 5329,-0.2606633597211725
2026-05-25 11:51:00+00:00,Mock tweet 5330,-0.04180610207740454
2026-05-25 11:56:00+00:00,Mock tweet 5331,-0.5924173223911746
2026-05-25 12:04:00+00:00,Mock tweet 5332,0.9037799724302469
2026-05-25 12:06:00+00:00,Mock tweet 5333,0.7078163561556381
2026-05-25 12:08:00+00:00,Mock tweet 5334,-0.8551833814418321
2026-05-25 12:33:00+00:00,Mock tweet 5335,0.8111842831562566
2026-05-25 12:44:00+00:00,Mock tweet 5336,-0.26833780193175905
2026-05-25 12:51:00+00:00,Mock tweet 5337,0.6607343215093842
2026-05-25 12:53:00+00:00,Mock tweet 5338,-0.45301479362628627
2026-05-25 12:54:00+00:00,Mock tweet 5339,-0.13220072284413775
2026-05-25 13:00:00+00:00,Mock tweet 5340,0.30333225824068055
2026-05-25 13:02:00+00:00,Mock tweet 5341,-0.005879835008310685
2026-05-25 13:06:00+00:00,Mock tweet 5342,0.023323250613661584
2026-05-25 13:06:00+00:00,Mock tweet 5343,-0.34656112344182755
2026-05-25 13:10:00+00:00,Mock tweet 5344,0.05223499261661946
2026-05-25 13:16:00+00:00,Mock tweet 5345,-0.4716422697606413
2026-05-25 13:17:00+00:00,Mock tweet 5346,0.27060296554847807
2026-05-25 13:20:00+00:00,Mock tweet 5347,0.27581609353019765
2026-05-25 13:22:00+00:00,Mock tweet 5348,0.019882369309287995
2026-05-25 13:36:00+00:00,Mock tweet 5349,-0.6479477652752232
2026-05-25 13:43:00+00:00,Mock tweet 5350,0.7155428182680836
2026-05-25 13:50:00+00:00,Mock tweet 5351,-0.10213917367305592
2026-05-25 13:51:00+00:00,Mock tweet 5352,0.1672699582175976
2026-05-25 14:01:00+00:00,Mock tweet 5353,-0.4193279396429843
2026-05-25 14:16:00+00:00,Mock tweet 5354,0.1252086203172349
2026-05-25 14:21:00+00:00,Mock tweet 5355,-0.0018334207322128204
2026-05-25 14:25:00+00:00,Mock tweet 5356,0.1644437189102259
2026-05-25 14:36:00+00:00,Mock tweet 5357,-0.336024122933674
2026-05-25 14:49:00+00:00,Mock tweet 5358,-0.2746998479885956
2026-05-25 14:49:00+00:00,Mock tweet 5359,0.4430108537213231
2026-05-25 14:52:00+00:00,Mock tweet 5360,0.4902476508642173
2026-05-25 14:52:00+00:00,Mock tweet 5361,-0.5989789614109768
2026-05-25 14:54:00+00:00,Mock tweet 5362,0.10674517518057502
2026-05-25 15:08:00+00:00,Mock tweet 5363,0.6673785388105533
2026-05-25 15:11:00+00:00,Mock tweet 5364,-0.5533602327969751
2026-05-25 15:13:00+00:00,Mock tweet 5365,-0.749907973762352
2026-05-25 15:15:00+00:00,Mock tweet 5366,0.5669463002741277
2026-05-25 15:18:00+00:00,Mock tweet 5367,-0.5067268270611771
2026-05-25 15:18:00+00:00,Mock tweet 5368,-0.4304029713771913
2026-05-25 15:21:00+00:00,Mock tweet 5369,-0.8894484516492924
2026-05-25 15:25:00+00:00,Mock tweet 5370,-0.13593406515921713
2026-05-25 15:33:00+00:00,Mock tweet 5371,0.5884004606406432
2026-05-25 15:34:00+00:00,Mock tweet 5372,-0.29377705967983947
2026-05-25 15:49:00+00:00,Mock tweet 5373,-0.2825443729365458
2026-05-25 15:50:00+00:00,Mock tweet 5374,0.7845105235460719
2026-05-25 15:50:00+00:00,Mock tweet 5375,-0.9330647554363769
2026-05-25 15:56:00+00:00,Mock tweet 5376,-0.8556704935304824
2026-05-25 16:07:00+00:00,Mock tweet 5377,0.5845646659519019
2026-05-25 16:17:00+00:00,Mock tweet 5378,-0.024610431391259846
2026-05-25 16:22:00+00:00,Mock tweet 5379,0.14257161014441477
2026-05-25 16:24:00+00:00,Mock tweet 5380,-0.02581465448833553
2026-05-25 16:27:00+00:00,Mock tweet 5381,0.17077348750364973
2026-05-25 16:28:00+00:00,Mock tweet 5382,-0.86996845973239
2026-05-25 16:30:00+00:00,Mock tweet 5383,7.156458162417252
2026-05-25 16:34:00+00:00,Mock tweet 5384,0.3079929384822837
2026-05-25 16:37:00+00:00,Mock tweet 5385,-0.8516400753692168
2026-05-25 16:38:00+00:00,Mock tweet 5386,0.17784941138912447
2026-05-25 16:38:00+00:00,Mock tweet 5387,0.6854080309992521
2026-05-25 16:40:00+00:00,Mock tweet 5388,0.5163151880115482
2026-05-25 16:43:00+00:00,Mock tweet 5389,-0.6398443232584972
2026-05-25 16:48:00+00:00,Mock tweet 5390,0.7611837453774517
2026-05-25 16:49:00+00:00,Mock tweet 5391,0.3592269222263067
2026-05-25 16:51:00+00:00,Mock tweet 5392,-0.934257188601525
2026-05-25 16:52:00+00:00,Mock tweet 5393,0.13723428493389456
2026-05-25 16:57:00+00:00,Mock tweet 5394,0.6655982288267182
2026-05-25 17:05:00+00:00,Mock tweet 5395,-0.14233196406950266
2026-05-25 17:15:00+00:00,Mock tweet 5396,-0.37845072085207176
2026-05-25 17:27:00+00:00,Mock tweet 5397,0.7560383330264984
2026-05-25 17:29:00+00:00,Mock tweet 5398,0.16095738386302383
2026-05-25 17:38:00+00:00,Mock tweet 5399,-0.09095852653362124
2026-05-25 17:40:00+00:00,Mock tweet 5400,-0.4635986681949973
2026-05-25 17:46:00+00:00,Mock tweet 5401,0.21246831963536006
2026-05-25 17:49:00+00:00,Mock tweet 5402,0.9333535696784296
2026-05-25 18:03:00+00:00,Mock tweet 5403,-0.03467215883840313
2026-05-25 18:03:00+00:00,Mock tweet 5404,-0.9016990590150966
2026-05-25 18:11:00+00:00,Mock tweet 5405,0.29884493662439615
2026-05-25 18:13:00+00:00,Mock tweet 5406,-0.005149287514575995
2026-05-25 18:17:00+00:00,Mock tweet 5407,0.8006622262638161
2026-05-25 18:25:00+00:00,Mock tweet 5408,-0.8852129628065815
2026-05-25 18:25:00+00:00,Mock tweet 5409,-0.30491481109258434
2026-05-25 18:34:00+00:00,Mock tweet 5410,0.14206390508011513
2026-05-25 18:35:00+00:00,Mock tweet 5411,0.5194756246331644
2026-05-25 18:37:00+00:00,Mock tweet 5412,0.06936783976817962
2026-05-25 18:38:00+00:00,Mock tweet 5413,0.31107826923737814
2026-05-25 18:43:00+00:00,Mock tweet 5414,-0.033248707742086214
2026-05-25 18:44:00+00:00,Mock tweet 5415,-0.7276979301355475
2026-05-25 18:47:00+00:00,Mock tweet 5416,-0.19510305798194194
2026-05-25 18:50:00+00:00,Mock tweet 5417,0.9711688728530508
2026-05-25 18:51:00+00:00,Mock tweet 5418,0.679741929096731
2026-05-25 18:52:00+00:00,Mock tweet 5419,9.297381385960696
2026-05-25 18:54:00+00:00,Mock tweet 5420,0.7914084990628081
2026-05-25 18:55:00+00:00,Mock tweet 5421,0.9192320035719943
2026-05-25 18:58:00+00:00,Mock tweet 5422,0.700361542784184
2026-05-25 19:11:00+00:00,Mock tweet 5423,0.8213218235926052
2026-05-25 19:22:00+00:00,Mock tweet 5424,0.8349684493537064
2026-05-25 19:28:00+00:00,Mock tweet 5425,-0.44668516748165144
2026-05-25 19:28:00+00:00,Mock tweet 5426,-0.08267373170621495
2026-05-25 19:30:00+00:00,Mock tweet 5427,-0.40185890226217835
2026-05-25 19:43:00+00:00,Mock tweet 5428,-0.16171312363752333
2026-05-25 19:44:00+00:00,Mock tweet 5429,0.7632834955436645
2026-05-25 19:45:00+00:00,Mock tweet 5430,0.23899235366759597
2026-05-25 19:48:00+00:00,Mock tweet 5431,0.7981269694830764
2026-05-25 19:50:00+00:00,Mock tweet 5432,0.46792747458757344
2026-05-25 19:53:00+00:00,Mock tweet 5433,0.5553821121865468
2026-05-25 19:58:00+00:00,Mock tweet 5434,5.256467528920556
2026-05-25 19:59:00+00:00,Mock tweet 5435,-0.12022886006642697
2026-05-25 20:01:00+00:00,Mock tweet 5436,-0.5287286284225652
2026-05-25 20:09:00+00:00,Mock tweet 5437,-0.6023889308242112
2026-05-25 20:11:00+00:00,Mock tweet 5438,-0.947628009771164
2026-05-25 20:11:00+00:00,Mock tweet 5439,0.45191495720902597
2026-05-25 20:12:00+00:00,Mock tweet 5440,-0.6617940887367082
2026-05-25 20:14:00+00:00,Mock tweet 5441,-0.46989669601661177
2026-05-25 20:17:00+00:00,Mock tweet 5442,-0.8915630893191675
2026-05-25 20:19:00+00:00,Mock tweet 5443,0.3515417287078113
2026-05-25 20:19:00+00:00,Mock tweet 5444,0.9121109739873456
2026-05-25 20:21:00+00:00,Mock tweet 5445,0.8072139674982535
2026-05-25 20:22:00+00:00,Mock tweet 5446,-0.11102183065692595
2026-05-25 20:34:00+00:00,Mock tweet 5447,-0.5765782592920752
2026-05-25 20:35:00+00:00,Mock tweet 5448,-0.04185180887845941
2026-05-25 20:41:00+00:00,Mock tweet 5449,0.3646363231909058
2026-05-25 20:46:00+00:00,Mock tweet 5450,-0.49558745666007487
2026-05-25 20:47:00+00:00,Mock tweet 5451,-0.7072926937645547
2026-05-25 20:47:00+00:00,Mock tweet 5452,0.45425216593636586
2026-05-25 20:50:00+00:00,Mock tweet 5453,-0.3562740187627522
2026-05-25 20:51:00+00:00,Mock tweet 5454,0.6445885573437062
2026-05-25 20:55:00+00:00,Mock tweet 5455,0.4376726035718279
2026-05-25 21:10:00+00:00,Mock tweet 5456,-0.9760412939538847
2026-05-25 21:20:00+00:00,Mock tweet 5457,0.7365863460265774
2026-05-25 21:29:00+00:00,Mock tweet 5458,0.13538401348994222
2026-05-25 21:36:00+00:00,Mock tweet 5459,-0.2888186195193596
2026-05-25 21:38:00+00:00,Mock tweet 5460,-0.9391242909431778
2026-05-25 21:40:00+00:00,Mock tweet 5461,-0.7750142705502485
2026-05-25 21:40:00+00:00,Mock tweet 5462,-0.01496423481104392
2026-05-25 21:43:00+00:00,Mock tweet 5463,0.4243462368756803
2026-05-25 21:46:00+00:00,Mock tweet 5464,-0.483593004032026
2026-05-25 21:47:00+00:00,Mock tweet 5465,0.31688022423837237
2026-05-25 21:53:00+00:00,Mock tweet 5466,-0.5888362502235289
2026-05-25 21:54:00+00:00,Mock tweet 5467,-0.5871053954682379
2026-05-25 21:58:00+00:00,Mock tweet 5468,-0.4316402906735015
2026-05-25 21:59:00+00:00,Mock tweet 5469,0.24639305923824328
2026-05-25 22:00:00+00:00,Mock tweet 5470,-0.9902966065247192
2026-05-25 22:01:00+00:00,Mock tweet 5471,-0.34175939094005203
2026-05-25 22:05:00+00:00,Mock tweet 5472,0.25082205614103237
2026-05-25 22:09:00+00:00,Mock tweet 5473,0.23013694720518219
2026-05-25 22:10:00+00:00,Mock tweet 5474,0.2926064801278576
2026-05-25 22:11:00+00:00,Mock tweet 5475,0.5703455217702234
2026-05-25 22:16:00+00:00,Mock tweet 5476,-0.7826008639698503
2026-05-25 22:20:00+00:00,Mock tweet 5477,0.9540729109328896
2026-05-25 22:25:00+00:00,Mock tweet 5478,0.6632516656078002
2026-05-25 22:34:00+00:00,Mock tweet 5479,0.3861172803786368
2026-05-25 22:35:00+00:00,Mock tweet 5480,-0.5118257232012899
2026-05-25 22:38:00+00:00,Mock tweet 5481,-0.5673222317022155
2026-05-25 22:41:00+00:00,Mock tweet 5482,0.009921256564392023
2026-05-25 22:45:00+00:00,Mock tweet 5483,-0.621016943853353
2026-05-25 22:47:00+00:00,Mock tweet 5484,0.5431750638933077
2026-05-25 22:48:00+00:00,Mock tweet 5485,0.9811952533968555
2026-05-25 22:51:00+00:00,Mock tweet 5486,0.2730232314342709
2026-05-25 22:55:00+00:00,Mock tweet 5487,0.7922331132498093
2026-05-25 22:58:00+00:00,Mock tweet 5488,-0.07917989643006118
2026-05-25 23:01:00+00:00,Mock tweet 5489,-0.13808389101621033
2026-05-25 23:04:00+00:00,Mock tweet 5490,0.9620527515640562
2026-05-25 23:08:00+00:00,Mock tweet 5491,-0.5189836563373766
2026-05-25 23:28:00+00:00,Mock tweet 5492,0.47030362406558535
2026-05-25 23:29:00+00:00,Mock tweet 5493,0.5365900919677635
2026-05-25 23:31:00+00:00,Mock tweet 5494,0.25732103440758824
2026-05-25 23:37:00+00:00,Mock tweet 5495,0.06771534788411082
2026-05-25 23:43:00+00:00,Mock tweet 5496,0.17673554011505654
2026-05-25 23:52:00+00:00,Mock tweet 5497,-0.03293140896735469
2026-05-26 00:06:00+00:00,Mock tweet 5498,0.7249941251000602
2026-05-26 00:10:00+00:00,Mock tweet 5499,0.5589366326204179
2026-05-26 00:12:00+00:00,Mock tweet 5500,0.9589765229861973
2026-05-26 00:13:00+00:00,Mock tweet 5501,-0.8053992467301836
2026-05-26 00:16:00+00:00,Mock tweet 5502,-0.6650679974031464
2026-05-26 00:20:00+00:00,Mock tweet 5503,-0.009994413500514554
2026-05-26 00:33:00+00:00,Mock tweet 5504,0.45796840317575827
2026-05-26 00:34:00+00:00,Mock tweet 5505,0.5199108853782803
2026-05-26 00:34:00+00:00,Mock tweet 5506,-0.9307486653181214
2026-05-26 00:41:00+00:00,Mock tweet 5507,0.3171197686029166
2026-05-26 00:55:00+00:00,Mock tweet 5508,-0.4944687768826297
2026-05-26 00:55:00+00:00,Mock tweet 5509,0.3463349889473595
2026-05-26 01:02:00+00:00,Mock tweet 5510,-0.7481609134518574
2026-05-26 01:09:00+00:00,Mock tweet 5511,-0.4858603630613114
2026-05-26 01:18:00+00:00,Mock tweet 5512,-0.08171639217045534
2026-05-26 01:25:00+00:00,Mock tweet 5513,0.535943468298359
2026-05-26 01:25:00+00:00,Mock tweet 5514,0.9052690343815801
2026-05-26 01:31:00+00:00,Mock tweet 5515,-0.9197946858923238
2026-05-26 01:34:00+00:00,Mock tweet 5516,-0.6724015663303418
2026-05-26 01:35:00+00:00,Mock tweet 5517,-0.38996505036598483
2026-05-26 01:40:00+00:00,Mock tweet 5518,-0.37606138772755804
2026-05-26 01:43:00+00:00,Mock tweet 5519,0.6719493432706303
2026-05-26 01:47:00+00:00,Mock tweet 5520,0.0915552687153951
2026-05-26 02:00:00+00:00,Mock tweet 5521,0.6019819303612757
2026-05-26 02:00:00+00:00,Mock tweet 5522,0.8568031867102801
2026-05-26 02:01:00+00:00,Mock tweet 5523,0.5029011650986706
2026-05-26 02:04:00+00:00,Mock tweet 5524,0.2544206264544233
2026-05-26 02:08:00+00:00,Mock tweet 5525,-0.7538542496665543
2026-05-26 02:15:00+00:00,Mock tweet 5526,0.8110111749069902
2026-05-26 02:18:00+00:00,Mock tweet 5527,-0.6701424126490947
2026-05-26 02:25:00+00:00,Mock tweet 5528,0.1802952568405367
2026-05-26 02:27:00+00:00,Mock tweet 5529,-0.3176013584063655
2026-05-26 02:31:00+00:00,Mock tweet 5530,0.45318984004051455
2026-05-26 02:32:00+00:00,Mock tweet 5531,0.8870617364167188
2026-05-26 02:43:00+00:00,Mock tweet 5532,0.9640001980290369
2026-05-26 02:43:00+00:00,Mock tweet 5533,0.46297428773250826
2026-05-26 02:44:00+00:00,Mock tweet 5534,0.57903948826119
2026-05-26 02:50:00+00:00,Mock tweet 5535,-0.7609104428979192
2026-05-26 02:51:00+00:00,Mock tweet 5536,0.09706810635728802
2026-05-26 02:57:00+00:00,Mock tweet 5537,-0.41229158867673177
2026-05-26 02:58:00+00:00,Mock tweet 5538,-0.9034632077369669
2026-05-26 03:02:00+00:00,Mock tweet 5539,0.5945803938411669
2026-05-26 03:03:00+00:00,Mock tweet 5540,0.9276815811105876
2026-05-26 03:04:00+00:00,Mock tweet 5541,-0.16230580435138542
2026-05-26 03:14:00+00:00,Mock tweet 5542,0.13604794621553418
2026-05-26 03:25:00+00:00,Mock tweet 5543,-0.5977734744433045
2026-05-26 03:28:00+00:00,Mock tweet 5544,0.9606159313870324
2026-05-26 03:28:00+00:00,Mock tweet 5545,0.6868948109369564
2026-05-26 03:29:00+00:00,Mock tweet 5546,0.6193924403131958
2026-05-26 03:34:00+00:00,Mock tweet 5547,-0.9904395011319835
2026-05-26 03:38:00+00:00,Mock tweet 5548,-0.4920305629367674
2026-05-26 03:42:00+00:00,Mock tweet 5549,0.6597073535507538
2026-05-26 03:48:00+00:00,Mock tweet 5550,0.15473046852634798
2026-05-26 03:54:00+00:00,Mock tweet 5551,-0.9864607504467111
2026-05-26 03:56:00+00:00,Mock tweet 5552,0.9115397424444323
2026-05-26 04:03:00+00:00,Mock tweet 5553,0.7494977372378335
2026-05-26 04:07:00+00:00,Mock tweet 5554,0.7011329982478129
2026-05-26 04:07:00+00:00,Mock tweet 5555,-0.2757809741554569
2026-05-26 04:12:00+00:00,Mock tweet 5556,-0.873347772469423
2026-05-26 04:16:00+00:00,Mock tweet 5557,0.5878689721341541
2026-05-26 04:16:00+00:00,Mock tweet 5558,-0.31233494256191463
2026-05-26 04:18:00+00:00,Mock tweet 5559,0.6164933240524808
2026-05-26 04:23:00+00:00,Mock tweet 5560,0.9559050067295254
2026-05-26 04:33:00+00:00,Mock tweet 5561,0.14775167166183056
2026-05-26 04:39:00+00:00,Mock tweet 5562,-0.24384610283715613
2026-05-26 04:43:00+00:00,Mock tweet 5563,-0.8747329050323873
2026-05-26 04:47:00+00:00,Mock tweet 5564,-0.20775672856305571
2026-05-26 04:50:00+00:00,Mock tweet 5565,-0.6709523271596647
2026-05-26 04:55:00+00:00,Mock tweet 5566,-0.8020583466178419
2026-05-26 05:14:00+00:00,Mock tweet 5567,0.7689105397476628
2026-05-26 05:16:00+00:00,Mock tweet 5568,-0.998369073048067
2026-05-26 05:19:00+00:00,Mock tweet 5569,-0.3772266656735026
2026-05-26 05:27:00+00:00,Mock tweet 5570,-0.8740098247220798
2026-05-26 05:37:00+00:00,Mock tweet 5571,-0.5326196886910646
2026-05-26 05:40:00+00:00,Mock tweet 5572,-0.7430501482407694
2026-05-26 05:41:00+00:00,Mock tweet 5573,0.5528854892298076
2026-05-26 05:50:00+00:00,Mock tweet 5574,0.7148782674643546
2026-05-26 05:57:00+00:00,Mock tweet 5575,-0.6614108599659896
2026-05-26 06:03:00+00:00,Mock tweet 5576,-0.12064897837676547
2026-05-26 06:07:00+00:00,Mock tweet 5577,-0.5469531307261226
2026-05-26 06:17:00+00:00,Mock tweet 5578,0.21074182875405834
2026-05-26 06:19:00+00:00,Mock tweet 5579,-0.7334078092602883
2026-05-26 06:20:00+00:00,Mock tweet 5580,-0.7313419660968841
2026-05-26 06:24:00+00:00,Mock tweet 5581,0.7137358860211598
2026-05-26 06:31:00+00:00,Mock tweet 5582,-0.6533554784312243
2026-05-26 06:38:00+00:00,Mock tweet 5583,-0.7299011326539411
2026-05-26 06:44:00+00:00,Mock tweet 5584,-0.6027429734146734
2026-05-26 06:45:00+00:00,Mock tweet 5585,-0.8360446204059904
2026-05-26 06:53:00+00:00,Mock tweet 5586,0.5828954626289342
2026-05-26 06:56:00+00:00,Mock tweet 5587,0.6528424032992541
2026-05-26 06:58:00+00:00,Mock tweet 5588,0.5332647704858577
2026-05-26 07:07:00+00:00,Mock tweet 5589,0.3141325423230985
2026-05-26 07:13:00+00:00,Mock tweet 5590,0.5592085462436032
2026-05-26 07:24:00+00:00,Mock tweet 5591,0.909216969033769
2026-05-26 07:45:00+00:00,Mock tweet 5592,0.6751846089332552
2026-05-26 07:47:00+00:00,Mock tweet 5593,-0.30008575872639676
2026-05-26 07:53:00+00:00,Mock tweet 5594,-0.34231569028558884
2026-05-26 07:54:00+00:00,Mock tweet 5595,-0.009149249981225793
2026-05-26 07:55:00+00:00,Mock tweet 5596,0.24996850065158926
2026-05-26 08:06:00+00:00,Mock tweet 5597,0.6006469045355465
2026-05-26 08:18:00+00:00,Mock tweet 5598,0.15482757761519195
2026-05-26 08:22:00+00:00,Mock tweet 5599,-0.5960577958390756
2026-05-26 08:24:00+00:00,Mock tweet 5600,0.923730360531839
2026-05-26 08:26:00+00:00,Mock tweet 5601,0.9146050836979693
2026-05-26 08:32:00+00:00,Mock tweet 5602,0.8459285904535527
2026-05-26 08:33:00+00:00,Mock tweet 5603,0.9642650448403423
2026-05-26 08:38:00+00:00,Mock tweet 5604,0.04216022411782405
2026-05-26 08:39:00+00:00,Mock tweet 5605,-0.1816010745452028
2026-05-26 08:40:00+00:00,Mock tweet 5606,0.5788180341036879
2026-05-26 08:47:00+00:00,Mock tweet 5607,-0.16761100382375105
2026-05-26 08:48:00+00:00,Mock tweet 5608,0.02187500651626273
2026-05-26 08:53:00+00:00,Mock tweet 5609,-0.6325710444087191
2026-05-26 08:55:00+00:00,Mock tweet 5610,0.05876217001490547
2026-05-26 08:58:00+00:00,Mock tweet 5611,0.9469375912422398
2026-05-26 09:03:00+00:00,Mock tweet 5612,0.09397539068215766
2026-05-26 09:16:00+00:00,Mock tweet 5613,-0.3095150832272602
2026-05-26 09:16:00+00:00,Mock tweet 5614,-0.3651506017312789
2026-05-26 09:24:00+00:00,Mock tweet 5615,-0.3428885614252628
2026-05-26 09:28:00+00:00,Mock tweet 5616,-0.05518866490958785
2026-05-26 09:30:00+00:00,Mock tweet 5617,0.6676061326197731
2026-05-26 09:30:00+00:00,Mock tweet 5618,-0.19937222243153618
2026-05-26 09:38:00+00:00,Mock tweet 5619,-0.2991803058327853
2026-05-26 09:39:00+00:00,Mock tweet 5620,0.29141698743592315
2026-05-26 09:40:00+00:00,Mock tweet 5621,0.1702743788166987
2026-05-26 09:45:00+00:00,Mock tweet 5622,0.093895272192426
2026-05-26 09:46:00+00:00,Mock tweet 5623,0.6660708588629443
2026-05-26 09:48:00+00:00,Mock tweet 5624,0.1928969184045899
2026-05-26 09:50:00+00:00,Mock tweet 5625,0.09771146771252637
2026-05-26 09:55:00+00:00,Mock tweet 5626,-0.48559582905546583
2026-05-26 10:01:00+00:00,Mock tweet 5627,0.07474810533735332
2026-05-26 10:08:00+00:00,Mock tweet 5628,-0.1870416071664478
2026-05-26 10:09:00+00:00,Mock tweet 5629,-0.8383434875680154
2026-05-26 10:11:00+00:00,Mock tweet 5630,-0.47099333331576565
2026-05-26 10:22:00+00:00,Mock tweet 5631,-0.5542914274445316
2026-05-26 10:40:00+00:00,Mock tweet 5632,0.5441946856051527
2026-05-26 10:44:00+00:00,Mock tweet 5633,0.4947966214833379
2026-05-26 10:49:00+00:00,Mock tweet 5634,0.708350025609628
2026-05-26 11:05:00+00:00,Mock tweet 5635,0.7492609890936897
2026-05-26 11:06:00+00:00,Mock tweet 5636,0.6260686378777254
2026-05-26 11:07:00+00:00,Mock tweet 5637,0.048738468284289516
2026-05-26 11:14:00+00:00,Mock tweet 5638,0.18263207825608863
2026-05-26 11:16:00+00:00,Mock tweet 5639,-0.692925991280567
2026-05-26 11:26:00+00:00,Mock tweet 5640,-0.41657581378842234
2026-05-26 11:30:00+00:00,Mock tweet 5641,0.7383368443122671
2026-05-26 11:38:00+00:00,Mock tweet 5642,0.8423289441789474
2026-05-26 11:42:00+00:00,Mock tweet 5643,0.03688061133057707
2026-05-26 11:57:00+00:00,Mock tweet 5644,0.7122577233807577
2026-05-26 12:06:00+00:00,Mock tweet 5645,0.22895154285026376
2026-05-26 12:08:00+00:00,Mock tweet 5646,-0.8510593501220003
2026-05-26 12:10:00+00:00,Mock tweet 5647,-0.2776022456773126
2026-05-26 12:11:00+00:00,Mock tweet 5648,0.37554495577432867
2026-05-26 12:11:00+00:00,Mock tweet 5649,-0.1739673898730072
2026-05-26 12:12:00+00:00,Mock tweet 5650,0.948706607912807
2026-05-26 12:19:00+00:00,Mock tweet 5651,0.9485895723748283
2026-05-26 12:22:00+00:00,Mock tweet 5652,-0.06724224126744782
2026-05-26 12:23:00+00:00,Mock tweet 5653,0.8286895915398722
2026-05-26 12:28:00+00:00,Mock tweet 5654,0.40247656139226007
2026-05-26 12:40:00+00:00,Mock tweet 5655,0.807563241825719
2026-05-26 12:42:00+00:00,Mock tweet 5656,0.6030938591102506
2026-05-26 12:42:00+00:00,Mock tweet 5657,0.3271637439631503
2026-05-26 12:44:00+00:00,Mock tweet 5658,-0.7531970069920275
2026-05-26 12:50:00+00:00,Mock tweet 5659,0.761120613404694
2026-05-26 12:51:00+00:00,Mock tweet 5660,0.4365922470290595
2026-05-26 12:55:00+00:00,Mock tweet 5661,-0.6927597911986942
2026-05-26 12:57:00+00:00,Mock tweet 5662,-0.19920120415490383
2026-05-26 13:04:00+00:00,Mock tweet 5663,0.5240937034091455
2026-05-26 13:04:00+00:00,Mock tweet 5664,-0.4631242372013358
2026-05-26 13:14:00+00:00,Mock tweet 5665,-0.49412245893724904
2026-05-26 13:15:00+00:00,Mock tweet 5666,-0.1991286810221362
2026-05-26 13:22:00+00:00,Mock tweet 5667,-0.5852952701198735
2026-05-26 13:56:00+00:00,Mock tweet 5668,8.424068072312954
2026-05-26 14:00:00+00:00,Mock tweet 5669,-0.3196825930206051
2026-05-26 14:09:00+00:00,Mock tweet 5670,6.042988968632395
2026-05-26 14:09:00+00:00,Mock tweet 5671,-0.6328314521937033
2026-05-26 14:15:00+00:00,Mock tweet 5672,0.31086916989243063
2026-05-26 14:32:00+00:00,Mock tweet 5673,0.8892761374291283
2026-05-26 14:35:00+00:00,Mock tweet 5674,0.4913985631614455
2026-05-26 14:38:00+00:00,Mock tweet 5675,0.9084896421801381
2026-05-26 14:39:00+00:00,Mock tweet 5676,0.15746111827092735
2026-05-26 14:43:00+00:00,Mock tweet 5677,-0.8231839842912421
2026-05-26 14:44:00+00:00,Mock tweet 5678,-0.34570854013985564
2026-05-26 14:46:00+00:00,Mock tweet 5679,0.9902264053847329
2026-05-26 14:48:00+00:00,Mock tweet 5680,0.1517495232992636
2026-05-26 14:57:00+00:00,Mock tweet 5681,-0.8100780132574785
2026-05-26 14:58:00+00:00,Mock tweet 5682,-0.4614179471895279
2026-05-26 15:00:00+00:00,Mock tweet 5683,-0.5043360354575517
2026-05-26 15:00:00+00:00,Mock tweet 5684,0.3052386733110801
2026-05-26 15:04:00+00:00,Mock tweet 5685,0.8518200767528104
2026-05-26 15:04:00+00:00,Mock tweet 5686,0.7276012541960772
2026-05-26 15:09:00+00:00,Mock tweet 5687,0.5625881476264198
2026-05-26 15:19:00+00:00,Mock tweet 5688,-0.4178094085139008
2026-05-26 15:19:00+00:00,Mock tweet 5689,-0.7100034270318145
2026-05-26 15:22:00+00:00,Mock tweet 5690,0.49282851567222363
2026-05-26 15:28:00+00:00,Mock tweet 5691,-0.9795784634757467
2026-05-26 15:29:00+00:00,Mock tweet 5692,-0.6181908472243258
2026-05-26 15:31:00+00:00,Mock tweet 5693,0.24018840180232504
2026-05-26 15:31:00+00:00,Mock tweet 5694,0.6955768570723495
2026-05-26 15:31:00+00:00,Mock tweet 5695,-0.8017711274402866
2026-05-26 15:40:00+00:00,Mock tweet 5696,0.42651328996027194
2026-05-26 15:43:00+00:00,Mock tweet 5697,0.9305961670675023
2026-05-26 15:48:00+00:00,Mock tweet 5698,-0.07374713534522681
2026-05-26 15:51:00+00:00,Mock tweet 5699,-0.43032442809369154
2026-05-26 15:54:00+00:00,Mock tweet 5700,0.9425125891520663
2026-05-26 15:54:00+00:00,Mock tweet 5701,0.1004330444109065
2026-05-26 15:55:00+00:00,Mock tweet 5702,-0.8465219253467202
2026-05-26 16:00:00+00:00,Mock tweet 5703,9.186694877337695
2026-05-26 16:01:00+00:00,Mock tweet 5704,0.9310985873272284
2026-05-26 16:11:00+00:00,Mock tweet 5705,-0.048848567936105924
2026-05-26 16:13:00+00:00,Mock tweet 5706,-0.6222273029812342
2026-05-26 16:21:00+00:00,Mock tweet 5707,-0.6782953475536746
2026-05-26 16:22:00+00:00,Mock tweet 5708,0.5129475015176668
2026-05-26 16:23:00+00:00,Mock tweet 5709,0.9544156283903686
2026-05-26 16:24:00+00:00,Mock tweet 5710,0.04309580173254446
2026-05-26 16:31:00+00:00,Mock tweet 5711,0.7504945856351817
2026-05-26 16:35:00+00:00,Mock tweet 5712,-0.856634165460018
2026-05-26 16:39:00+00:00,Mock tweet 5713,-0.5095960307562704
2026-05-26 16:45:00+00:00,Mock tweet 5714,0.13718117209695935
2026-05-26 16:50:00+00:00,Mock tweet 5715,0.19305399073539742
2026-05-26 16:50:00+00:00,Mock tweet 5716,-0.999642813385357
2026-05-26 16:53:00+00:00,Mock tweet 5717,0.48227726929020265
2026-05-26 17:05:00+00:00,Mock tweet 5718,0.10551253728846643
2026-05-26 17:19:00+00:00,Mock tweet 5719,-0.7275861876001182
2026-05-26 17:19:00+00:00,Mock tweet 5720,0.026552519986057455
2026-05-26 17:23:00+00:00,Mock tweet 5721,-0.548059207679999
2026-05-26 17:24:00+00:00,Mock tweet 5722,0.04186701933696857
2026-05-26 17:24:00+00:00,Mock tweet 5723,-0.7222537111594516
2026-05-26 17:47:00+00:00,Mock tweet 5724,0.12504467509714012
2026-05-26 17:47:00+00:00,Mock tweet 5725,-0.9911787673113981
2026-05-26 17:51:00+00:00,Mock tweet 5726,0.719340871411515
2026-05-26 17:52:00+00:00,Mock tweet 5727,0.3372590565674003
2026-05-26 17:55:00+00:00,Mock tweet 5728,0.7312162988417197
2026-05-26 17:56:00+00:00,Mock tweet 5729,-0.39698084966015434
2026-05-26 18:03:00+00:00,Mock tweet 5730,0.5891873027192824
2026-05-26 18:04:00+00:00,Mock tweet 5731,-0.657838694790541
2026-05-26 18:13:00+00:00,Mock tweet 5732,-0.5622504316109529
2026-05-26 18:15:00+00:00,Mock tweet 5733,-0.1892364189669944
2026-05-26 18:19:00+00:00,Mock tweet 5734,0.0846960735304878
2026-05-26 18:20:00+00:00,Mock tweet 5735,0.08568830968705488
2026-05-26 18:30:00+00:00,Mock tweet 5736,0.11518329069794864
2026-05-26 18:37:00+00:00,Mock tweet 5737,-0.4340641579801372
2026-05-26 18:40:00+00:00,Mock tweet 5738,-0.4775943539866525
2026-05-26 18:42:00+00:00,Mock tweet 5739,0.9469991755657348
2026-05-26 18:45:00+00:00,Mock tweet 5740,0.746311126891388
2026-05-26 18:54:00+00:00,Mock tweet 5741,-0.7439282438200179
2026-05-26 18:55:00+00:00,Mock tweet 5742,-0.9235289591551694
2026-05-26 19:07:00+00:00,Mock tweet 5743,-0.8735107984691874
2026-05-26 19:17:00+00:00,Mock tweet 5744,-0.5901854872236496
2026-05-26 19:19:00+00:00,Mock tweet 5745,-0.4789580459208549
2026-05-26 19:20:00+00:00,Mock tweet 5746,0.9173018032663955
2026-05-26 19:24:00+00:00,Mock tweet 5747,-0.2814788620096691
2026-05-26 19:31:00+00:00,Mock tweet 5748,-0.44787364513629346
2026-05-26 19:38:00+00:00,Mock tweet 5749,-0.6508345740377051
2026-05-26 19:56:00+00:00,Mock tweet 5750,0.4615545836328909
2026-05-26 19:58:00+00:00,Mock tweet 5751,0.982340324239328
2026-05-26 20:01:00+00:00,Mock tweet 5752,-0.19090249453554975
2026-05-26 20:05:00+00:00,Mock tweet 5753,0.14903663929423816
2026-05-26 20:07:00+00:00,Mock tweet 5754,-0.24707574238404906
2026-05-26 20:08:00+00:00,Mock tweet 5755,0.7775422557266614
2026-05-26 20:13:00+00:00,Mock tweet 5756,-0.06495959234888926
2026-05-26 20:19:00+00:00,Mock tweet 5757,0.06174491956015671
2026-05-26 20:20:00+00:00,Mock tweet 5758,0.8586240466461637
2026-05-26 20:21:00+00:00,Mock tweet 5759,-0.26560444696806473
2026-05-26 20:21:00+00:00,Mock tweet 5760,0.9096931413104175
2026-05-26 20:22:00+00:00,Mock tweet 5761,0.08226234535554422
2026-05-26 20:22:00+00:00,Mock tweet 5762,0.5167237373481495
2026-05-26 20:23:00+00:00,Mock tweet 5763,-0.8303139018159593
2026-05-26 20:25:00+00:00,Mock tweet 5764,-0.8169877744379315
2026-05-26 20:32:00+00:00,Mock tweet 5765,0.21249020778452787
2026-05-26 20:32:00+00:00,Mock tweet 5766,-0.19214508622687254
2026-05-26 20:38:00+00:00,Mock tweet 5767,-0.26303375645466476
2026-05-26 20:48:00+00:00,Mock tweet 5768,-0.6341756544669235
2026-05-26 20:50:00+00:00,Mock tweet 5769,-0.47585766483975167
2026-05-26 20:51:00+00:00,Mock tweet 5770,-0.8748556526531954
2026-05-26 20:51:00+00:00,Mock tweet 5771,0.5506605717662605
2026-05-26 20:53:00+00:00,Mock tweet 5772,0.7273504970090787
2026-05-26 20:55:00+00:00,Mock tweet 5773,0.01729883140522981
2026-05-26 20:58:00+00:00,Mock tweet 5774,-0.9155234798991532
2026-05-26 21:01:00+00:00,Mock tweet 5775,-0.6187582435245083
2026-05-26 21:03:00+00:00,Mock tweet 5776,0.41660994515702976
2026-05-26 21:10:00+00:00,Mock tweet 5777,0.1695044741700782
2026-05-26 21:18:00+00:00,Mock tweet 5778,0.6559964974121728
2026-05-26 21:27:00+00:00,Mock tweet 5779,0.4561035864080589
2026-05-26 21:29:00+00:00,Mock tweet 5780,-0.6189690042095795
2026-05-26 21:29:00+00:00,Mock tweet 5781,-0.185705894718744
2026-05-26 21:37:00+00:00,Mock tweet 5782,0.8733810476079977
2026-05-26 21:42:00+00:00,Mock tweet 5783,-0.9288279694443364
2026-05-26 21:44:00+00:00,Mock tweet 5784,0.493680180004179
2026-05-26 21:46:00+00:00,Mock tweet 5785,0.9169254649871905
2026-05-26 21:56:00+00:00,Mock tweet 5786,0.5876472212455999
2026-05-26 21:57:00+00:00,Mock tweet 5787,0.6520703591100323
2026-05-26 21:57:00+00:00,Mock tweet 5788,-0.04562454852485254
2026-05-26 22:08:00+00:00,Mock tweet 5789,0.6679497008885238
2026-05-26 22:08:00+00:00,Mock tweet 5790,7.7339853869817485
2026-05-26 22:08:00+00:00,Mock tweet 5791,0.25649006839611843
2026-05-26 22:09:00+00:00,Mock tweet 5792,-0.3085416136149848
2026-05-26 22:12:00+00:00,Mock tweet 5793,-0.203634694762437
2026-05-26 22:13:00+00:00,Mock tweet 5794,0.1537388780979645
2026-05-26 22:15:00+00:00,Mock tweet 5795,0.7494563425814889
2026-05-26 22:20:00+00:00,Mock tweet 5796,-0.1567384712963369
2026-05-26 22:23:00+00:00,Mock tweet 5797,0.6756267471289759
2026-05-26 22:23:00+00:00,Mock tweet 5798,-0.4316572573721895
2026-05-26 22:29:00+00:00,Mock tweet 5799,-0.6149195224172539
2026-05-26 22:37:00+00:00,Mock tweet 5800,0.08723219445431596
2026-05-26 22:37:00+00:00,Mock tweet 5801,0.3871182284415473
2026-05-26 22:52:00+00:00,Mock tweet 5802,-0.21162709929408763
2026-05-26 22:58:00+00:00,Mock tweet 5803,0.26076739981972685
2026-05-26 22:58:00+00:00,Mock tweet 5804,0.7951604958367797
2026-05-26 22:58:00+00:00,Mock tweet 5805,-0.7284258000375572
2026-05-26 23:01:00+00:00,Mock tweet 5806,0.6535529602241112
2026-05-26 23:14:00+00:00,Mock tweet 5807,0.6803800260645292
2026-05-26 23:17:00+00:00,Mock tweet 5808,0.9368739300049025
2026-05-26 23:20:00+00:00,Mock tweet 5809,-0.9577276645447008
2026-05-26 23:20:00+00:00,Mock tweet 5810,0.010616605745087604
2026-05-26 23:22:00+00:00,Mock tweet 5811,-0.3020447850536685
2026-05-26 23:26:00+00:00,Mock tweet 5812,-0.10464650085822358
2026-05-26 23:29:00+00:00,Mock tweet 5813,-0.6581502858352248
2026-05-26 23:32:00+00:00,Mock tweet 5814,0.8229061197612579
2026-05-26 23:34:00+00:00,Mock tweet 5815,0.8696059664361588
2026-05-26 23:35:00+00:00,Mock tweet 5816,0.5092466199814305
2026-05-26 23:36:00+00:00,Mock tweet 5817,-0.05380315147279524
2026-05-26 23:36:00+00:00,Mock tweet 5818,0.4615298894620372
2026-05-26 23:38:00+00:00,Mock tweet 5819,-0.19925924689826613
2026-05-26 23:40:00+00:00,Mock tweet 5820,0.8816339483390372
2026-05-26 23:41:00+00:00,Mock tweet 5821,0.11637800683068211
2026-05-26 23:43:00+00:00,Mock tweet 5822,0.4647950071467932
2026-05-26 23:43:00+00:00,Mock tweet 5823,0.19429289706881692
2026-05-26 23:44:00+00:00,Mock tweet 5824,0.7668713448854052
2026-05-26 23:56:00+00:00,Mock tweet 5825,0.26112973458349353
2026-05-27 00:10:00+00:00,Mock tweet 5826,-0.6317615831996399
2026-05-27 00:11:00+00:00,Mock tweet 5827,-0.9930139325484868
2026-05-27 00:30:00+00:00,Mock tweet 5828,0.7336533664194027
2026-05-27 00:31:00+00:00,Mock tweet 5829,-0.7612981265676182
2026-05-27 00:32:00+00:00,Mock tweet 5830,0.2639869935072936
2026-05-27 00:53:00+00:00,Mock tweet 5831,0.9739840522367951
2026-05-27 01:00:00+00:00,Mock tweet 5832,-0.6611395273982479
2026-05-27 01:02:00+00:00,Mock tweet 5833,0.3066870324745927
2026-05-27 01:06:00+00:00,Mock tweet 5834,-0.19278407363101335
2026-05-27 01:08:00+00:00,Mock tweet 5835,-0.001927879827163581
2026-05-27 01:09:00+00:00,Mock tweet 5836,-0.4575886522496482
2026-05-27 01:10:00+00:00,Mock tweet 5837,-0.7925190094870871
2026-05-27 01:13:00+00:00,Mock tweet 5838,0.41709557067000746
2026-05-27 01:15:00+00:00,Mock tweet 5839,0.27170398114575245
2026-05-27 01:22:00+00:00,Mock tweet 5840,-0.44147053850376294
2026-05-27 01:26:00+00:00,Mock tweet 5841,-0.9832226464022815
2026-05-27 01:26:00+00:00,Mock tweet 5842,0.23217391025796852
2026-05-27 01:39:00+00:00,Mock tweet 5843,-0.6043774575591803
2026-05-27 01:47:00+00:00,Mock tweet 5844,-0.734399575281736
2026-05-27 01:57:00+00:00,Mock tweet 5845,-0.11930100184225712
2026-05-27 01:59:00+00:00,Mock tweet 5846,-0.16149117555879888
2026-05-27 02:00:00+00:00,Mock tweet 5847,0.5771196737658255
2026-05-27 02:00:00+00:00,Mock tweet 5848,0.45592684814153195
2026-05-27 02:08:00+00:00,Mock tweet 5849,-0.12085399802230934
2026-05-27 02:11:00+00:00,Mock tweet 5850,0.7634275042407259
2026-05-27 02:21:00+00:00,Mock tweet 5851,0.1889878367441742
2026-05-27 02:26:00+00:00,Mock tweet 5852,0.8570543392392036
2026-05-27 02:28:00+00:00,Mock tweet 5853,0.9895573911492124
2026-05-27 02:38:00+00:00,Mock tweet 5854,0.25880029315203235
2026-05-27 02:39:00+00:00,Mock tweet 5855,0.0040818910362168115
2026-05-27 02:40:00+00:00,Mock tweet 5856,0.8363234844823537
2026-05-27 02:46:00+00:00,Mock tweet 5857,0.8142700465528678
2026-05-27 02:50:00+00:00,Mock tweet 5858,0.7132798240175746
2026-05-27 02:58:00+00:00,Mock tweet 5859,0.3747972525674732
2026-05-27 03:02:00+00:00,Mock tweet 5860,-0.5389865313705844
2026-05-27 03:07:00+00:00,Mock tweet 5861,0.1374730822115906
2026-05-27 03:13:00+00:00,Mock tweet 5862,-0.4353331180147664
2026-05-27 03:15:00+00:00,Mock tweet 5863,-0.46489685855834173
2026-05-27 03:20:00+00:00,Mock tweet 5864,-0.5055276506650883
2026-05-27 03:22:00+00:00,Mock tweet 5865,-0.05451412140480727
2026-05-27 03:22:00+00:00,Mock tweet 5866,-0.18156079421692572
2026-05-27 03:23:00+00:00,Mock tweet 5867,-0.8904758337929284
2026-05-27 03:30:00+00:00,Mock tweet 5868,-0.9003183646304442
2026-05-27 03:37:00+00:00,Mock tweet 5869,0.9588683680661203
2026-05-27 03:40:00+00:00,Mock tweet 5870,0.6562820111342651
2026-05-27 03:42:00+00:00,Mock tweet 5871,-0.3923954281781714
2026-05-27 03:47:00+00:00,Mock tweet 5872,0.7896623911395466
2026-05-27 03:57:00+00:00,Mock tweet 5873,0.8644817181835176
2026-05-27 04:02:00+00:00,Mock tweet 5874,-0.49484280542828074
2026-05-27 04:09:00+00:00,Mock tweet 5875,-0.5001619530656878
2026-05-27 04:12:00+00:00,Mock tweet 5876,0.7403289508770841
2026-05-27 04:15:00+00:00,Mock tweet 5877,0.2534114745040399
2026-05-27 04:17:00+00:00,Mock tweet 5878,0.6739263990235544
2026-05-27 04:33:00+00:00,Mock tweet 5879,-0.6738438815591505
2026-05-27 04:34:00+00:00,Mock tweet 5880,0.6560595455663638
2026-05-27 04:36:00+00:00,Mock tweet 5881,0.11237592969594679
2026-05-27 04:46:00+00:00,Mock tweet 5882,0.15306849162415448
2026-05-27 04:47:00+00:00,Mock tweet 5883,-0.6508414162296481
2026-05-27 04:48:00+00:00,Mock tweet 5884,-0.1038903873448973
2026-05-27 04:53:00+00:00,Mock tweet 5885,0.7216185276847489
2026-05-27 04:54:00+00:00,Mock tweet 5886,0.6320110925668747
2026-05-27 04:55:00+00:00,Mock tweet 5887,-0.8682640765964686
2026-05-27 04:59:00+00:00,Mock tweet 5888,0.06682892139362528
2026-05-27 05:04:00+00:00,Mock tweet 5889,0.17562001744781797
2026-05-27 05:04:00+00:00,Mock tweet 5890,0.928855284125329
2026-05-27 05:07:00+00:00,Mock tweet 5891,-0.49069739548580404
2026-05-27 05:12:00+00:00,Mock tweet 5892,0.49742487127975155
2026-05-27 05:17:00+00:00,Mock tweet 5893,-0.8140930216014017
2026-05-27 05:19:00+00:00,Mock tweet 5894,5.402989633029432
2026-05-27 05:26:00+00:00,Mock tweet 5895,-0.9919619939692284
2026-05-27 05:31:00+00:00,Mock tweet 5896,-0.6900971380982772
2026-05-27 05:32:00+00:00,Mock tweet 5897,-0.7650208975438613
2026-05-27 05:38:00+00:00,Mock tweet 5898,-0.02926715091492338
2026-05-27 05:40:00+00:00,Mock tweet 5899,0.15185350983207613
2026-05-27 05:42:00+00:00,Mock tweet 5900,-0.6617294146803154
2026-05-27 05:53:00+00:00,Mock tweet 5901,0.1247939549948065
2026-05-27 05:55:00+00:00,Mock tweet 5902,-0.3810414939222806
2026-05-27 06:08:00+00:00,Mock tweet 5903,-0.7362026817887957
2026-05-27 06:09:00+00:00,Mock tweet 5904,0.22166364395361526
2026-05-27 06:09:00+00:00,Mock tweet 5905,-0.2777864047464267
2026-05-27 06:10:00+00:00,Mock tweet 5906,-0.28416681487561046
2026-05-27 06:13:00+00:00,Mock tweet 5907,0.8409499319384257
2026-05-27 06:15:00+00:00,Mock tweet 5908,0.7606843999196427
2026-05-27 06:24:00+00:00,Mock tweet 5909,-0.40591965285288567
2026-05-27 06:26:00+00:00,Mock tweet 5910,-0.2621041919089375
2026-05-27 06:30:00+00:00,Mock tweet 5911,0.9698088563655296
2026-05-27 06:30:00+00:00,Mock tweet 5912,0.8114941461709635
2026-05-27 06:32:00+00:00,Mock tweet 5913,0.8545978581878251
2026-05-27 06:36:00+00:00,Mock tweet 5914,-0.32971152470991627
2026-05-27 06:45:00+00:00,Mock tweet 5915,0.6300382405471061
2026-05-27 06:52:00+00:00,Mock tweet 5916,-0.3897288502396403
2026-05-27 06:54:00+00:00,Mock tweet 5917,0.741268968450856
2026-05-27 07:00:00+00:00,Mock tweet 5918,0.3360914451866903
2026-05-27 07:02:00+00:00,Mock tweet 5919,0.13569293405387461
2026-05-27 07:08:00+00:00,Mock tweet 5920,-0.8909206868253683
2026-05-27 07:09:00+00:00,Mock tweet 5921,0.12221252775704494
2026-05-27 07:15:00+00:00,Mock tweet 5922,0.9206542729345242
2026-05-27 07:16:00+00:00,Mock tweet 5923,0.87145615144318
2026-05-27 07:36:00+00:00,Mock tweet 5924,0.6314984089897291
2026-05-27 07:46:00+00:00,Mock tweet 5925,0.9593244137762504
2026-05-27 07:52:00+00:00,Mock tweet 5926,0.29311693617614787
2026-05-27 07:54:00+00:00,Mock tweet 5927,0.7111870982995909
2026-05-27 07:59:00+00:00,Mock tweet 5928,-0.6211931042056835
2026-05-27 08:12:00+00:00,Mock tweet 5929,0.6725589503885516
2026-05-27 08:16:00+00:00,Mock tweet 5930,-0.7203315056568187
2026-05-27 08:27:00+00:00,Mock tweet 5931,0.09827775438712028
2026-05-27 08:31:00+00:00,Mock tweet 5932,0.4091192852029961
2026-05-27 08:33:00+00:00,Mock tweet 5933,0.6569609254958177
2026-05-27 08:37:00+00:00,Mock tweet 5934,-0.367092539937508
2026-05-27 08:38:00+00:00,Mock tweet 5935,0.5517807525102509
2026-05-27 08:44:00+00:00,Mock tweet 5936,0.49017756386878064
2026-05-27 08:50:00+00:00,Mock tweet 5937,-0.478498039807137
2026-05-27 08:58:00+00:00,Mock tweet 5938,0.12023035984222141
2026-05-27 09:04:00+00:00,Mock tweet 5939,0.8119668096168406
2026-05-27 09:12:00+00:00,Mock tweet 5940,0.5869989772114514
2026-05-27 09:20:00+00:00,Mock tweet 5941,0.5739873244877329
2026-05-27 09:22:00+00:00,Mock tweet 5942,-0.1920190357647258
2026-05-27 09:44:00+00:00,Mock tweet 5943,-0.4729962733891304
2026-05-27 09:51:00+00:00,Mock tweet 5944,-0.019571698852732133
2026-05-27 09:59:00+00:00,Mock tweet 5945,0.6886823925766064
2026-05-27 10:04:00+00:00,Mock tweet 5946,0.05079650029076577
2026-05-27 10:04:00+00:00,Mock tweet 5947,0.5307644909367533
2026-05-27 10:07:00+00:00,Mock tweet 5948,0.551416211079345
2026-05-27 10:07:00+00:00,Mock tweet 5949,0.1978045340668162
2026-05-27 10:10:00+00:00,Mock tweet 5950,-0.8028688095925387
2026-05-27 10:10:00+00:00,Mock tweet 5951,-0.805422785380475
2026-05-27 10:21:00+00:00,Mock tweet 5952,-0.7826564325597349
2026-05-27 10:27:00+00:00,Mock tweet 5953,-0.4334423988636442
2026-05-27 10:30:00+00:00,Mock tweet 5954,-0.32384944011732997
2026-05-27 10:50:00+00:00,Mock tweet 5955,-0.4904226038665258
2026-05-27 11:07:00+00:00,Mock tweet 5956,-0.9060196907385973
2026-05-27 11:13:00+00:00,Mock tweet 5957,-0.6173826078911802
2026-05-27 11:13:00+00:00,Mock tweet 5958,0.10507841987933997
2026-05-27 11:14:00+00:00,Mock tweet 5959,-0.20614092430738484
2026-05-27 11:17:00+00:00,Mock tweet 5960,-0.8747885252971677
2026-05-27 11:21:00+00:00,Mock tweet 5961,0.8132476378246283
2026-05-27 11:21:00+00:00,Mock tweet 5962,-0.9245257114159164
2026-05-27 11:21:00+00:00,Mock tweet 5963,0.7537810009597254
2026-05-27 11:22:00+00:00,Mock tweet 5964,0.10095837287002007
2026-05-27 11:28:00+00:00,Mock tweet 5965,-0.31350775367009986
2026-05-27 11:32:00+00:00,Mock tweet 5966,-0.06896787818101235
2026-05-27 11:33:00+00:00,Mock tweet 5967,-0.8882806200532385
2026-05-27 11:35:00+00:00,Mock tweet 5968,-0.6321044534214932
2026-05-27 11:37:00+00:00,Mock tweet 5969,0.18839721938157794
2026-05-27 11:37:00+00:00,Mock tweet 5970,-0.7309756480931913
2026-05-27 11:38:00+00:00,Mock tweet 5971,-0.8980359611435016
2026-05-27 11:38:00+00:00,Mock tweet 5972,0.9555945741131764
2026-05-27 11:45:00+00:00,Mock tweet 5973,-0.6479142181151152
2026-05-27 11:49:00+00:00,Mock tweet 5974,0.7515174402768692
2026-05-27 11:53:00+00:00,Mock tweet 5975,-0.005240095031765923
2026-05-27 11:55:00+00:00,Mock tweet 5976,0.9449700156680789
2026-05-27 11:57:00+00:00,Mock tweet 5977,0.8394633767267519
2026-05-27 11:58:00+00:00,Mock tweet 5978,-0.391401576267983
2026-05-27 11:59:00+00:00,Mock tweet 5979,-0.6240969462677224
2026-05-27 12:08:00+00:00,Mock tweet 5980,-0.05928636617045968
2026-05-27 12:11:00+00:00,Mock tweet 5981,0.0009237626814571076
2026-05-27 12:14:00+00:00,Mock tweet 5982,0.8410927662476473
2026-05-27 12:14:00+00:00,Mock tweet 5983,-0.8481099706195265
2026-05-27 12:18:00+00:00,Mock tweet 5984,0.7712296074857814
2026-05-27 12:23:00+00:00,Mock tweet 5985,-0.38453179457122433
2026-05-27 12:27:00+00:00,Mock tweet 5986,-0.36745073086829216
2026-05-27 12:27:00+00:00,Mock tweet 5987,0.5226825905637613
2026-05-27 12:29:00+00:00,Mock tweet 5988,0.24607274897697096
2026-05-27 12:31:00+00:00,Mock tweet 5989,-0.40380681399874296
2026-05-27 12:34:00+00:00,Mock tweet 5990,0.05984107354010626
2026-05-27 12:41:00+00:00,Mock tweet 5991,0.3172066503129831
2026-05-27 12:50:00+00:00,Mock tweet 5992,-0.8958284856197845
2026-05-27 12:53:00+00:00,Mock tweet 5993,0.2741493374012798
2026-05-27 12:53:00+00:00,Mock tweet 5994,-0.09526823394456674
2026-05-27 12:54:00+00:00,Mock tweet 5995,-0.22243637918414816
2026-05-27 12:55:00+00:00,Mock tweet 5996,0.3224973053940361
2026-05-27 13:01:00+00:00,Mock tweet 5997,0.36444478798497526
2026-05-27 13:03:00+00:00,Mock tweet 5998,6.642559251548333
2026-05-27 13:06:00+00:00,Mock tweet 5999,0.5219438226330984
2026-05-27 13:06:00+00:00,Mock tweet 6000,0.2643675599895736
2026-05-27 13:09:00+00:00,Mock tweet 6001,-0.5250394751519101
2026-05-27 13:10:00+00:00,Mock tweet 6002,-0.24173749948221612
2026-05-27 13:12:00+00:00,Mock tweet 6003,-0.4588309761253151
2026-05-27 13:14:00+00:00,Mock tweet 6004,0.09391508446714036
2026-05-27 13:15:00+00:00,Mock tweet 6005,0.634546564176953
2026-05-27 13:19:00+00:00,Mock tweet 6006,-0.8224485376786286
2026-05-27 13:21:00+00:00,Mock tweet 6007,0.8576715461629019
2026-05-27 13:21:00+00:00,Mock tweet 6008,-0.657493044735665
2026-05-27 13:22:00+00:00,Mock tweet 6009,0.8507422015541266
2026-05-27 13:26:00+00:00,Mock tweet 6010,-0.279445409718565
2026-05-27 13:27:00+00:00,Mock tweet 6011,-0.8250763236576395
2026-05-27 13:39:00+00:00,Mock tweet 6012,0.2969959062289682
2026-05-27 13:41:00+00:00,Mock tweet 6013,0.7052318548192813
2026-05-27 13:42:00+00:00,Mock tweet 6014,0.41941926667961305
2026-05-27 13:50:00+00:00,Mock tweet 6015,-0.47471789037805534
2026-05-27 13:54:00+00:00,Mock tweet 6016,0.9980654130323614
2026-05-27 13:55:00+00:00,Mock tweet 6017,-0.12104324472108763
2026-05-27 13:56:00+00:00,Mock tweet 6018,-0.23996576317398333
2026-05-27 14:07:00+00:00,Mock tweet 6019,0.30539474495229624
2026-05-27 14:11:00+00:00,Mock tweet 6020,0.7946335011747843
2026-05-27 14:13:00+00:00,Mock tweet 6021,0.162337116003771
2026-05-27 14:14:00+00:00,Mock tweet 6022,0.9134593959286337
2026-05-27 14:20:00+00:00,Mock tweet 6023,-0.21915327052425737
2026-05-27 14:24:00+00:00,Mock tweet 6024,-0.3623929422355501
2026-05-27 14:26:00+00:00,Mock tweet 6025,0.5754173360390278
2026-05-27 14:29:00+00:00,Mock tweet 6026,-0.34124187030199393
2026-05-27 14:42:00+00:00,Mock tweet 6027,0.8733747404717234
2026-05-27 14:43:00+00:00,Mock tweet 6028,0.07626190604669403
2026-05-27 14:49:00+00:00,Mock tweet 6029,0.5377963947018447
2026-05-27 14:50:00+00:00,Mock tweet 6030,0.18337509422349219
2026-05-27 14:50:00+00:00,Mock tweet 6031,-0.6903997997046261
2026-05-27 14:53:00+00:00,Mock tweet 6032,0.4083375617754008
2026-05-27 15:19:00+00:00,Mock tweet 6033,0.7479101248455002
2026-05-27 15:19:00+00:00,Mock tweet 6034,-0.9214687511721604
2026-05-27 15:22:00+00:00,Mock tweet 6035,-0.3613243134964843
2026-05-27 15:26:00+00:00,Mock tweet 6036,-0.5695142166416745
2026-05-27 15:30:00+00:00,Mock tweet 6037,-0.17783646041381562
2026-05-27 15:32:00+00:00,Mock tweet 6038,7.0691147580789595
2026-05-27 15:32:00+00:00,Mock tweet 6039,-0.3612665412582725
2026-05-27 15:33:00+00:00,Mock tweet 6040,-0.5062580338922171
2026-05-27 15:34:00+00:00,Mock tweet 6041,0.23137242893905907
2026-05-27 15:35:00+00:00,Mock tweet 6042,0.6008487859018934
2026-05-27 15:38:00+00:00,Mock tweet 6043,-0.42565166239214314
2026-05-27 15:39:00+00:00,Mock tweet 6044,-0.8442266086703518
2026-05-27 15:41:00+00:00,Mock tweet 6045,0.028731697668125777
2026-05-27 15:42:00+00:00,Mock tweet 6046,-0.08271868152723871
2026-05-27 15:46:00+00:00,Mock tweet 6047,-0.9211542168959763
2026-05-27 15:54:00+00:00,Mock tweet 6048,-0.18139278815743065
2026-05-27 15:57:00+00:00,Mock tweet 6049,-0.9130502838152317
2026-05-27 16:00:00+00:00,Mock tweet 6050,0.34043576496970385
2026-05-27 16:07:00+00:00,Mock tweet 6051,0.9100554142273352
2026-05-27 16:07:00+00:00,Mock tweet 6052,0.3315178760309525
2026-05-27 16:07:00+00:00,Mock tweet 6053,-0.6432223464301612
2026-05-27 16:19:00+00:00,Mock tweet 6054,0.9922970479558024
2026-05-27 16:19:00+00:00,Mock tweet 6055,0.9822558768199352
2026-05-27 16:24:00+00:00,Mock tweet 6056,0.5637210704299334
2026-05-27 16:29:00+00:00,Mock tweet 6057,0.5082721016389515
2026-05-27 16:30:00+00:00,Mock tweet 6058,0.23221189570998568
2026-05-27 16:30:00+00:00,Mock tweet 6059,-0.8043860439755228
2026-05-27 16:49:00+00:00,Mock tweet 6060,-0.011290458365393663
2026-05-27 16:51:00+00:00,Mock tweet 6061,-0.10576338242507166
2026-05-27 17:04:00+00:00,Mock tweet 6062,-0.2431404134022337
2026-05-27 17:07:00+00:00,Mock tweet 6063,0.6898730346906246
2026-05-27 17:09:00+00:00,Mock tweet 6064,-0.16557465182009112
2026-05-27 17:11:00+00:00,Mock tweet 6065,0.40541556272428725
2026-05-27 17:13:00+00:00,Mock tweet 6066,-0.2354879127046683
2026-05-27 17:14:00+00:00,Mock tweet 6067,-0.23329257029565253
2026-05-27 17:19:00+00:00,Mock tweet 6068,0.5396146222661304
2026-05-27 17:23:00+00:00,Mock tweet 6069,0.8499103858222414
2026-05-27 17:27:00+00:00,Mock tweet 6070,0.46207008398384275
2026-05-27 17:29:00+00:00,Mock tweet 6071,-0.8404375056142548
2026-05-27 17:29:00+00:00,Mock tweet 6072,0.30507188800973983
2026-05-27 17:33:00+00:00,Mock tweet 6073,0.32197682490296553
2026-05-27 17:37:00+00:00,Mock tweet 6074,-0.8254506943276108
2026-05-27 17:43:00+00:00,Mock tweet 6075,-0.05521208117791221
2026-05-27 17:45:00+00:00,Mock tweet 6076,-0.5275447297644855
2026-05-27 17:50:00+00:00,Mock tweet 6077,-0.382349346119248
2026-05-27 17:52:00+00:00,Mock tweet 6078,-0.9552208573431626
2026-05-27 17:57:00+00:00,Mock tweet 6079,-0.2300928578625645
2026-05-27 18:04:00+00:00,Mock tweet 6080,0.04868517654912252
2026-05-27 18:08:00+00:00,Mock tweet 6081,0.7582096540003291
2026-05-27 18:12:00+00:00,Mock tweet 6082,-0.8278391154514595
2026-05-27 18:18:00+00:00,Mock tweet 6083,0.2879738282415172
2026-05-27 18:24:00+00:00,Mock tweet 6084,-0.06893412993759895
2026-05-27 18:24:00+00:00,Mock tweet 6085,0.019789785350897704
2026-05-27 18:24:00+00:00,Mock tweet 6086,0.2090748389007091
2026-05-27 18:29:00+00:00,Mock tweet 6087,0.6763214485235736
2026-05-27 18:34:00+00:00,Mock tweet 6088,0.4741899644996068
2026-05-27 18:36:00+00:00,Mock tweet 6089,0.8117568237552684
2026-05-27 18:37:00+00:00,Mock tweet 6090,-0.7360339464449959
2026-05-27 18:39:00+00:00,Mock tweet 6091,0.021358817223031457
2026-05-27 18:39:00+00:00,Mock tweet 6092,-0.1392496985376419
2026-05-27 18:41:00+00:00,Mock tweet 6093,-0.18958366383913594
2026-05-27 18:41:00+00:00,Mock tweet 6094,0.6925758988250892
2026-05-27 18:44:00+00:00,Mock tweet 6095,0.16637504955143734
2026-05-27 18:44:00+00:00,Mock tweet 6096,0.16529054183922431
2026-05-27 18:48:00+00:00,Mock tweet 6097,0.3447684111180176
2026-05-27 18:48:00+00:00,Mock tweet 6098,0.1567407242814638
2026-05-27 18:55:00+00:00,Mock tweet 6099,0.2615221763466049
2026-05-27 19:01:00+00:00,Mock tweet 6100,-0.5492638904339189
2026-05-27 19:02:00+00:00,Mock tweet 6101,-0.560739572986702
2026-05-27 19:05:00+00:00,Mock tweet 6102,-0.8439593478165783
2026-05-27 19:14:00+00:00,Mock tweet 6103,-0.4134300210265005
2026-05-27 19:21:00+00:00,Mock tweet 6104,0.5734384879576757
2026-05-27 19:22:00+00:00,Mock tweet 6105,0.2272246629727508
2026-05-27 19:29:00+00:00,Mock tweet 6106,-0.7567261712357829
2026-05-27 19:34:00+00:00,Mock tweet 6107,-0.49240707048972143
2026-05-27 19:46:00+00:00,Mock tweet 6108,-0.23009276727466155
2026-05-27 19:49:00+00:00,Mock tweet 6109,-0.7079769318940978
2026-05-27 19:53:00+00:00,Mock tweet 6110,0.14536150768063316
2026-05-27 19:55:00+00:00,Mock tweet 6111,-0.8464067584480512
2026-05-27 19:57:00+00:00,Mock tweet 6112,0.8882517364909015
2026-05-27 20:05:00+00:00,Mock tweet 6113,0.5533853262307948
2026-05-27 20:06:00+00:00,Mock tweet 6114,-0.8658182583745497
2026-05-27 20:07:00+00:00,Mock tweet 6115,0.06925816075469293
2026-05-27 20:16:00+00:00,Mock tweet 6116,0.3412192349701766
2026-05-27 20:19:00+00:00,Mock tweet 6117,-0.7771407029845359
2026-05-27 20:20:00+00:00,Mock tweet 6118,-0.9964327639191504
2026-05-27 20:21:00+00:00,Mock tweet 6119,-0.5368374647998841
2026-05-27 20:32:00+00:00,Mock tweet 6120,-0.016313457966417477
2026-05-27 20:47:00+00:00,Mock tweet 6121,0.41479633429488927
2026-05-27 20:53:00+00:00,Mock tweet 6122,-0.311769691047741
2026-05-27 21:02:00+00:00,Mock tweet 6123,0.40395757376038244
2026-05-27 21:06:00+00:00,Mock tweet 6124,-0.4880459624338416
2026-05-27 21:08:00+00:00,Mock tweet 6125,0.9122852499505505
2026-05-27 21:09:00+00:00,Mock tweet 6126,0.7564116782874788
2026-05-27 21:09:00+00:00,Mock tweet 6127,-0.5118701308474767
2026-05-27 21:10:00+00:00,Mock tweet 6128,0.09039110520348204
2026-05-27 21:15:00+00:00,Mock tweet 6129,0.4346153136263067
2026-05-27 21:18:00+00:00,Mock tweet 6130,0.8252178039341436
2026-05-27 21:21:00+00:00,Mock tweet 6131,-0.6279672746566372
2026-05-27 21:24:00+00:00,Mock tweet 6132,-0.028219852823310188
2026-05-27 21:24:00+00:00,Mock tweet 6133,0.7163873391100148
2026-05-27 21:27:00+00:00,Mock tweet 6134,0.9551516494654511
2026-05-27 21:29:00+00:00,Mock tweet 6135,-0.8144460627986116
2026-05-27 21:36:00+00:00,Mock tweet 6136,0.5704680130466993
2026-05-27 21:40:00+00:00,Mock tweet 6137,-0.6303963312763681
2026-05-27 21:43:00+00:00,Mock tweet 6138,0.347721329464159
2026-05-27 22:04:00+00:00,Mock tweet 6139,-0.10798390313118178
2026-05-27 22:05:00+00:00,Mock tweet 6140,-0.3389610023437126
2026-05-27 22:16:00+00:00,Mock tweet 6141,-0.28357347549316647
2026-05-27 22:18:00+00:00,Mock tweet 6142,0.9970557932810498
2026-05-27 22:22:00+00:00,Mock tweet 6143,-0.7254465546633257
2026-05-27 22:24:00+00:00,Mock tweet 6144,0.42852213198926825
2026-05-27 22:27:00+00:00,Mock tweet 6145,0.04403347523774204
2026-05-27 22:33:00+00:00,Mock tweet 6146,0.7237070518108764
2026-05-27 22:35:00+00:00,Mock tweet 6147,0.5830870995746307
2026-05-27 22:37:00+00:00,Mock tweet 6148,-0.3863028087959255
2026-05-27 22:39:00+00:00,Mock tweet 6149,0.7824621666212417
2026-05-27 22:54:00+00:00,Mock tweet 6150,-0.0473133066006759
2026-05-27 22:57:00+00:00,Mock tweet 6151,-0.002717914432680102
2026-05-27 23:04:00+00:00,Mock tweet 6152,-0.29359686391076245
2026-05-27 23:07:00+00:00,Mock tweet 6153,-0.9552180651867337
2026-05-27 23:09:00+00:00,Mock tweet 6154,-0.8008793213368122
2026-05-27 23:09:00+00:00,Mock tweet 6155,-0.3484451874693124
2026-05-27 23:13:00+00:00,Mock tweet 6156,0.41746024553588645
2026-05-27 23:15:00+00:00,Mock tweet 6157,-0.7390802914442336
2026-05-27 23:18:00+00:00,Mock tweet 6158,0.17333343778844634
2026-05-27 23:27:00+00:00,Mock tweet 6159,0.48730892705085194
2026-05-27 23:28:00+00:00,Mock tweet 6160,0.7220475525028254
2026-05-27 23:44:00+00:00,Mock tweet 6161,0.19781135385915238
2026-05-27 23:46:00+00:00,Mock tweet 6162,0.5365618464819661
2026-05-27 23:51:00+00:00,Mock tweet 6163,-0.7190829996238666
2026-05-27 23:56:00+00:00,Mock tweet 6164,0.9502039777095068
2026-05-28 00:16:00+00:00,Mock tweet 6165,0.08811637629198876
2026-05-28 00:19:00+00:00,Mock tweet 6166,0.515450356155611
2026-05-28 00:20:00+00:00,Mock tweet 6167,0.29922817388370726
2026-05-28 00:34:00+00:00,Mock tweet 6168,-0.34551647269165287
2026-05-28 00:40:00+00:00,Mock tweet 6169,0.7047754215269184
2026-05-28 00:47:00+00:00,Mock tweet 6170,-0.15914665569461994
2026-05-28 00:52:00+00:00,Mock tweet 6171,0.40044479551116763
2026-05-28 00:54:00+00:00,Mock tweet 6172,0.0685724933596068
2026-05-28 01:00:00+00:00,Mock tweet 6173,-0.9448287535656545
2026-05-28 01:05:00+00:00,Mock tweet 6174,-0.08801168185643937
2026-05-28 01:09:00+00:00,Mock tweet 6175,0.7319983291467571
2026-05-28 01:10:00+00:00,Mock tweet 6176,0.1536721315747358
2026-05-28 01:10:00+00:00,Mock tweet 6177,0.8730034050505626
2026-05-28 01:16:00+00:00,Mock tweet 6178,0.8360251291869161
2026-05-28 01:16:00+00:00,Mock tweet 6179,-0.2368699643744112
2026-05-28 01:37:00+00:00,Mock tweet 6180,0.08136169724078934
2026-05-28 01:48:00+00:00,Mock tweet 6181,-0.6829147276186609
2026-05-28 01:49:00+00:00,Mock tweet 6182,0.5330929909104576
2026-05-28 02:00:00+00:00,Mock tweet 6183,-0.8771032234212068
2026-05-28 02:03:00+00:00,Mock tweet 6184,-0.3114803094894536
2026-05-28 02:09:00+00:00,Mock tweet 6185,0.8623910783711533
2026-05-28 02:12:00+00:00,Mock tweet 6186,9.12700211641908
2026-05-28 02:14:00+00:00,Mock tweet 6187,-0.36762354193706326
2026-05-28 02:14:00+00:00,Mock tweet 6188,-0.3816283432755243
2026-05-28 02:15:00+00:00,Mock tweet 6189,0.15105511249232428
2026-05-28 02:30:00+00:00,Mock tweet 6190,-0.7001907831042973
2026-05-28 02:30:00+00:00,Mock tweet 6191,0.7596555172795576
2026-05-28 02:33:00+00:00,Mock tweet 6192,0.2084912533456078
2026-05-28 02:33:00+00:00,Mock tweet 6193,-0.9281432904936573
2026-05-28 02:39:00+00:00,Mock tweet 6194,0.1526168947789559
2026-05-28 02:39:00+00:00,Mock tweet 6195,-0.8951030079277451
2026-05-28 02:41:00+00:00,Mock tweet 6196,-0.5462130502180766
2026-05-28 03:01:00+00:00,Mock tweet 6197,-0.40820456856560083
2026-05-28 03:02:00+00:00,Mock tweet 6198,-0.6064287988246455
2026-05-28 03:02:00+00:00,Mock tweet 6199,-0.18644253461078386
2026-05-28 03:02:00+00:00,Mock tweet 6200,0.8892226380089523
2026-05-28 03:03:00+00:00,Mock tweet 6201,0.15107814967551159
2026-05-28 03:05:00+00:00,Mock tweet 6202,8.671229070379605
2026-05-28 03:08:00+00:00,Mock tweet 6203,0.8042019042401927
2026-05-28 03:14:00+00:00,Mock tweet 6204,-0.6894117360246292
2026-05-28 03:19:00+00:00,Mock tweet 6205,0.807930560096157
2026-05-28 03:22:00+00:00,Mock tweet 6206,-0.883136097442144
2026-05-28 03:26:00+00:00,Mock tweet 6207,-0.34660201737342633
2026-05-28 03:28:00+00:00,Mock tweet 6208,-0.7365219435932573
2026-05-28 03:38:00+00:00,Mock tweet 6209,-0.5123517314262409
2026-05-28 03:39:00+00:00,Mock tweet 6210,-0.645180738756403
2026-05-28 03:48:00+00:00,Mock tweet 6211,0.24821250855355692
2026-05-28 03:57:00+00:00,Mock tweet 6212,-0.12076585777545468
2026-05-28 03:58:00+00:00,Mock tweet 6213,-0.20848799764002068
2026-05-28 04:01:00+00:00,Mock tweet 6214,0.34183521921171445
2026-05-28 04:03:00+00:00,Mock tweet 6215,0.0815766019096753
2026-05-28 04:12:00+00:00,Mock tweet 6216,-0.22526117272640156
2026-05-28 04:13:00+00:00,Mock tweet 6217,-0.3366463837464535
2026-05-28 04:18:00+00:00,Mock tweet 6218,0.22569736626972148
2026-05-28 04:20:00+00:00,Mock tweet 6219,0.49994506540477235
2026-05-28 04:25:00+00:00,Mock tweet 6220,-0.7790890193860927
2026-05-28 04:35:00+00:00,Mock tweet 6221,0.02376942806069393
2026-05-28 04:36:00+00:00,Mock tweet 6222,-0.28113610345232476
2026-05-28 04:41:00+00:00,Mock tweet 6223,-0.5264020146858366
2026-05-28 04:43:00+00:00,Mock tweet 6224,-0.3573924746153576
2026-05-28 04:45:00+00:00,Mock tweet 6225,0.2018822796969284
2026-05-28 04:49:00+00:00,Mock tweet 6226,-0.06392744034049636
2026-05-28 04:54:00+00:00,Mock tweet 6227,-0.6147426289081597
2026-05-28 05:02:00+00:00,Mock tweet 6228,-0.7669885129864213
2026-05-28 05:04:00+00:00,Mock tweet 6229,-0.3328147870169582
2026-05-28 05:04:00+00:00,Mock tweet 6230,0.5358686928546754
2026-05-28 05:19:00+00:00,Mock tweet 6231,0.7899803275626718
2026-05-28 05:25:00+00:00,Mock tweet 6232,0.21925890251735347
2026-05-28 05:26:00+00:00,Mock tweet 6233,-0.9689877915935421
2026-05-28 05:31:00+00:00,Mock tweet 6234,-0.37164716176204426
2026-05-28 05:34:00+00:00,Mock tweet 6235,-0.17007348897497354
2026-05-28 05:38:00+00:00,Mock tweet 6236,-0.31492563354624337
2026-05-28 05:39:00+00:00,Mock tweet 6237,-0.6980281510654733
2026-05-28 05:39:00+00:00,Mock tweet 6238,0.12094188062920086
2026-05-28 05:45:00+00:00,Mock tweet 6239,-0.07329013482655178
2026-05-28 05:58:00+00:00,Mock tweet 6240,0.8744005544205882
2026-05-28 06:02:00+00:00,Mock tweet 6241,-0.18961882914085404
2026-05-28 06:04:00+00:00,Mock tweet 6242,0.7828701620895344
2026-05-28 06:05:00+00:00,Mock tweet 6243,-0.19040231556374576
2026-05-28 06:08:00+00:00,Mock tweet 6244,0.3107428767829581
2026-05-28 06:10:00+00:00,Mock tweet 6245,-0.8781599409507725
2026-05-28 06:10:00+00:00,Mock tweet 6246,-0.5783117169955119
2026-05-28 06:14:00+00:00,Mock tweet 6247,0.14148639473647018
2026-05-28 06:27:00+00:00,Mock tweet 6248,-0.07103180180366286
2026-05-28 06:29:00+00:00,Mock tweet 6249,-0.05692481327374477
2026-05-28 06:32:00+00:00,Mock tweet 6250,0.45351351320020616
2026-05-28 06:32:00+00:00,Mock tweet 6251,0.013778220709252276
2026-05-28 06:38:00+00:00,Mock tweet 6252,0.24713454853521033
2026-05-28 06:39:00+00:00,Mock tweet 6253,0.01847843244079006
2026-05-28 06:53:00+00:00,Mock tweet 6254,-0.3812818539597127
2026-05-28 07:01:00+00:00,Mock tweet 6255,-0.29096069377862954
2026-05-28 07:05:00+00:00,Mock tweet 6256,-0.6574409288057343
2026-05-28 07:07:00+00:00,Mock tweet 6257,0.6343695236755789
2026-05-28 07:11:00+00:00,Mock tweet 6258,-0.8550532564732558
2026-05-28 07:16:00+00:00,Mock tweet 6259,0.2924325369338605
2026-05-28 07:20:00+00:00,Mock tweet 6260,-0.023490972059940107
2026-05-28 07:22:00+00:00,Mock tweet 6261,-0.09872066613010388
2026-05-28 07:26:00+00:00,Mock tweet 6262,-0.055190565479912745
2026-05-28 07:42:00+00:00,Mock tweet 6263,-0.21401750461384417
2026-05-28 07:49:00+00:00,Mock tweet 6264,-0.5187342644516957
2026-05-28 07:54:00+00:00,Mock tweet 6265,0.28634894613044914
2026-05-28 07:55:00+00:00,Mock tweet 6266,0.11028602555349343
2026-05-28 08:01:00+00:00,Mock tweet 6267,0.14885862162463392
2026-05-28 08:05:00+00:00,Mock tweet 6268,-0.3640018510247087
2026-05-28 08:10:00+00:00,Mock tweet 6269,0.3836996742104877
2026-05-28 08:17:00+00:00,Mock tweet 6270,-0.1481846812071108
2026-05-28 08:23:00+00:00,Mock tweet 6271,-0.7983389568314123
2026-05-28 08:26:00+00:00,Mock tweet 6272,-0.8468165720215322
2026-05-28 08:28:00+00:00,Mock tweet 6273,-0.004402914770632593
2026-05-28 08:32:00+00:00,Mock tweet 6274,-0.9496958252949588
2026-05-28 08:35:00+00:00,Mock tweet 6275,0.7440756306347567
2026-05-28 08:45:00+00:00,Mock tweet 6276,0.6595808421997891
2026-05-28 08:47:00+00:00,Mock tweet 6277,0.20914997841112482
2026-05-28 08:48:00+00:00,Mock tweet 6278,0.08373060049355785
2026-05-28 08:52:00+00:00,Mock tweet 6279,0.17864225552601387
2026-05-28 08:54:00+00:00,Mock tweet 6280,-0.36975553683721163
2026-05-28 08:56:00+00:00,Mock tweet 6281,-0.3321995422809092
2026-05-28 09:00:00+00:00,Mock tweet 6282,-0.5772203907606144
2026-05-28 09:03:00+00:00,Mock tweet 6283,0.5887009509334191
2026-05-28 09:10:00+00:00,Mock tweet 6284,-0.42940415392837417
2026-05-28 09:18:00+00:00,Mock tweet 6285,-0.10069062722647204
2026-05-28 09:20:00+00:00,Mock tweet 6286,-0.9902458765756392
2026-05-28 09:21:00+00:00,Mock tweet 6287,-0.6077109518982469
2026-05-28 09:31:00+00:00,Mock tweet 6288,-0.36340365095571925
2026-05-28 09:33:00+00:00,Mock tweet 6289,-0.45034370924507416
2026-05-28 09:45:00+00:00,Mock tweet 6290,0.6059963794992229
2026-05-28 09:50:00+00:00,Mock tweet 6291,0.4795954998187977
2026-05-28 09:50:00+00:00,Mock tweet 6292,0.6547407192244004
2026-05-28 09:53:00+00:00,Mock tweet 6293,0.07859607396264323
2026-05-28 09:56:00+00:00,Mock tweet 6294,0.7347516173291837
2026-05-28 09:58:00+00:00,Mock tweet 6295,0.7359978743696178
2026-05-28 09:59:00+00:00,Mock tweet 6296,0.4252452060172618
2026-05-28 10:01:00+00:00,Mock tweet 6297,0.903732769694362
2026-05-28 10:10:00+00:00,Mock tweet 6298,0.9580966902267827
2026-05-28 10:12:00+00:00,Mock tweet 6299,0.28340810734452804
2026-05-28 10:21:00+00:00,Mock tweet 6300,-0.16450317774619116
2026-05-28 10:32:00+00:00,Mock tweet 6301,0.7091359233159997
2026-05-28 10:36:00+00:00,Mock tweet 6302,0.5964309051091776
2026-05-28 10:37:00+00:00,Mock tweet 6303,-0.5557017513227287
2026-05-28 10:39:00+00:00,Mock tweet 6304,-0.8595289495375145
2026-05-28 10:40:00+00:00,Mock tweet 6305,0.30621968967559954
2026-05-28 10:41:00+00:00,Mock tweet 6306,-0.5533309899906456
2026-05-28 10:48:00+00:00,Mock tweet 6307,-0.1043870226402821
2026-05-28 10:48:00+00:00,Mock tweet 6308,-0.45248777934370144
2026-05-28 10:49:00+00:00,Mock tweet 6309,0.8162295573314826
2026-05-28 10:49:00+00:00,Mock tweet 6310,-0.42732021362592665
2026-05-28 10:49:00+00:00,Mock tweet 6311,0.4102567449478125
2026-05-28 10:54:00+00:00,Mock tweet 6312,0.5831606159193559
2026-05-28 10:55:00+00:00,Mock tweet 6313,0.968296544368151
2026-05-28 10:58:00+00:00,Mock tweet 6314,0.8498600992319267
2026-05-28 11:03:00+00:00,Mock tweet 6315,-0.2461396501318185
2026-05-28 11:05:00+00:00,Mock tweet 6316,-0.37197756140841576
2026-05-28 11:11:00+00:00,Mock tweet 6317,0.7581626076616259
2026-05-28 11:17:00+00:00,Mock tweet 6318,-0.9534252529063096
2026-05-28 11:20:00+00:00,Mock tweet 6319,0.8832095053223776
2026-05-28 11:21:00+00:00,Mock tweet 6320,-0.8612440451587835
2026-05-28 11:23:00+00:00,Mock tweet 6321,0.17595065540436683
2026-05-28 11:28:00+00:00,Mock tweet 6322,-0.37897521715125304
2026-05-28 11:38:00+00:00,Mock tweet 6323,0.5969920065924359
2026-05-28 11:55:00+00:00,Mock tweet 6324,0.749365915132449
2026-05-28 11:57:00+00:00,Mock tweet 6325,-0.1985341725070784
2026-05-28 12:00:00+00:00,Mock tweet 6326,-0.37447104905235973
2026-05-28 12:02:00+00:00,Mock tweet 6327,-0.17267040938445266
2026-05-28 12:03:00+00:00,Mock tweet 6328,0.05075155510905294
2026-05-28 12:04:00+00:00,Mock tweet 6329,0.8781266316615535
2026-05-28 12:12:00+00:00,Mock tweet 6330,9.456358346651394
2026-05-28 12:13:00+00:00,Mock tweet 6331,-0.9214919521358942
2026-05-28 12:14:00+00:00,Mock tweet 6332,-0.47604832995470536
2026-05-28 12:33:00+00:00,Mock tweet 6333,-0.19872217571410333
2026-05-28 12:40:00+00:00,Mock tweet 6334,-0.40537995044750463
2026-05-28 12:42:00+00:00,Mock tweet 6335,-0.9329079715681907
2026-05-28 12:43:00+00:00,Mock tweet 6336,-0.4001868549029566
2026-05-28 12:43:00+00:00,Mock tweet 6337,0.09576407133226894
2026-05-28 12:45:00+00:00,Mock tweet 6338,0.1073747418798856
2026-05-28 12:46:00+00:00,Mock tweet 6339,-0.2093682938678063
2026-05-28 12:50:00+00:00,Mock tweet 6340,-0.050858817191670846
2026-05-28 12:52:00+00:00,Mock tweet 6341,-0.05299359712586216
2026-05-28 12:52:00+00:00,Mock tweet 6342,-0.21707105956450556
2026-05-28 12:53:00+00:00,Mock tweet 6343,-0.030021972034913524
2026-05-28 13:00:00+00:00,Mock tweet 6344,-0.06494938048547838
2026-05-28 13:02:00+00:00,Mock tweet 6345,0.12985986249137205
2026-05-28 13:16:00+00:00,Mock tweet 6346,0.2725252427591409
2026-05-28 13:25:00+00:00,Mock tweet 6347,0.8351991208641316
2026-05-28 13:25:00+00:00,Mock tweet 6348,0.602594313412272
2026-05-28 13:32:00+00:00,Mock tweet 6349,-0.3365119363846829
2026-05-28 13:33:00+00:00,Mock tweet 6350,-0.6292626746315146
2026-05-28 13:35:00+00:00,Mock tweet 6351,0.4413377501822031
2026-05-28 13:38:00+00:00,Mock tweet 6352,-0.3984430835546895
2026-05-28 13:38:00+00:00,Mock tweet 6353,-0.19263637686760426
2026-05-28 13:39:00+00:00,Mock tweet 6354,0.7387266851225851
2026-05-28 13:42:00+00:00,Mock tweet 6355,0.26642271157592434
2026-05-28 13:44:00+00:00,Mock tweet 6356,0.099913968834767
2026-05-28 13:49:00+00:00,Mock tweet 6357,0.478612480130308
2026-05-28 13:54:00+00:00,Mock tweet 6358,0.6465488473512189
2026-05-28 13:55:00+00:00,Mock tweet 6359,-0.03220810067392832
2026-05-28 14:00:00+00:00,Mock tweet 6360,-0.4093988634885799
2026-05-28 14:13:00+00:00,Mock tweet 6361,-0.48381776228752926
2026-05-28 14:16:00+00:00,Mock tweet 6362,0.5172524347665961
2026-05-28 14:25:00+00:00,Mock tweet 6363,-0.2230716958209249
2026-05-28 14:26:00+00:00,Mock tweet 6364,0.07292733130818818
2026-05-28 14:29:00+00:00,Mock tweet 6365,0.04588602913022122
2026-05-28 14:30:00+00:00,Mock tweet 6366,-0.991733501284666
2026-05-28 14:32:00+00:00,Mock tweet 6367,-0.2989707071754939
2026-05-28 14:34:00+00:00,Mock tweet 6368,-0.3543572102010244
2026-05-28 14:38:00+00:00,Mock tweet 6369,-0.1220943232797751
2026-05-28 14:54:00+00:00,Mock tweet 6370,-0.8989123167305251
2026-05-28 15:00:00+00:00,Mock tweet 6371,0.8935196736883557
2026-05-28 15:04:00+00:00,Mock tweet 6372,-0.3723125348218408
2026-05-28 15:04:00+00:00,Mock tweet 6373,-0.2231499103969854
2026-05-28 15:04:00+00:00,Mock tweet 6374,0.416483087617292
2026-05-28 15:07:00+00:00,Mock tweet 6375,0.6595043806994834
2026-05-28 15:10:00+00:00,Mock tweet 6376,0.47999098615917823
2026-05-28 15:15:00+00:00,Mock tweet 6377,0.4582360545498281
2026-05-28 15:17:00+00:00,Mock tweet 6378,0.49120957561596756
2026-05-28 15:28:00+00:00,Mock tweet 6379,-0.9558725391420397
2026-05-28 15:30:00+00:00,Mock tweet 6380,-0.6936515843842186
2026-05-28 15:31:00+00:00,Mock tweet 6381,0.5231076032359672
2026-05-28 15:37:00+00:00,Mock tweet 6382,0.856251565071646
2026-05-28 15:40:00+00:00,Mock tweet 6383,0.9234920887403286
2026-05-28 15:40:00+00:00,Mock tweet 6384,0.4754740945866087
2026-05-28 15:42:00+00:00,Mock tweet 6385,-0.19778508700174502
2026-05-28 15:58:00+00:00,Mock tweet 6386,0.5565406408108378
2026-05-28 15:59:00+00:00,Mock tweet 6387,0.9669023408797852
2026-05-28 16:03:00+00:00,Mock tweet 6388,-0.08360434959405949
2026-05-28 16:04:00+00:00,Mock tweet 6389,-0.4721651936404476
2026-05-28 16:18:00+00:00,Mock tweet 6390,6.210090930128798
2026-05-28 16:31:00+00:00,Mock tweet 6391,-0.2153939867140664
2026-05-28 16:41:00+00:00,Mock tweet 6392,0.7199842083165098
2026-05-28 16:42:00+00:00,Mock tweet 6393,0.06148401238988965
2026-05-28 16:46:00+00:00,Mock tweet 6394,-0.02449394566687224
2026-05-28 16:48:00+00:00,Mock tweet 6395,0.9752305807659174
2026-05-28 16:54:00+00:00,Mock tweet 6396,0.13788270472092434
2026-05-28 17:06:00+00:00,Mock tweet 6397,0.9970741823808196
2026-05-28 17:09:00+00:00,Mock tweet 6398,0.376584517186241
2026-05-28 17:12:00+00:00,Mock tweet 6399,-0.5304778489947994
2026-05-28 17:15:00+00:00,Mock tweet 6400,0.4319837565346223
2026-05-28 17:25:00+00:00,Mock tweet 6401,0.39225787156406033
2026-05-28 17:27:00+00:00,Mock tweet 6402,0.4378277087499012
2026-05-28 17:28:00+00:00,Mock tweet 6403,-0.9198218760091719
2026-05-28 17:28:00+00:00,Mock tweet 6404,0.5222310741728087
2026-05-28 17:30:00+00:00,Mock tweet 6405,-0.8803679223415231
2026-05-28 17:40:00+00:00,Mock tweet 6406,-0.00827347824574276
2026-05-28 17:42:00+00:00,Mock tweet 6407,0.1720317779931133
2026-05-28 17:42:00+00:00,Mock tweet 6408,-0.9593662349378596
2026-05-28 17:45:00+00:00,Mock tweet 6409,0.9692382720472592
2026-05-28 17:45:00+00:00,Mock tweet 6410,-0.08183229584296048
2026-05-28 17:47:00+00:00,Mock tweet 6411,0.05198651232008711
2026-05-28 17:50:00+00:00,Mock tweet 6412,-0.5063741359706986
2026-05-28 17:52:00+00:00,Mock tweet 6413,0.06428183388751774
2026-05-28 17:52:00+00:00,Mock tweet 6414,0.2630812241825198
2026-05-28 17:56:00+00:00,Mock tweet 6415,-0.6039595262943187
2026-05-28 18:16:00+00:00,Mock tweet 6416,-0.9510975138788809
2026-05-28 18:19:00+00:00,Mock tweet 6417,0.5070635082153478
2026-05-28 18:35:00+00:00,Mock tweet 6418,-0.8025575838845689
2026-05-28 18:35:00+00:00,Mock tweet 6419,-0.5335138693372277
2026-05-28 18:52:00+00:00,Mock tweet 6420,0.516620222862711
2026-05-28 18:59:00+00:00,Mock tweet 6421,0.4258310315681937
2026-05-28 19:23:00+00:00,Mock tweet 6422,-0.6958216995422395
2026-05-28 19:24:00+00:00,Mock tweet 6423,-0.6977870657740315
2026-05-28 19:26:00+00:00,Mock tweet 6424,-0.3064823670175869
2026-05-28 19:26:00+00:00,Mock tweet 6425,-0.40134835807264424
2026-05-28 19:33:00+00:00,Mock tweet 6426,0.3189365013374301
2026-05-28 19:33:00+00:00,Mock tweet 6427,0.40340151049400874
2026-05-28 19:37:00+00:00,Mock tweet 6428,-0.8119262915067604
2026-05-28 19:45:00+00:00,Mock tweet 6429,0.5624758024184133
2026-05-28 19:47:00+00:00,Mock tweet 6430,0.5971602358197083
2026-05-28 19:48:00+00:00,Mock tweet 6431,0.7948814034729867
2026-05-28 19:52:00+00:00,Mock tweet 6432,0.24412000469809114
2026-05-28 19:54:00+00:00,Mock tweet 6433,-0.27763060956885677
2026-05-28 19:58:00+00:00,Mock tweet 6434,0.393060044383287
2026-05-28 20:05:00+00:00,Mock tweet 6435,0.17040215214344823
2026-05-28 20:06:00+00:00,Mock tweet 6436,-0.014803514510312699
2026-05-28 20:16:00+00:00,Mock tweet 6437,-0.9931623387024817
2026-05-28 20:18:00+00:00,Mock tweet 6438,7.172512139731687
2026-05-28 20:20:00+00:00,Mock tweet 6439,-0.40746048583356353
2026-05-28 20:23:00+00:00,Mock tweet 6440,0.573168038640776
2026-05-28 20:25:00+00:00,Mock tweet 6441,0.4859407941063085
2026-05-28 20:26:00+00:00,Mock tweet 6442,0.4216348439526192
2026-05-28 20:28:00+00:00,Mock tweet 6443,-0.1976169478428882
2026-05-28 20:47:00+00:00,Mock tweet 6444,-0.5255166648598595
2026-05-28 20:53:00+00:00,Mock tweet 6445,0.752355077025417
2026-05-28 21:16:00+00:00,Mock tweet 6446,0.009036560651270564
2026-05-28 21:18:00+00:00,Mock tweet 6447,-0.15281182868603693
2026-05-28 21:19:00+00:00,Mock tweet 6448,0.5426667923197079
2026-05-28 21:31:00+00:00,Mock tweet 6449,0.5649433358754314
2026-05-28 21:38:00+00:00,Mock tweet 6450,0.7098556538131353
2026-05-28 21:50:00+00:00,Mock tweet 6451,0.4270737471138004
2026-05-28 21:51:00+00:00,Mock tweet 6452,-0.19519605010663232
2026-05-28 21:51:00+00:00,Mock tweet 6453,-0.8533024386047334
2026-05-28 21:57:00+00:00,Mock tweet 6454,-0.7533374925730054
2026-05-28 21:57:00+00:00,Mock tweet 6455,0.7750801298538239
2026-05-28 22:01:00+00:00,Mock tweet 6456,-0.6480668513869181
2026-05-28 22:09:00+00:00,Mock tweet 6457,0.9458984727009017
2026-05-28 22:09:00+00:00,Mock tweet 6458,-0.6011181965079737
2026-05-28 22:12:00+00:00,Mock tweet 6459,-0.20501794865845335
2026-05-28 22:13:00+00:00,Mock tweet 6460,0.23462423774586205
2026-05-28 22:15:00+00:00,Mock tweet 6461,0.12444941000883802
2026-05-28 22:17:00+00:00,Mock tweet 6462,0.6503414991593282
2026-05-28 22:17:00+00:00,Mock tweet 6463,0.34691712647848294
2026-05-28 22:27:00+00:00,Mock tweet 6464,-0.1779575899603949
2026-05-28 22:29:00+00:00,Mock tweet 6465,-0.8020837139374464
2026-05-28 22:33:00+00:00,Mock tweet 6466,0.5751618141780219
2026-05-28 22:38:00+00:00,Mock tweet 6467,0.7883544180593356
2026-05-28 22:56:00+00:00,Mock tweet 6468,-0.8329700134744598
2026-05-28 22:58:00+00:00,Mock tweet 6469,-0.7175625693719956
2026-05-28 23:05:00+00:00,Mock tweet 6470,-0.5207690306594435
2026-05-28 23:07:00+00:00,Mock tweet 6471,0.23277468643867105
2026-05-28 23:12:00+00:00,Mock tweet 6472,0.6944930818290751
2026-05-28 23:16:00+00:00,Mock tweet 6473,-0.6572858782612336
2026-05-28 23:18:00+00:00,Mock tweet 6474,0.6224686807196949
2026-05-28 23:20:00+00:00,Mock tweet 6475,-0.5746279807143626
2026-05-28 23:22:00+00:00,Mock tweet 6476,-0.6278496390097168
2026-05-28 23:25:00+00:00,Mock tweet 6477,0.8524443028460005
2026-05-28 23:26:00+00:00,Mock tweet 6478,-0.6585623584294253
2026-05-28 23:29:00+00:00,Mock tweet 6479,-0.23882730470077207
2026-05-28 23:31:00+00:00,Mock tweet 6480,-0.2650611476055329
2026-05-28 23:35:00+00:00,Mock tweet 6481,-0.20793702306227124
2026-05-28 23:35:00+00:00,Mock tweet 6482,-0.4697248420196025
2026-05-28 23:38:00+00:00,Mock tweet 6483,-0.26942058344106634
2026-05-28 23:41:00+00:00,Mock tweet 6484,0.1323440946284511
2026-05-28 23:46:00+00:00,Mock tweet 6485,-0.22836854460600065
2026-05-28 23:53:00+00:00,Mock tweet 6486,-0.5904597236707902
2026-05-28 23:59:00+00:00,Mock tweet 6487,-0.005842697306183364
2026-05-29 00:01:00+00:00,Mock tweet 6488,-0.9694983395954369
2026-05-29 00:02:00+00:00,Mock tweet 6489,-0.5721463808041096
2026-05-29 00:05:00+00:00,Mock tweet 6490,-0.2557709350445907
2026-05-29 00:06:00+00:00,Mock tweet 6491,-0.34755476712360034
2026-05-29 00:08:00+00:00,Mock tweet 6492,0.9265394132769562
2026-05-29 00:19:00+00:00,Mock tweet 6493,-0.8046875625880712
2026-05-29 00:32:00+00:00,Mock tweet 6494,0.6386944330540807
2026-05-29 00:35:00+00:00,Mock tweet 6495,-0.9118411263833508
2026-05-29 00:38:00+00:00,Mock tweet 6496,0.688988486943078
2026-05-29 00:46:00+00:00,Mock tweet 6497,-0.5396069472512941
2026-05-29 00:49:00+00:00,Mock tweet 6498,0.36954627690628294
2026-05-29 01:01:00+00:00,Mock tweet 6499,-0.11431662882911287
2026-05-29 01:01:00+00:00,Mock tweet 6500,-0.1848130688811731
2026-05-29 01:07:00+00:00,Mock tweet 6501,0.2759452902535853
2026-05-29 01:11:00+00:00,Mock tweet 6502,0.20312712117536558
2026-05-29 01:15:00+00:00,Mock tweet 6503,-0.6970293605139304
2026-05-29 01:21:00+00:00,Mock tweet 6504,-0.11064776298557089
2026-05-29 01:24:00+00:00,Mock tweet 6505,-0.3019410155399167
2026-05-29 01:25:00+00:00,Mock tweet 6506,0.03539187998290649
2026-05-29 01:25:00+00:00,Mock tweet 6507,-0.274325503244794
2026-05-29 01:36:00+00:00,Mock tweet 6508,0.9600201414696468
2026-05-29 01:37:00+00:00,Mock tweet 6509,-0.7412323371161902
2026-05-29 01:41:00+00:00,Mock tweet 6510,0.6274001609495876
2026-05-29 01:53:00+00:00,Mock tweet 6511,0.5765412728678372
2026-05-29 01:58:00+00:00,Mock tweet 6512,-0.0034675509588555364
2026-05-29 02:02:00+00:00,Mock tweet 6513,0.9663112811691859
2026-05-29 02:03:00+00:00,Mock tweet 6514,5.45203198072424
2026-05-29 02:15:00+00:00,Mock tweet 6515,0.01869171047339724
2026-05-29 02:15:00+00:00,Mock tweet 6516,-0.20821128684173162
2026-05-29 02:20:00+00:00,Mock tweet 6517,-0.46064263841095543
2026-05-29 02:21:00+00:00,Mock tweet 6518,-0.7120505837408877
2026-05-29 02:33:00+00:00,Mock tweet 6519,0.7142086227900051
2026-05-29 02:58:00+00:00,Mock tweet 6520,-0.7898947409703323
2026-05-29 03:04:00+00:00,Mock tweet 6521,0.19297475638538697
2026-05-29 03:04:00+00:00,Mock tweet 6522,0.07578621627779825
2026-05-29 03:23:00+00:00,Mock tweet 6523,-0.5969688733869654
2026-05-29 03:41:00+00:00,Mock tweet 6524,-0.869814695371752
2026-05-29 03:42:00+00:00,Mock tweet 6525,0.6067102207514552
2026-05-29 03:44:00+00:00,Mock tweet 6526,0.6636485490967445
2026-05-29 03:56:00+00:00,Mock tweet 6527,0.050937867864628616
2026-05-29 04:01:00+00:00,Mock tweet 6528,-0.2178166000849635
2026-05-29 04:04:00+00:00,Mock tweet 6529,-0.0030850718539643385
2026-05-29 04:23:00+00:00,Mock tweet 6530,-0.3902016703812865
2026-05-29 04:24:00+00:00,Mock tweet 6531,-0.5688880567357477
2026-05-29 04:27:00+00:00,Mock tweet 6532,0.21799809505396328
2026-05-29 04:30:00+00:00,Mock tweet 6533,-0.3764892380805829
2026-05-29 04:35:00+00:00,Mock tweet 6534,9.010551664576107
2026-05-29 04:37:00+00:00,Mock tweet 6535,0.2708591076011593
2026-05-29 04:41:00+00:00,Mock tweet 6536,-0.32842675606597815
2026-05-29 04:42:00+00:00,Mock tweet 6537,0.7898148743817588
2026-05-29 04:43:00+00:00,Mock tweet 6538,-0.07496950300282701
2026-05-29 04:43:00+00:00,Mock tweet 6539,0.14427560659216287
2026-05-29 04:45:00+00:00,Mock tweet 6540,0.3897123349353524
2026-05-29 04:46:00+00:00,Mock tweet 6541,-0.7431639501111988
2026-05-29 04:53:00+00:00,Mock tweet 6542,-0.5290768369200365
2026-05-29 05:01:00+00:00,Mock tweet 6543,0.7449777793500896
2026-05-29 05:07:00+00:00,Mock tweet 6544,0.43582316943203026
2026-05-29 05:14:00+00:00,Mock tweet 6545,-0.5374043766596712
2026-05-29 05:15:00+00:00,Mock tweet 6546,-0.09773740899780248
2026-05-29 05:18:00+00:00,Mock tweet 6547,0.8046976429083765
2026-05-29 05:30:00+00:00,Mock tweet 6548,-0.9707831945747687
2026-05-29 05:31:00+00:00,Mock tweet 6549,-0.7228315899508433
2026-05-29 05:32:00+00:00,Mock tweet 6550,-0.12437352286471492
2026-05-29 05:32:00+00:00,Mock tweet 6551,-0.5107989779065778
2026-05-29 05:39:00+00:00,Mock tweet 6552,-0.7305174840037205
2026-05-29 05:40:00+00:00,Mock tweet 6553,-0.9734566179132096
2026-05-29 05:42:00+00:00,Mock tweet 6554,-0.13429573744246737
2026-05-29 05:45:00+00:00,Mock tweet 6555,-0.7620319441510741
2026-05-29 05:49:00+00:00,Mock tweet 6556,0.3374830117102734
2026-05-29 05:54:00+00:00,Mock tweet 6557,-0.6008275793671811
2026-05-29 05:58:00+00:00,Mock tweet 6558,0.027314655793191145
2026-05-29 05:58:00+00:00,Mock tweet 6559,-0.09859215443673275
2026-05-29 06:09:00+00:00,Mock tweet 6560,9.690616695117198
2026-05-29 06:10:00+00:00,Mock tweet 6561,0.9540196010748432
2026-05-29 06:26:00+00:00,Mock tweet 6562,-0.38668726025743694
2026-05-29 06:28:00+00:00,Mock tweet 6563,-0.7977056277831933
2026-05-29 06:31:00+00:00,Mock tweet 6564,0.9828250626216128
2026-05-29 06:31:00+00:00,Mock tweet 6565,-0.14512874990186497
2026-05-29 06:36:00+00:00,Mock tweet 6566,-0.7422629176819997
2026-05-29 06:38:00+00:00,Mock tweet 6567,0.5351237303745193
2026-05-29 06:44:00+00:00,Mock tweet 6568,0.6772093421561993
2026-05-29 06:47:00+00:00,Mock tweet 6569,0.12057900570325364
2026-05-29 06:48:00+00:00,Mock tweet 6570,-0.6152514781394911
2026-05-29 06:57:00+00:00,Mock tweet 6571,0.44119846987737876
2026-05-29 06:58:00+00:00,Mock tweet 6572,0.7355682966649144
2026-05-29 07:05:00+00:00,Mock tweet 6573,0.9291973119089969
2026-05-29 07:06:00+00:00,Mock tweet 6574,0.6898188367191271
2026-05-29 07:09:00+00:00,Mock tweet 6575,0.6165919105316369
2026-05-29 07:11:00+00:00,Mock tweet 6576,-0.49792895377765123
2026-05-29 07:14:00+00:00,Mock tweet 6577,0.33466914677346504
2026-05-29 07:14:00+00:00,Mock tweet 6578,-0.6245995011584953
2026-05-29 07:15:00+00:00,Mock tweet 6579,0.4271037947984213
2026-05-29 07:17:00+00:00,Mock tweet 6580,-0.9095837285443178
2026-05-29 07:17:00+00:00,Mock tweet 6581,0.002541073109669778
2026-05-29 07:19:00+00:00,Mock tweet 6582,-0.38112617072389465
2026-05-29 07:20:00+00:00,Mock tweet 6583,-0.7635448853259121
2026-05-29 07:25:00+00:00,Mock tweet 6584,-0.4489043512854827
2026-05-29 07:33:00+00:00,Mock tweet 6585,0.7905047449554281
2026-05-29 07:42:00+00:00,Mock tweet 6586,-0.8910617682771134
2026-05-29 07:49:00+00:00,Mock tweet 6587,0.7588773822072676
2026-05-29 08:13:00+00:00,Mock tweet 6588,0.4951718329497281
2026-05-29 08:16:00+00:00,Mock tweet 6589,-0.4667443763968997
2026-05-29 08:26:00+00:00,Mock tweet 6590,0.4942234497773217
2026-05-29 08:27:00+00:00,Mock tweet 6591,-0.4612021988356636
2026-05-29 08:28:00+00:00,Mock tweet 6592,-0.20339966354336658
2026-05-29 08:32:00+00:00,Mock tweet 6593,-0.6571353069873138
2026-05-29 08:34:00+00:00,Mock tweet 6594,0.4181267699276725
2026-05-29 08:38:00+00:00,Mock tweet 6595,0.035040976715793315
2026-05-29 08:40:00+00:00,Mock tweet 6596,0.33668594392507223
2026-05-29 08:41:00+00:00,Mock tweet 6597,-0.3194088215532318
2026-05-29 08:41:00+00:00,Mock tweet 6598,-0.3978142284318169
2026-05-29 08:41:00+00:00,Mock tweet 6599,-0.16504029151505462
2026-05-29 08:43:00+00:00,Mock tweet 6600,-0.24244205514761985
2026-05-29 08:45:00+00:00,Mock tweet 6601,-0.47228793528409896
2026-05-29 08:46:00+00:00,Mock tweet 6602,0.7652396437649436
2026-05-29 08:54:00+00:00,Mock tweet 6603,-0.17857580909118909
2026-05-29 08:55:00+00:00,Mock tweet 6604,0.5755125151775886
2026-05-29 09:03:00+00:00,Mock tweet 6605,-0.38720882162215897
2026-05-29 09:05:00+00:00,Mock tweet 6606,0.503398142039772
2026-05-29 09:06:00+00:00,Mock tweet 6607,-0.2706435685341291
2026-05-29 09:08:00+00:00,Mock tweet 6608,-0.19541544683207146
2026-05-29 09:15:00+00:00,Mock tweet 6609,0.46060606572902674
2026-05-29 09:15:00+00:00,Mock tweet 6610,0.2975069186535504
2026-05-29 09:32:00+00:00,Mock tweet 6611,-0.17032858821541574
2026-05-29 09:33:00+00:00,Mock tweet 6612,-0.5615771060847798
2026-05-29 09:37:00+00:00,Mock tweet 6613,-0.11345220741302375
2026-05-29 09:39:00+00:00,Mock tweet 6614,0.4501168351491327
2026-05-29 09:47:00+00:00,Mock tweet 6615,-0.8348857794080091
2026-05-29 09:58:00+00:00,Mock tweet 6616,0.16820493225852706
2026-05-29 10:00:00+00:00,Mock tweet 6617,-0.43582320409719855
2026-05-29 10:05:00+00:00,Mock tweet 6618,0.4590922903956973
2026-05-29 10:08:00+00:00,Mock tweet 6619,-0.2469895728656626
2026-05-29 10:11:00+00:00,Mock tweet 6620,-0.7457466761137597
2026-05-29 10:12:00+00:00,Mock tweet 6621,0.3791054712617292
2026-05-29 10:12:00+00:00,Mock tweet 6622,0.2698696010193351
2026-05-29 10:18:00+00:00,Mock tweet 6623,0.4138722504334196
2026-05-29 10:20:00+00:00,Mock tweet 6624,0.34372718993625484
2026-05-29 10:21:00+00:00,Mock tweet 6625,0.6400710395931617
2026-05-29 10:22:00+00:00,Mock tweet 6626,0.26606672838668577
2026-05-29 10:23:00+00:00,Mock tweet 6627,0.8161433422350008
2026-05-29 10:24:00+00:00,Mock tweet 6628,-0.665944737360862
2026-05-29 10:34:00+00:00,Mock tweet 6629,-0.6365811231998089
2026-05-29 10:44:00+00:00,Mock tweet 6630,-0.19803356324886545
2026-05-29 10:49:00+00:00,Mock tweet 6631,0.40078665372095945
2026-05-29 10:51:00+00:00,Mock tweet 6632,0.9175242662861425
2026-05-29 10:52:00+00:00,Mock tweet 6633,-0.20875904645806598
2026-05-29 10:59:00+00:00,Mock tweet 6634,8.499227245519478
2026-05-29 11:06:00+00:00,Mock tweet 6635,0.715536528299165
2026-05-29 11:07:00+00:00,Mock tweet 6636,0.6470102815241692
2026-05-29 11:07:00+00:00,Mock tweet 6637,0.1276805557838565
2026-05-29 11:17:00+00:00,Mock tweet 6638,-0.2486946256501854
2026-05-29 11:25:00+00:00,Mock tweet 6639,0.5659310722038162
2026-05-29 11:29:00+00:00,Mock tweet 6640,0.10073329151234645
2026-05-29 11:33:00+00:00,Mock tweet 6641,0.8733625324197165
2026-05-29 11:36:00+00:00,Mock tweet 6642,0.9366322837031433
2026-05-29 11:37:00+00:00,Mock tweet 6643,0.2925323882242892
2026-05-29 11:42:00+00:00,Mock tweet 6644,0.8985357592111165
2026-05-29 11:42:00+00:00,Mock tweet 6645,-0.7421255738651629
2026-05-29 11:42:00+00:00,Mock tweet 6646,0.6636540819531764
2026-05-29 11:48:00+00:00,Mock tweet 6647,0.5490811060499949
2026-05-29 11:51:00+00:00,Mock tweet 6648,-0.9192725557096202
2026-05-29 11:52:00+00:00,Mock tweet 6649,0.6308660839907678
2026-05-29 11:54:00+00:00,Mock tweet 6650,0.8224757359751578
2026-05-29 11:58:00+00:00,Mock tweet 6651,0.8046853150166107
2026-05-29 12:00:00+00:00,Mock tweet 6652,0.07646420662766173
2026-05-29 12:01:00+00:00,Mock tweet 6653,-0.8580131470950145
2026-05-29 12:02:00+00:00,Mock tweet 6654,0.11170998739364135
2026-05-29 12:03:00+00:00,Mock tweet 6655,-0.8392450574124675
2026-05-29 12:06:00+00:00,Mock tweet 6656,0.3082230387671234
2026-05-29 12:11:00+00:00,Mock tweet 6657,0.5455743822388486
2026-05-29 12:20:00+00:00,Mock tweet 6658,0.889517130796426
2026-05-29 12:21:00+00:00,Mock tweet 6659,0.4244620022817993
2026-05-29 12:21:00+00:00,Mock tweet 6660,0.43533357408632845
2026-05-29 12:26:00+00:00,Mock tweet 6661,0.1447466711536467
2026-05-29 12:28:00+00:00,Mock tweet 6662,0.6390209400124016
2026-05-29 12:30:00+00:00,Mock tweet 6663,-0.028952977414638204
2026-05-29 12:34:00+00:00,Mock tweet 6664,-0.022606025897099258
2026-05-29 12:41:00+00:00,Mock tweet 6665,0.12892279229853698
2026-05-29 12:48:00+00:00,Mock tweet 6666,-0.01872786577163077
2026-05-29 13:19:00+00:00,Mock tweet 6667,0.23105740055705026
2026-05-29 13:22:00+00:00,Mock tweet 6668,0.4091968210301653
2026-05-29 13:23:00+00:00,Mock tweet 6669,-0.7827065560071589
2026-05-29 13:25:00+00:00,Mock tweet 6670,0.9681976157490781
2026-05-29 13:29:00+00:00,Mock tweet 6671,-0.877630114095368
2026-05-29 13:32:00+00:00,Mock tweet 6672,0.21661812277091497
2026-05-29 13:36:00+00:00,Mock tweet 6673,0.4186282104164023
2026-05-29 13:38:00+00:00,Mock tweet 6674,0.9894853641736794
2026-05-29 13:40:00+00:00,Mock tweet 6675,0.39657940639203604
2026-05-29 13:51:00+00:00,Mock tweet 6676,-0.6335276786071995
2026-05-29 13:57:00+00:00,Mock tweet 6677,-0.511282803753216
2026-05-29 14:01:00+00:00,Mock tweet 6678,-0.4436775502685424
2026-05-29 14:05:00+00:00,Mock tweet 6679,-0.24970930369349897
2026-05-29 14:18:00+00:00,Mock tweet 6680,0.674838338642453
2026-05-29 14:20:00+00:00,Mock tweet 6681,-0.06605760197332611
2026-05-29 14:24:00+00:00,Mock tweet 6682,0.7307782602005051
2026-05-29 14:27:00+00:00,Mock tweet 6683,-0.32805642556705306
2026-05-29 14:28:00+00:00,Mock tweet 6684,-0.561100409264726
2026-05-29 14:33:00+00:00,Mock tweet 6685,0.9487264596865241
2026-05-29 14:38:00+00:00,Mock tweet 6686,0.33099137064809514
2026-05-29 14:43:00+00:00,Mock tweet 6687,-0.7953532875418263
2026-05-29 14:52:00+00:00,Mock tweet 6688,0.6952380235825737
2026-05-29 14:56:00+00:00,Mock tweet 6689,0.7143728139555146
2026-05-29 15:03:00+00:00,Mock tweet 6690,0.48111267571910865
2026-05-29 15:17:00+00:00,Mock tweet 6691,-0.10530946984286205
2026-05-29 15:19:00+00:00,Mock tweet 6692,-0.3685707193640151
2026-05-29 15:20:00+00:00,Mock tweet 6693,-0.19732633937193023
2026-05-29 15:23:00+00:00,Mock tweet 6694,0.7234566695444855
2026-05-29 15:23:00+00:00,Mock tweet 6695,-0.341938752935526
2026-05-29 15:27:00+00:00,Mock tweet 6696,0.5969128539159458
2026-05-29 15:31:00+00:00,Mock tweet 6697,-0.7784465207046531
2026-05-29 15:34:00+00:00,Mock tweet 6698,0.7833007374333825
2026-05-29 15:35:00+00:00,Mock tweet 6699,0.578109155128379
2026-05-29 15:35:00+00:00,Mock tweet 6700,-0.08746924335547246
2026-05-29 15:41:00+00:00,Mock tweet 6701,0.9610676096578983
2026-05-29 15:44:00+00:00,Mock tweet 6702,0.3077280792254242
2026-05-29 15:48:00+00:00,Mock tweet 6703,0.7199325407139896
2026-05-29 15:52:00+00:00,Mock tweet 6704,0.06686992565277716
2026-05-29 15:55:00+00:00,Mock tweet 6705,0.14791144860813987
2026-05-29 15:56:00+00:00,Mock tweet 6706,-0.008389117457941575
2026-05-29 15:57:00+00:00,Mock tweet 6707,-0.6734087958792299
2026-05-29 16:04:00+00:00,Mock tweet 6708,0.12302218314214963
2026-05-29 16:09:00+00:00,Mock tweet 6709,-0.5985436569128677
2026-05-29 16:13:00+00:00,Mock tweet 6710,0.41943995382553956
2026-05-29 16:16:00+00:00,Mock tweet 6711,-0.24465623176056583
2026-05-29 16:26:00+00:00,Mock tweet 6712,-0.3575857674033407
2026-05-29 16:33:00+00:00,Mock tweet 6713,0.6727932416172897
2026-05-29 16:34:00+00:00,Mock tweet 6714,0.060074896107967124
2026-05-29 16:40:00+00:00,Mock tweet 6715,0.8921910086857647
2026-05-29 16:54:00+00:00,Mock tweet 6716,-0.8110416321401885
2026-05-29 16:56:00+00:00,Mock tweet 6717,-0.5116363042589216
2026-05-29 16:56:00+00:00,Mock tweet 6718,-0.9164431494397183
2026-05-29 17:04:00+00:00,Mock tweet 6719,-0.9863393888455534
2026-05-29 17:10:00+00:00,Mock tweet 6720,0.5941314723917053
2026-05-29 17:21:00+00:00,Mock tweet 6721,-0.44897301400979117
2026-05-29 17:25:00+00:00,Mock tweet 6722,-0.14974294118183584
2026-05-29 17:25:00+00:00,Mock tweet 6723,-0.8004377586994933
2026-05-29 17:33:00+00:00,Mock tweet 6724,0.7488443983877693
2026-05-29 17:34:00+00:00,Mock tweet 6725,-0.26243875599404975
2026-05-29 17:36:00+00:00,Mock tweet 6726,-0.7484913777860187
2026-05-29 17:39:00+00:00,Mock tweet 6727,-0.7137523737836615
2026-05-29 17:41:00+00:00,Mock tweet 6728,0.6590957728250488
2026-05-29 17:45:00+00:00,Mock tweet 6729,-0.30956691572690187
2026-05-29 17:49:00+00:00,Mock tweet 6730,0.9449765577547917
2026-05-29 18:00:00+00:00,Mock tweet 6731,-0.32714471123908595
2026-05-29 18:01:00+00:00,Mock tweet 6732,-0.4717572219188759
2026-05-29 18:02:00+00:00,Mock tweet 6733,-0.5975167365296383
2026-05-29 18:07:00+00:00,Mock tweet 6734,0.49828122867183855
2026-05-29 18:12:00+00:00,Mock tweet 6735,0.5945630200606444
2026-05-29 18:14:00+00:00,Mock tweet 6736,0.9650412060999769
2026-05-29 18:15:00+00:00,Mock tweet 6737,-0.014764853756648266
2026-05-29 18:16:00+00:00,Mock tweet 6738,-0.32633990745144437
2026-05-29 18:17:00+00:00,Mock tweet 6739,0.09754289064102717
2026-05-29 18:32:00+00:00,Mock tweet 6740,-0.9782308821745944
2026-05-29 18:36:00+00:00,Mock tweet 6741,0.8234700731021425
2026-05-29 18:38:00+00:00,Mock tweet 6742,-0.41957160671485605
2026-05-29 18:41:00+00:00,Mock tweet 6743,0.4958107967983112
2026-05-29 18:43:00+00:00,Mock tweet 6744,0.9747347663500661
2026-05-29 18:44:00+00:00,Mock tweet 6745,0.03492948943685814
2026-05-29 18:44:00+00:00,Mock tweet 6746,-0.2825490316679238
2026-05-29 18:57:00+00:00,Mock tweet 6747,-0.43742918065170855
2026-05-29 19:02:00+00:00,Mock tweet 6748,0.42929933174547585
2026-05-29 19:07:00+00:00,Mock tweet 6749,-0.2924962390462942
2026-05-29 19:11:00+00:00,Mock tweet 6750,0.339362470197464
2026-05-29 19:24:00+00:00,Mock tweet 6751,-0.9647409851567161
2026-05-29 19:27:00+00:00,Mock tweet 6752,-0.9791911080559892
2026-05-29 19:27:00+00:00,Mock tweet 6753,-0.47455108512900646
2026-05-29 19:31:00+00:00,Mock tweet 6754,0.5369353493460789
2026-05-29 19:38:00+00:00,Mock tweet 6755,0.38515110259545504
2026-05-29 19:40:00+00:00,Mock tweet 6756,-0.6651745399066098
2026-05-29 19:41:00+00:00,Mock tweet 6757,0.7340533330015582
2026-05-29 19:44:00+00:00,Mock tweet 6758,0.4801119007330452
2026-05-29 19:44:00+00:00,Mock tweet 6759,-0.45349210680246044
2026-05-29 19:44:00+00:00,Mock tweet 6760,-0.6575483162047555
2026-05-29 19:45:00+00:00,Mock tweet 6761,-0.7128510593265558
2026-05-29 19:52:00+00:00,Mock tweet 6762,-0.843809154908427
2026-05-29 19:55:00+00:00,Mock tweet 6763,-0.6936143700332806
2026-05-29 20:00:00+00:00,Mock tweet 6764,0.34596600728550997
2026-05-29 20:04:00+00:00,Mock tweet 6765,-0.5968216420429002
2026-05-29 20:19:00+00:00,Mock tweet 6766,0.3996862663591816
2026-05-29 20:23:00+00:00,Mock tweet 6767,-0.919821543643468
2026-05-29 20:33:00+00:00,Mock tweet 6768,0.0973360045644931
2026-05-29 20:38:00+00:00,Mock tweet 6769,0.2973794040122264
2026-05-29 20:50:00+00:00,Mock tweet 6770,-0.0806590310992783
2026-05-29 20:51:00+00:00,Mock tweet 6771,-0.14974702401083917
2026-05-29 20:51:00+00:00,Mock tweet 6772,0.4710418299877943
2026-05-29 20:53:00+00:00,Mock tweet 6773,0.07312233869486695
2026-05-29 20:57:00+00:00,Mock tweet 6774,0.015203063808227446
2026-05-29 21:01:00+00:00,Mock tweet 6775,0.7975636040104359
2026-05-29 21:05:00+00:00,Mock tweet 6776,0.21298641315223876
2026-05-29 21:15:00+00:00,Mock tweet 6777,-0.3124266542284406
2026-05-29 21:19:00+00:00,Mock tweet 6778,8.697974330728321
2026-05-29 21:20:00+00:00,Mock tweet 6779,0.8280370661320864
2026-05-29 21:26:00+00:00,Mock tweet 6780,0.9768984713649447
2026-05-29 21:35:00+00:00,Mock tweet 6781,0.04857631223938408
2026-05-29 21:37:00+00:00,Mock tweet 6782,0.030831885640448586
2026-05-29 21:42:00+00:00,Mock tweet 6783,-0.7341835611149374
2026-05-29 21:48:00+00:00,Mock tweet 6784,-0.1812776643940277
2026-05-29 21:49:00+00:00,Mock tweet 6785,0.9923554480738963
2026-05-29 21:50:00+00:00,Mock tweet 6786,-0.2958813173812007
2026-05-29 21:54:00+00:00,Mock tweet 6787,0.6004956555090928
2026-05-29 21:55:00+00:00,Mock tweet 6788,0.5439631618870331
2026-05-29 21:58:00+00:00,Mock tweet 6789,-0.07338451931957501
2026-05-29 22:11:00+00:00,Mock tweet 6790,0.7021169173897381
2026-05-29 22:13:00+00:00,Mock tweet 6791,-0.75254053958692
2026-05-29 22:14:00+00:00,Mock tweet 6792,0.6967333930093953
2026-05-29 22:16:00+00:00,Mock tweet 6793,0.815327021566685
2026-05-29 22:23:00+00:00,Mock tweet 6794,0.6979391543511946
2026-05-29 22:24:00+00:00,Mock tweet 6795,0.5030357007739463
2026-05-29 22:25:00+00:00,Mock tweet 6796,0.7926101977111264
2026-05-29 22:29:00+00:00,Mock tweet 6797,-0.9782140274893731
2026-05-29 22:29:00+00:00,Mock tweet 6798,-0.30499723066200435
2026-05-29 22:36:00+00:00,Mock tweet 6799,-0.4494004181839488
2026-05-29 22:37:00+00:00,Mock tweet 6800,0.7295490919701879
2026-05-29 22:37:00+00:00,Mock tweet 6801,-0.8338929116591507
2026-05-29 22:52:00+00:00,Mock tweet 6802,0.8871970003830221
2026-05-29 22:56:00+00:00,Mock tweet 6803,0.4223388666856267
2026-05-29 22:56:00+00:00,Mock tweet 6804,0.3264443448750747
2026-05-29 23:04:00+00:00,Mock tweet 6805,-0.8553056082853943
2026-05-29 23:04:00+00:00,Mock tweet 6806,0.5776520779646261
2026-05-29 23:07:00+00:00,Mock tweet 6807,0.49199671135181333
2026-05-29 23:08:00+00:00,Mock tweet 6808,-0.42591562265544236
2026-05-29 23:09:00+00:00,Mock tweet 6809,-0.8388684495995136
2026-05-29 23:13:00+00:00,Mock tweet 6810,-0.467869819601231
2026-05-29 23:14:00+00:00,Mock tweet 6811,0.06925326506356155
2026-05-29 23:15:00+00:00,Mock tweet 6812,0.902366575350094
2026-05-29 23:22:00+00:00,Mock tweet 6813,-0.8263957928840242
2026-05-29 23:33:00+00:00,Mock tweet 6814,0.7383240427062274
2026-05-29 23:40:00+00:00,Mock tweet 6815,-0.28191344473249025
2026-05-29 23:47:00+00:00,Mock tweet 6816,-0.4004023460757229
2026-05-29 23:59:00+00:00,Mock tweet 6817,0.2286337386655477
2026-05-30 00:05:00+00:00,Mock tweet 6818,0.7267437660099862
2026-05-30 00:15:00+00:00,Mock tweet 6819,-0.5586360696388104
2026-05-30 00:23:00+00:00,Mock tweet 6820,0.36458566890108357
2026-05-30 00:25:00+00:00,Mock tweet 6821,6.580611026045501
2026-05-30 00:31:00+00:00,Mock tweet 6822,-0.4460325824514031
2026-05-30 00:36:00+00:00,Mock tweet 6823,-0.3166464542406813
2026-05-30 00:40:00+00:00,Mock tweet 6824,-0.6606600078733293
2026-05-30 00:41:00+00:00,Mock tweet 6825,-0.39921910592646914
2026-05-30 00:41:00+00:00,Mock tweet 6826,0.7004712197714456
2026-05-30 00:42:00+00:00,Mock tweet 6827,0.9507021045588082
2026-05-30 00:43:00+00:00,Mock tweet 6828,-0.1957923566932227
2026-05-30 00:53:00+00:00,Mock tweet 6829,0.8701957671310729
2026-05-30 00:59:00+00:00,Mock tweet 6830,-0.14230125925474058
2026-05-30 00:59:00+00:00,Mock tweet 6831,0.05483295919123621
2026-05-30 01:00:00+00:00,Mock tweet 6832,-0.38215072331838207
2026-05-30 01:01:00+00:00,Mock tweet 6833,0.5321264491910831
2026-05-30 01:02:00+00:00,Mock tweet 6834,-0.37642371326556345
2026-05-30 01:04:00+00:00,Mock tweet 6835,0.6742446209481194
2026-05-30 01:19:00+00:00,Mock tweet 6836,-0.21306601266230785
2026-05-30 01:23:00+00:00,Mock tweet 6837,-0.9900248962030551
2026-05-30 01:26:00+00:00,Mock tweet 6838,0.6573563976644181
2026-05-30 01:31:00+00:00,Mock tweet 6839,0.2749703706437856
2026-05-30 01:36:00+00:00,Mock tweet 6840,0.9255673410998899
2026-05-30 01:37:00+00:00,Mock tweet 6841,0.15657928132386378
2026-05-30 01:39:00+00:00,Mock tweet 6842,0.813952318376697
2026-05-30 01:40:00+00:00,Mock tweet 6843,-0.6929892889969369
2026-05-30 01:47:00+00:00,Mock tweet 6844,0.5809686039540971
2026-05-30 01:47:00+00:00,Mock tweet 6845,0.05226840287397394
2026-05-30 01:54:00+00:00,Mock tweet 6846,-0.03397820672320284
2026-05-30 01:58:00+00:00,Mock tweet 6847,-0.3455757724835171
2026-05-30 01:59:00+00:00,Mock tweet 6848,0.45189747611086983
2026-05-30 02:07:00+00:00,Mock tweet 6849,-0.03508038451884077
2026-05-30 02:08:00+00:00,Mock tweet 6850,0.4803023943408484
2026-05-30 02:08:00+00:00,Mock tweet 6851,0.047191577429131826
2026-05-30 02:11:00+00:00,Mock tweet 6852,-0.5964920023008216
2026-05-30 02:18:00+00:00,Mock tweet 6853,0.9174412244478378
2026-05-30 02:34:00+00:00,Mock tweet 6854,-0.15595165370345865
2026-05-30 02:42:00+00:00,Mock tweet 6855,-0.8075816034282062
2026-05-30 02:42:00+00:00,Mock tweet 6856,-0.852986648864978
2026-05-30 02:46:00+00:00,Mock tweet 6857,-0.357920598456795
2026-05-30 02:49:00+00:00,Mock tweet 6858,0.02612046980931737
2026-05-30 02:51:00+00:00,Mock tweet 6859,0.785105961243117
2026-05-30 02:51:00+00:00,Mock tweet 6860,-0.16768751870954635
2026-05-30 02:52:00+00:00,Mock tweet 6861,0.9790532795319202
2026-05-30 02:52:00+00:00,Mock tweet 6862,-0.6608346581300846
2026-05-30 03:00:00+00:00,Mock tweet 6863,0.772803418133553
2026-05-30 03:03:00+00:00,Mock tweet 6864,0.08285253654973612
2026-05-30 03:10:00+00:00,Mock tweet 6865,0.7191292231058044
2026-05-30 03:14:00+00:00,Mock tweet 6866,0.8593917035235141
2026-05-30 03:16:00+00:00,Mock tweet 6867,-0.49576035681392217
2026-05-30 03:17:00+00:00,Mock tweet 6868,-0.4505958235316361
2026-05-30 03:20:00+00:00,Mock tweet 6869,0.5523131017642773
2026-05-30 03:22:00+00:00,Mock tweet 6870,-0.6851118856001379
2026-05-30 03:24:00+00:00,Mock tweet 6871,-0.8723667651244593
2026-05-30 03:36:00+00:00,Mock tweet 6872,0.530009385129756
2026-05-30 03:36:00+00:00,Mock tweet 6873,-0.5758209157696608
2026-05-30 03:37:00+00:00,Mock tweet 6874,-0.7914978470068683
2026-05-30 03:43:00+00:00,Mock tweet 6875,0.06818996841839442
2026-05-30 03:47:00+00:00,Mock tweet 6876,0.8076590925573557
2026-05-30 03:49:00+00:00,Mock tweet 6877,-0.8074099792827276
2026-05-30 03:51:00+00:00,Mock tweet 6878,-0.05628532798003305
2026-05-30 03:56:00+00:00,Mock tweet 6879,-0.47628613198633984
2026-05-30 03:57:00+00:00,Mock tweet 6880,0.3319194413501412
2026-05-30 04:03:00+00:00,Mock tweet 6881,0.5637171170249609
2026-05-30 04:04:00+00:00,Mock tweet 6882,-0.766760188420603
2026-05-30 04:06:00+00:00,Mock tweet 6883,-0.9430322518738028
2026-05-30 04:10:00+00:00,Mock tweet 6884,-0.8386273960091637
2026-05-30 04:11:00+00:00,Mock tweet 6885,-0.25824785125053995
2026-05-30 04:12:00+00:00,Mock tweet 6886,-0.45270756831475056
2026-05-30 04:12:00+00:00,Mock tweet 6887,0.5539326336223842
2026-05-30 04:15:00+00:00,Mock tweet 6888,0.6244982134548314
2026-05-30 04:25:00+00:00,Mock tweet 6889,0.4735360228039758
2026-05-30 04:25:00+00:00,Mock tweet 6890,-0.5628287360312811
2026-05-30 04:28:00+00:00,Mock tweet 6891,0.135040492523123
2026-05-30 04:29:00+00:00,Mock tweet 6892,0.9905632936032209
2026-05-30 04:31:00+00:00,Mock tweet 6893,-0.967253126916275
2026-05-30 04:31:00+00:00,Mock tweet 6894,0.12258917555722282
2026-05-30 04:34:00+00:00,Mock tweet 6895,-0.7215404127003504
2026-05-30 04:35:00+00:00,Mock tweet 6896,-0.9750370595372038
2026-05-30 04:38:00+00:00,Mock tweet 6897,0.14937567527626272
2026-05-30 04:39:00+00:00,Mock tweet 6898,0.48753440806920745
2026-05-30 04:46:00+00:00,Mock tweet 6899,0.9803532998264246
2026-05-30 04:47:00+00:00,Mock tweet 6900,-0.4351203645716335
2026-05-30 04:49:00+00:00,Mock tweet 6901,-0.031200011499203484
2026-05-30 04:52:00+00:00,Mock tweet 6902,0.22614800574978
2026-05-30 04:53:00+00:00,Mock tweet 6903,-0.9513491160361687
2026-05-30 04:53:00+00:00,Mock tweet 6904,0.3371012944812677
2026-05-30 04:56:00+00:00,Mock tweet 6905,0.03321272663042629
2026-05-30 05:01:00+00:00,Mock tweet 6906,0.9381436740617615
2026-05-30 05:02:00+00:00,Mock tweet 6907,0.9262029538225216
2026-05-30 05:09:00+00:00,Mock tweet 6908,0.09979770727540704
2026-05-30 05:16:00+00:00,Mock tweet 6909,0.8213198222335425
2026-05-30 05:19:00+00:00,Mock tweet 6910,-0.8634701833455845
2026-05-30 05:23:00+00:00,Mock tweet 6911,0.7700587158956573
2026-05-30 05:24:00+00:00,Mock tweet 6912,-0.6402466115860743
2026-05-30 05:31:00+00:00,Mock tweet 6913,-0.9686252253241394
2026-05-30 05:37:00+00:00,Mock tweet 6914,0.46526082620600695
2026-05-30 05:39:00+00:00,Mock tweet 6915,-0.3027493343725529
2026-05-30 05:39:00+00:00,Mock tweet 6916,-0.5722591795878875
2026-05-30 05:44:00+00:00,Mock tweet 6917,0.5606036367246805
2026-05-30 05:45:00+00:00,Mock tweet 6918,0.9529429762779631
2026-05-30 05:57:00+00:00,Mock tweet 6919,-0.6912016253895086
2026-05-30 05:58:00+00:00,Mock tweet 6920,0.8618792753987525
2026-05-30 05:59:00+00:00,Mock tweet 6921,0.8206430160663405
2026-05-30 06:08:00+00:00,Mock tweet 6922,0.10430357608412355
2026-05-30 06:10:00+00:00,Mock tweet 6923,0.2637290819103546
2026-05-30 06:15:00+00:00,Mock tweet 6924,-0.5022432684420064
2026-05-30 06:16:00+00:00,Mock tweet 6925,-0.8916574824553662
2026-05-30 06:18:00+00:00,Mock tweet 6926,-0.13453125045656145
2026-05-30 06:21:00+00:00,Mock tweet 6927,0.9346180240367226
2026-05-30 06:22:00+00:00,Mock tweet 6928,0.531389599717518
2026-05-30 06:27:00+00:00,Mock tweet 6929,0.055278905245575105
2026-05-30 06:29:00+00:00,Mock tweet 6930,-0.4529935846160116
2026-05-30 06:32:00+00:00,Mock tweet 6931,-0.22883822349399563
2026-05-30 06:35:00+00:00,Mock tweet 6932,0.4561941668395568
2026-05-30 06:39:00+00:00,Mock tweet 6933,0.6608982410028204
2026-05-30 06:40:00+00:00,Mock tweet 6934,7.339993127239479
2026-05-30 06:40:00+00:00,Mock tweet 6935,-0.9433581333265095
2026-05-30 06:46:00+00:00,Mock tweet 6936,-0.037933529924355947
2026-05-30 06:48:00+00:00,Mock tweet 6937,0.6856056254082132
2026-05-30 06:50:00+00:00,Mock tweet 6938,-0.7159005564499465
2026-05-30 06:54:00+00:00,Mock tweet 6939,-0.6195542149012023
2026-05-30 06:58:00+00:00,Mock tweet 6940,-0.04897375141844584
2026-05-30 06:59:00+00:00,Mock tweet 6941,-0.6905826917712525
2026-05-30 06:59:00+00:00,Mock tweet 6942,-0.3717658458904509
2026-05-30 07:01:00+00:00,Mock tweet 6943,0.4623268071119897
2026-05-30 07:05:00+00:00,Mock tweet 6944,0.6501687865672585
2026-05-30 07:10:00+00:00,Mock tweet 6945,-0.3888133929529318
2026-05-30 07:10:00+00:00,Mock tweet 6946,-0.9042458029231499
2026-05-30 07:13:00+00:00,Mock tweet 6947,0.3585529303360795
2026-05-30 07:13:00+00:00,Mock tweet 6948,-0.1964702617820966
2026-05-30 07:17:00+00:00,Mock tweet 6949,-0.16148619420555588
2026-05-30 07:21:00+00:00,Mock tweet 6950,-0.5682545436271371
2026-05-30 07:26:00+00:00,Mock tweet 6951,0.7825923970811546
2026-05-30 07:33:00+00:00,Mock tweet 6952,0.877398996017952
2026-05-30 07:47:00+00:00,Mock tweet 6953,0.6202013188023501
2026-05-30 07:50:00+00:00,Mock tweet 6954,-0.3842016054261608
2026-05-30 07:53:00+00:00,Mock tweet 6955,7.15556108615896
2026-05-30 07:53:00+00:00,Mock tweet 6956,0.35815077009359264
2026-05-30 07:58:00+00:00,Mock tweet 6957,0.5060984768864718
2026-05-30 08:01:00+00:00,Mock tweet 6958,0.3890132066517282
2026-05-30 08:03:00+00:00,Mock tweet 6959,-0.80757750895103
2026-05-30 08:07:00+00:00,Mock tweet 6960,0.6798804946961454
2026-05-30 08:09:00+00:00,Mock tweet 6961,0.9324771228212956
2026-05-30 08:13:00+00:00,Mock tweet 6962,-0.0685398275316702
2026-05-30 08:14:00+00:00,Mock tweet 6963,-0.29299735832811136
2026-05-30 08:14:00+00:00,Mock tweet 6964,-0.2278653744096948
2026-05-30 08:21:00+00:00,Mock tweet 6965,0.9683035766428794
2026-05-30 08:23:00+00:00,Mock tweet 6966,-0.18454183860101958
2026-05-30 08:30:00+00:00,Mock tweet 6967,0.5977049313195424
2026-05-30 08:38:00+00:00,Mock tweet 6968,0.6630527318276116
2026-05-30 08:42:00+00:00,Mock tweet 6969,0.9754504397268864
2026-05-30 08:54:00+00:00,Mock tweet 6970,0.9867584167869132
2026-05-30 08:54:00+00:00,Mock tweet 6971,-0.5027670678200249
2026-05-30 08:57:00+00:00,Mock tweet 6972,0.35863741384047354
2026-05-30 09:03:00+00:00,Mock tweet 6973,-0.9475575828735736
2026-05-30 09:10:00+00:00,Mock tweet 6974,-0.32197628194847816
2026-05-30 09:12:00+00:00,Mock tweet 6975,-0.1354137150171859
2026-05-30 09:17:00+00:00,Mock tweet 6976,0.3457021190964622
2026-05-30 09:22:00+00:00,Mock tweet 6977,0.6866712853429751
2026-05-30 09:23:00+00:00,Mock tweet 6978,-0.543500507038484
2026-05-30 09:23:00+00:00,Mock tweet 6979,0.43303151400526474
2026-05-30 09:27:00+00:00,Mock tweet 6980,0.3666038415934223
2026-05-30 09:28:00+00:00,Mock tweet 6981,0.1540715035654905
2026-05-30 09:28:00+00:00,Mock tweet 6982,-0.6976118950424175
2026-05-30 09:31:00+00:00,Mock tweet 6983,0.9773288917709786
2026-05-30 09:43:00+00:00,Mock tweet 6984,-0.9491332609428378
2026-05-30 09:44:00+00:00,Mock tweet 6985,0.70781951026666
2026-05-30 09:46:00+00:00,Mock tweet 6986,-0.3181615395807704
2026-05-30 09:57:00+00:00,Mock tweet 6987,-0.28648149552967306
2026-05-30 10:01:00+00:00,Mock tweet 6988,0.941326132532873
2026-05-30 10:07:00+00:00,Mock tweet 6989,0.30154434076846437
2026-05-30 10:08:00+00:00,Mock tweet 6990,-0.4531820379061722
2026-05-30 10:08:00+00:00,Mock tweet 6991,-0.26029444409717417
2026-05-30 10:16:00+00:00,Mock tweet 6992,0.10402355660771256
2026-05-30 10:16:00+00:00,Mock tweet 6993,0.9238966756938354
2026-05-30 10:17:00+00:00,Mock tweet 6994,0.2521166312846508
2026-05-30 10:19:00+00:00,Mock tweet 6995,0.39669320748931236
2026-05-30 10:20:00+00:00,Mock tweet 6996,-0.2767783880354582
2026-05-30 10:21:00+00:00,Mock tweet 6997,-0.8856588298410668
2026-05-30 10:25:00+00:00,Mock tweet 6998,-0.6043878430113561
2026-05-30 10:26:00+00:00,Mock tweet 6999,0.4272023859866936
2026-05-30 10:35:00+00:00,Mock tweet 7000,-0.09782768610276826
2026-05-30 10:39:00+00:00,Mock tweet 7001,-0.34274400367550273
2026-05-30 10:40:00+00:00,Mock tweet 7002,-0.11355523206578177
2026-05-30 10:41:00+00:00,Mock tweet 7003,0.29432576409378486
2026-05-30 10:44:00+00:00,Mock tweet 7004,-0.06675071253166442
2026-05-30 10:55:00+00:00,Mock tweet 7005,0.17642611597341773
2026-05-30 10:56:00+00:00,Mock tweet 7006,0.6600023974621254
2026-05-30 11:11:00+00:00,Mock tweet 7007,-0.04409211321849682
2026-05-30 11:17:00+00:00,Mock tweet 7008,-0.44803747350201983
2026-05-30 11:17:00+00:00,Mock tweet 7009,-0.8252555970686375
2026-05-30 11:22:00+00:00,Mock tweet 7010,-0.744276283397225
2026-05-30 11:32:00+00:00,Mock tweet 7011,-0.3629244081205656
2026-05-30 11:38:00+00:00,Mock tweet 7012,0.28174075579401414
2026-05-30 11:50:00+00:00,Mock tweet 7013,-0.9024313285191619
2026-05-30 12:04:00+00:00,Mock tweet 7014,0.024214322696494595
2026-05-30 12:07:00+00:00,Mock tweet 7015,-0.4033915017747942
2026-05-30 12:10:00+00:00,Mock tweet 7016,0.6255647344980979
2026-05-30 12:17:00+00:00,Mock tweet 7017,-0.6639475958765975
2026-05-30 12:35:00+00:00,Mock tweet 7018,-0.5148067208080911
2026-05-30 12:44:00+00:00,Mock tweet 7019,0.5821157671332158
2026-05-30 12:47:00+00:00,Mock tweet 7020,0.9973059963154127
2026-05-30 12:51:00+00:00,Mock tweet 7021,0.21793082484627035
2026-05-30 12:58:00+00:00,Mock tweet 7022,-0.10497067499992374
2026-05-30 12:59:00+00:00,Mock tweet 7023,-0.019595879658275583
2026-05-30 13:05:00+00:00,Mock tweet 7024,-0.06395714851733714
2026-05-30 13:08:00+00:00,Mock tweet 7025,-0.9226867219733206
2026-05-30 13:12:00+00:00,Mock tweet 7026,0.932247894152743
2026-05-30 13:13:00+00:00,Mock tweet 7027,0.6994552736333002
2026-05-30 13:13:00+00:00,Mock tweet 7028,-0.32191033570828087
2026-05-30 13:20:00+00:00,Mock tweet 7029,-0.8565482824497881
2026-05-30 13:23:00+00:00,Mock tweet 7030,-0.2524403586238517
2026-05-30 13:27:00+00:00,Mock tweet 7031,0.10279720354332644
2026-05-30 13:30:00+00:00,Mock tweet 7032,-0.6353547818151655
2026-05-30 13:31:00+00:00,Mock tweet 7033,0.6016155925277209
2026-05-30 13:38:00+00:00,Mock tweet 7034,-0.07021783565432083
2026-05-30 13:43:00+00:00,Mock tweet 7035,0.9756988950399332
2026-05-30 13:50:00+00:00,Mock tweet 7036,-0.005464400614894949
2026-05-30 13:52:00+00:00,Mock tweet 7037,-0.9401347127728976
2026-05-30 13:52:00+00:00,Mock tweet 7038,-0.2594870544021861
2026-05-30 13:57:00+00:00,Mock tweet 7039,0.7646769161757168
2026-05-30 13:57:00+00:00,Mock tweet 7040,0.6374013907835185
2026-05-30 14:05:00+00:00,Mock tweet 7041,-0.13662172084364754
2026-05-30 14:11:00+00:00,Mock tweet 7042,0.3377095005990438
2026-05-30 14:14:00+00:00,Mock tweet 7043,0.15574908520381747
2026-05-30 14:19:00+00:00,Mock tweet 7044,-0.12386722730664079
2026-05-30 14:26:00+00:00,Mock tweet 7045,0.5558537385221327
2026-05-30 14:28:00+00:00,Mock tweet 7046,0.15883790199463155
2026-05-30 14:31:00+00:00,Mock tweet 7047,-0.22875039973443312
2026-05-30 14:34:00+00:00,Mock tweet 7048,-0.7889900308869262
2026-05-30 14:36:00+00:00,Mock tweet 7049,0.35565592436554505
2026-05-30 14:37:00+00:00,Mock tweet 7050,0.0550895467984327
2026-05-30 14:42:00+00:00,Mock tweet 7051,-0.4352155011006631
2026-05-30 14:44:00+00:00,Mock tweet 7052,0.13069177083920724
2026-05-30 14:46:00+00:00,Mock tweet 7053,-0.8558193067925339
2026-05-30 14:50:00+00:00,Mock tweet 7054,-0.99555804001486
2026-05-30 14:51:00+00:00,Mock tweet 7055,-0.38156032285797004
2026-05-30 14:51:00+00:00,Mock tweet 7056,-0.3419635035520696
2026-05-30 15:02:00+00:00,Mock tweet 7057,0.7658700081256549
2026-05-30 15:04:00+00:00,Mock tweet 7058,0.3965978360300584
2026-05-30 15:06:00+00:00,Mock tweet 7059,-0.6243256353811386
2026-05-30 15:07:00+00:00,Mock tweet 7060,0.024090517714756787
2026-05-30 15:11:00+00:00,Mock tweet 7061,-0.6490220079581885
2026-05-30 15:17:00+00:00,Mock tweet 7062,0.3752509341048784
2026-05-30 15:21:00+00:00,Mock tweet 7063,-0.36351321295863426
2026-05-30 15:28:00+00:00,Mock tweet 7064,-0.8013427699513154
2026-05-30 15:32:00+00:00,Mock tweet 7065,-0.44083693138552293
2026-05-30 15:33:00+00:00,Mock tweet 7066,-0.7242949750488903
2026-05-30 15:38:00+00:00,Mock tweet 7067,-0.9497473103529117
2026-05-30 15:43:00+00:00,Mock tweet 7068,0.031204895734892046
2026-05-30 15:47:00+00:00,Mock tweet 7069,0.15481682868305113
2026-05-30 15:58:00+00:00,Mock tweet 7070,0.19765352767798006
2026-05-30 16:02:00+00:00,Mock tweet 7071,-0.3977242457777739
2026-05-30 16:07:00+00:00,Mock tweet 7072,-0.24228307484421485
2026-05-30 16:09:00+00:00,Mock tweet 7073,0.732537316869216
2026-05-30 16:16:00+00:00,Mock tweet 7074,-0.6796196132509384
2026-05-30 16:19:00+00:00,Mock tweet 7075,0.491385687472214
2026-05-30 16:20:00+00:00,Mock tweet 7076,0.2139580671510517
2026-05-30 16:21:00+00:00,Mock tweet 7077,-0.36706952946763227
2026-05-30 16:26:00+00:00,Mock tweet 7078,-0.11658912738322202
2026-05-30 16:32:00+00:00,Mock tweet 7079,0.6986489802516438
2026-05-30 16:38:00+00:00,Mock tweet 7080,0.6918606829922844
2026-05-30 16:38:00+00:00,Mock tweet 7081,5.375761292472971
2026-05-30 16:49:00+00:00,Mock tweet 7082,0.3364385797682081
2026-05-30 16:53:00+00:00,Mock tweet 7083,-0.7879562347092122
2026-05-30 16:55:00+00:00,Mock tweet 7084,-0.13208412001023895
2026-05-30 16:58:00+00:00,Mock tweet 7085,-0.7395839820979011
2026-05-30 17:04:00+00:00,Mock tweet 7086,0.033407144563717184
2026-05-30 17:16:00+00:00,Mock tweet 7087,0.5412825480999905
2026-05-30 17:17:00+00:00,Mock tweet 7088,-0.09038789892077914
2026-05-30 17:18:00+00:00,Mock tweet 7089,0.3469503293903735
2026-05-30 17:26:00+00:00,Mock tweet 7090,0.26928981760362913
2026-05-30 17:32:00+00:00,Mock tweet 7091,0.3012456495033602
2026-05-30 17:37:00+00:00,Mock tweet 7092,-0.5215095102002283
2026-05-30 17:40:00+00:00,Mock tweet 7093,-0.930133229629055
2026-05-30 17:41:00+00:00,Mock tweet 7094,0.7313830521866604
2026-05-30 17:51:00+00:00,Mock tweet 7095,0.9353264040987004
2026-05-30 17:54:00+00:00,Mock tweet 7096,0.9617841640651279
2026-05-30 17:57:00+00:00,Mock tweet 7097,0.36444725175758386
2026-05-30 18:07:00+00:00,Mock tweet 7098,-0.37799927334190975
2026-05-30 18:14:00+00:00,Mock tweet 7099,-0.462752701431308
2026-05-30 18:26:00+00:00,Mock tweet 7100,-0.794883884096993
2026-05-30 18:29:00+00:00,Mock tweet 7101,-0.5494240982026728
2026-05-30 18:31:00+00:00,Mock tweet 7102,0.6453686733791935
2026-05-30 18:33:00+00:00,Mock tweet 7103,0.927798453824406
2026-05-30 18:51:00+00:00,Mock tweet 7104,-0.7177634222743843
2026-05-30 19:02:00+00:00,Mock tweet 7105,0.7219251128135518
2026-05-30 19:02:00+00:00,Mock tweet 7106,0.04110834332413704
2026-05-30 19:09:00+00:00,Mock tweet 7107,-0.3151465249890797
2026-05-30 19:10:00+00:00,Mock tweet 7108,-0.10118246957413946
2026-05-30 19:11:00+00:00,Mock tweet 7109,-0.6618002684722122
2026-05-30 19:16:00+00:00,Mock tweet 7110,0.7090070290262007
2026-05-30 19:19:00+00:00,Mock tweet 7111,-0.7933555928212883
2026-05-30 19:26:00+00:00,Mock tweet 7112,0.3101239162472047
2026-05-30 19:27:00+00:00,Mock tweet 7113,0.31994454902859504
2026-05-30 19:30:00+00:00,Mock tweet 7114,-0.7107547761355195
2026-05-30 19:33:00+00:00,Mock tweet 7115,0.36007597091295196
2026-05-30 19:36:00+00:00,Mock tweet 7116,0.28917586399824047
2026-05-30 19:38:00+00:00,Mock tweet 7117,0.5406477321708163
2026-05-30 19:39:00+00:00,Mock tweet 7118,-0.7339138928887334
2026-05-30 19:44:00+00:00,Mock tweet 7119,0.7034057458246987
2026-05-30 19:49:00+00:00,Mock tweet 7120,-0.646926657943141
2026-05-30 19:57:00+00:00,Mock tweet 7121,-0.2788632176912338
2026-05-30 19:59:00+00:00,Mock tweet 7122,0.7691484625792155
2026-05-30 20:03:00+00:00,Mock tweet 7123,-0.38965112823948034
2026-05-30 20:04:00+00:00,Mock tweet 7124,-0.9114666481368658
2026-05-30 20:15:00+00:00,Mock tweet 7125,-0.17237414105038673
2026-05-30 20:17:00+00:00,Mock tweet 7126,0.6975185211365198
2026-05-30 20:24:00+00:00,Mock tweet 7127,-0.7127720943204467
2026-05-30 20:28:00+00:00,Mock tweet 7128,0.0367889295825754
2026-05-30 20:32:00+00:00,Mock tweet 7129,-0.2186983066048862
2026-05-30 20:32:00+00:00,Mock tweet 7130,-0.7093422861715839
2026-05-30 20:33:00+00:00,Mock tweet 7131,-0.020668475786169926
2026-05-30 20:34:00+00:00,Mock tweet 7132,-0.6145893018457902
2026-05-30 20:36:00+00:00,Mock tweet 7133,0.6390374017552369
2026-05-30 20:37:00+00:00,Mock tweet 7134,-0.41833091978965586
2026-05-30 20:38:00+00:00,Mock tweet 7135,0.0060158302669877095
2026-05-30 20:41:00+00:00,Mock tweet 7136,-0.4638451917235351
2026-05-30 20:47:00+00:00,Mock tweet 7137,0.7769164045648613
2026-05-30 20:48:00+00:00,Mock tweet 7138,0.09810745514398689
2026-05-30 20:54:00+00:00,Mock tweet 7139,-0.04735924826090554
2026-05-30 20:56:00+00:00,Mock tweet 7140,-0.764056169777716
2026-05-30 21:07:00+00:00,Mock tweet 7141,0.2382761581105759
2026-05-30 21:14:00+00:00,Mock tweet 7142,-0.08656980150960925
2026-05-30 21:26:00+00:00,Mock tweet 7143,-0.8109489992998951
2026-05-30 21:28:00+00:00,Mock tweet 7144,-0.884219472188617
2026-05-30 21:37:00+00:00,Mock tweet 7145,0.7106714459191399
2026-05-30 21:42:00+00:00,Mock tweet 7146,0.7504954486117372
2026-05-30 21:46:00+00:00,Mock tweet 7147,0.7960397846610217
2026-05-30 21:49:00+00:00,Mock tweet 7148,0.585163577369817
2026-05-30 21:53:00+00:00,Mock tweet 7149,-0.37906005541940524
2026-05-30 21:55:00+00:00,Mock tweet 7150,0.8790067115300084
2026-05-30 22:02:00+00:00,Mock tweet 7151,-0.017560196888441126
2026-05-30 22:03:00+00:00,Mock tweet 7152,0.0073753248173202834
2026-05-30 22:24:00+00:00,Mock tweet 7153,0.5465992609003048
2026-05-30 22:27:00+00:00,Mock tweet 7154,-0.6944475440021602
2026-05-30 22:36:00+00:00,Mock tweet 7155,0.9882082685846989
2026-05-30 22:41:00+00:00,Mock tweet 7156,-0.7567441870392511
2026-05-30 22:45:00+00:00,Mock tweet 7157,0.2791517799174459
2026-05-30 22:51:00+00:00,Mock tweet 7158,-0.11788670522716593
2026-05-30 22:52:00+00:00,Mock tweet 7159,0.06561645977059616
2026-05-30 22:53:00+00:00,Mock tweet 7160,-0.007956658646725456
2026-05-30 22:53:00+00:00,Mock tweet 7161,0.7003820072672502
2026-05-30 22:53:00+00:00,Mock tweet 7162,-0.9330857663878591
2026-05-30 22:54:00+00:00,Mock tweet 7163,0.622711978717194
2026-05-30 22:55:00+00:00,Mock tweet 7164,-0.12311358121584393
2026-05-30 22:55:00+00:00,Mock tweet 7165,0.5815784710987377
2026-05-30 23:05:00+00:00,Mock tweet 7166,-0.7993565055328531
2026-05-30 23:14:00+00:00,Mock tweet 7167,0.6853120951310108
2026-05-30 23:15:00+00:00,Mock tweet 7168,-0.8978675300934231
2026-05-30 23:22:00+00:00,Mock tweet 7169,-0.7955022679076136
2026-05-30 23:22:00+00:00,Mock tweet 7170,-0.620759710859069
2026-05-30 23:26:00+00:00,Mock tweet 7171,-0.10481202992440153
2026-05-30 23:27:00+00:00,Mock tweet 7172,0.4079485870925872
2026-05-30 23:31:00+00:00,Mock tweet 7173,0.10714694384475099
2026-05-30 23:35:00+00:00,Mock tweet 7174,-0.9174050840350281
2026-05-30 23:37:00+00:00,Mock tweet 7175,0.5548844092877718
2026-05-30 23:38:00+00:00,Mock tweet 7176,0.5384950092399294
2026-05-30 23:46:00+00:00,Mock tweet 7177,-0.07931108901395678
2026-05-30 23:57:00+00:00,Mock tweet 7178,-0.6004578382948615
2026-05-30 23:58:00+00:00,Mock tweet 7179,0.42340499831591827
2026-05-30 23:58:00+00:00,Mock tweet 7180,0.03267935387429155
2026-05-30 23:58:00+00:00,Mock tweet 7181,-0.11287721943890117
2026-05-31 00:03:00+00:00,Mock tweet 7182,-0.3096448594930499
2026-05-31 00:04:00+00:00,Mock tweet 7183,-0.3501753054445471
2026-05-31 00:06:00+00:00,Mock tweet 7184,0.09127181857166633
2026-05-31 00:08:00+00:00,Mock tweet 7185,-0.1122723866915476
2026-05-31 00:08:00+00:00,Mock tweet 7186,0.5688437247673026
2026-05-31 00:15:00+00:00,Mock tweet 7187,-0.23870096907460336
2026-05-31 00:25:00+00:00,Mock tweet 7188,-0.8151927499788993
2026-05-31 00:29:00+00:00,Mock tweet 7189,-0.7588128155384399
2026-05-31 00:32:00+00:00,Mock tweet 7190,0.36284789669876316
2026-05-31 00:40:00+00:00,Mock tweet 7191,-0.43536518157095294
2026-05-31 00:42:00+00:00,Mock tweet 7192,-0.9047123629182294
2026-05-31 00:54:00+00:00,Mock tweet 7193,0.6329357563282898
2026-05-31 00:57:00+00:00,Mock tweet 7194,-0.9823082173112407
2026-05-31 01:08:00+00:00,Mock tweet 7195,-0.2917066385827516
2026-05-31 01:08:00+00:00,Mock tweet 7196,-0.5781689562388341
2026-05-31 01:14:00+00:00,Mock tweet 7197,-0.4342843814851933
2026-05-31 01:22:00+00:00,Mock tweet 7198,0.8412167659080274
2026-05-31 01:23:00+00:00,Mock tweet 7199,-0.8615712029206715
2026-05-31 01:26:00+00:00,Mock tweet 7200,0.259835219004225
2026-05-31 01:30:00+00:00,Mock tweet 7201,0.690607163729108
2026-05-31 01:30:00+00:00,Mock tweet 7202,0.34059689652103975
2026-05-31 01:32:00+00:00,Mock tweet 7203,0.18577184905358246
2026-05-31 01:35:00+00:00,Mock tweet 7204,0.9449025531881099
2026-05-31 01:36:00+00:00,Mock tweet 7205,0.33711950292759996
2026-05-31 01:37:00+00:00,Mock tweet 7206,-0.13131794249329287
2026-05-31 01:46:00+00:00,Mock tweet 7207,-0.5164756169392346
2026-05-31 01:47:00+00:00,Mock tweet 7208,-0.5421619396479063
2026-05-31 01:48:00+00:00,Mock tweet 7209,0.03689345101441166
2026-05-31 01:51:00+00:00,Mock tweet 7210,0.2680867105514515
2026-05-31 02:03:00+00:00,Mock tweet 7211,-0.10558617269935522
2026-05-31 02:09:00+00:00,Mock tweet 7212,0.7319396063074644
2026-05-31 02:10:00+00:00,Mock tweet 7213,0.6201224949641693
2026-05-31 02:10:00+00:00,Mock tweet 7214,-0.44894962199972666
2026-05-31 02:13:00+00:00,Mock tweet 7215,-0.2188157505237709
2026-05-31 02:13:00+00:00,Mock tweet 7216,0.4144280372143587
2026-05-31 02:19:00+00:00,Mock tweet 7217,0.9211291727298643
2026-05-31 02:22:00+00:00,Mock tweet 7218,-0.8362887542305537
2026-05-31 02:25:00+00:00,Mock tweet 7219,-0.7711054166254903
2026-05-31 02:34:00+00:00,Mock tweet 7220,0.4558517022621291
2026-05-31 02:41:00+00:00,Mock tweet 7221,-0.04233594490234971
2026-05-31 02:43:00+00:00,Mock tweet 7222,-0.6047033368896393
2026-05-31 02:44:00+00:00,Mock tweet 7223,-0.7277387171703158
2026-05-31 02:46:00+00:00,Mock tweet 7224,-0.25759259749064545
2026-05-31 02:57:00+00:00,Mock tweet 7225,0.23732245639661342
2026-05-31 03:10:00+00:00,Mock tweet 7226,-0.13848304958805757
2026-05-31 03:11:00+00:00,Mock tweet 7227,-0.7809927884644892
2026-05-31 03:11:00+00:00,Mock tweet 7228,-0.13418251605555942
2026-05-31 03:15:00+00:00,Mock tweet 7229,-0.41668626430783884
2026-05-31 03:20:00+00:00,Mock tweet 7230,0.5759755665939914
2026-05-31 03:21:00+00:00,Mock tweet 7231,0.22912507011319283
2026-05-31 03:24:00+00:00,Mock tweet 7232,0.10151493652795462
2026-05-31 03:26:00+00:00,Mock tweet 7233,-0.28737150450738724
2026-05-31 03:28:00+00:00,Mock tweet 7234,0.28297114462049966
2026-05-31 03:38:00+00:00,Mock tweet 7235,0.6067834809849015
2026-05-31 03:38:00+00:00,Mock tweet 7236,7.649953393289224
2026-05-31 03:40:00+00:00,Mock tweet 7237,9.220072570724957
2026-05-31 03:42:00+00:00,Mock tweet 7238,-0.7882402405720899
2026-05-31 03:48:00+00:00,Mock tweet 7239,0.5378773054922219
2026-05-31 03:49:00+00:00,Mock tweet 7240,-0.6681941138120511
2026-05-31 03:50:00+00:00,Mock tweet 7241,-0.7748525543947591
2026-05-31 04:04:00+00:00,Mock tweet 7242,0.9395352915038837
2026-05-31 04:05:00+00:00,Mock tweet 7243,-0.4470904237496709
2026-05-31 04:34:00+00:00,Mock tweet 7244,-0.14391541643932326
2026-05-31 04:38:00+00:00,Mock tweet 7245,-0.12247927636568123
2026-05-31 04:46:00+00:00,Mock tweet 7246,0.6971048494184089
2026-05-31 04:57:00+00:00,Mock tweet 7247,0.6110589433357332
2026-05-31 04:57:00+00:00,Mock tweet 7248,-0.845789819077333
2026-05-31 04:58:00+00:00,Mock tweet 7249,-0.48427348694999073
2026-05-31 04:58:00+00:00,Mock tweet 7250,-0.2888820027140062
2026-05-31 05:05:00+00:00,Mock tweet 7251,-0.9860129614033633
2026-05-31 05:11:00+00:00,Mock tweet 7252,-0.5365271777524798
2026-05-31 05:20:00+00:00,Mock tweet 7253,-0.8523648452993966
2026-05-31 05:32:00+00:00,Mock tweet 7254,0.4931249938204012
2026-05-31 05:38:00+00:00,Mock tweet 7255,-0.45720037961192816
2026-05-31 05:41:00+00:00,Mock tweet 7256,-0.3504419959560432
2026-05-31 05:42:00+00:00,Mock tweet 7257,0.7889811766550476
2026-05-31 05:47:00+00:00,Mock tweet 7258,-0.49524730071716094
2026-05-31 05:51:00+00:00,Mock tweet 7259,0.5881229868337172
2026-05-31 05:55:00+00:00,Mock tweet 7260,-0.3274310896210795
2026-05-31 05:57:00+00:00,Mock tweet 7261,-0.006394573478046173
2026-05-31 06:14:00+00:00,Mock tweet 7262,0.0512979654280763
2026-05-31 06:20:00+00:00,Mock tweet 7263,-0.01551524787825631
2026-05-31 06:23:00+00:00,Mock tweet 7264,0.5464357380037843
2026-05-31 06:24:00+00:00,Mock tweet 7265,0.27079558463568376
2026-05-31 06:25:00+00:00,Mock tweet 7266,-0.2405272992456169
2026-05-31 06:27:00+00:00,Mock tweet 7267,-0.760890698741179
2026-05-31 06:29:00+00:00,Mock tweet 7268,0.43477944115129175
2026-05-31 06:33:00+00:00,Mock tweet 7269,0.7323071950292699
2026-05-31 06:37:00+00:00,Mock tweet 7270,0.18293978476425
2026-05-31 06:42:00+00:00,Mock tweet 7271,0.2689580078289455
2026-05-31 06:47:00+00:00,Mock tweet 7272,0.3640801212553162
2026-05-31 06:50:00+00:00,Mock tweet 7273,0.0029585925121826673
2026-05-31 06:55:00+00:00,Mock tweet 7274,0.5916295803998501
2026-05-31 06:56:00+00:00,Mock tweet 7275,0.5800953246476042
2026-05-31 07:01:00+00:00,Mock tweet 7276,0.4148269925897341
2026-05-31 07:02:00+00:00,Mock tweet 7277,-0.87504850570856
2026-05-31 07:03:00+00:00,Mock tweet 7278,0.21778973995485718
2026-05-31 07:10:00+00:00,Mock tweet 7279,-0.28629805902988115
2026-05-31 07:15:00+00:00,Mock tweet 7280,-0.41569329826492285
2026-05-31 07:24:00+00:00,Mock tweet 7281,0.04141526408113494
2026-05-31 07:25:00+00:00,Mock tweet 7282,0.5810050689945423
2026-05-31 07:33:00+00:00,Mock tweet 7283,-0.24592271916195396
2026-05-31 07:35:00+00:00,Mock tweet 7284,-0.3748190778544078
2026-05-31 07:37:00+00:00,Mock tweet 7285,-0.21241673850818898
2026-05-31 07:37:00+00:00,Mock tweet 7286,-0.25126399541166666
2026-05-31 07:47:00+00:00,Mock tweet 7287,0.02937109591141307
2026-05-31 07:47:00+00:00,Mock tweet 7288,-0.9581076967059161
2026-05-31 07:59:00+00:00,Mock tweet 7289,-0.7326248802802129
2026-05-31 08:05:00+00:00,Mock tweet 7290,0.4227154064739935
2026-05-31 08:11:00+00:00,Mock tweet 7291,-0.793177889676892
2026-05-31 08:11:00+00:00,Mock tweet 7292,0.6107881737686618
2026-05-31 08:24:00+00:00,Mock tweet 7293,-0.7685416859370149
2026-05-31 08:26:00+00:00,Mock tweet 7294,0.0944789392904386
2026-05-31 08:35:00+00:00,Mock tweet 7295,0.3441878090722892
2026-05-31 08:41:00+00:00,Mock tweet 7296,-0.15728611104730827
2026-05-31 08:41:00+00:00,Mock tweet 7297,-0.9384533592020086
2026-05-31 08:44:00+00:00,Mock tweet 7298,0.20805942180305337
2026-05-31 08:46:00+00:00,Mock tweet 7299,-0.15170419176408134
2026-05-31 08:48:00+00:00,Mock tweet 7300,-0.32775171287159655
2026-05-31 08:53:00+00:00,Mock tweet 7301,-0.465977706908689
2026-05-31 09:00:00+00:00,Mock tweet 7302,0.7397498496542627
2026-05-31 09:01:00+00:00,Mock tweet 7303,0.5083820253656166
2026-05-31 09:08:00+00:00,Mock tweet 7304,0.4361410000179158
2026-05-31 09:18:00+00:00,Mock tweet 7305,-0.2326352283129629
2026-05-31 09:20:00+00:00,Mock tweet 7306,-0.01423999531404907
2026-05-31 09:28:00+00:00,Mock tweet 7307,0.8858277442492679
2026-05-31 09:34:00+00:00,Mock tweet 7308,0.11764211508442268
2026-05-31 09:40:00+00:00,Mock tweet 7309,-0.7957623332996793
2026-05-31 09:41:00+00:00,Mock tweet 7310,-0.14537069529612356
2026-05-31 09:44:00+00:00,Mock tweet 7311,-0.04709998510762148
2026-05-31 09:47:00+00:00,Mock tweet 7312,0.22951603146676902
2026-05-31 10:06:00+00:00,Mock tweet 7313,-0.42171393284814096
2026-05-31 10:11:00+00:00,Mock tweet 7314,-0.5116616913457892
2026-05-31 10:16:00+00:00,Mock tweet 7315,0.2204345236615386
2026-05-31 10:17:00+00:00,Mock tweet 7316,0.6846931332549697
2026-05-31 10:22:00+00:00,Mock tweet 7317,0.42569956396642783
2026-05-31 10:24:00+00:00,Mock tweet 7318,0.9527877934915336
2026-05-31 10:24:00+00:00,Mock tweet 7319,0.74968474935335
2026-05-31 10:25:00+00:00,Mock tweet 7320,0.16316016537604905
2026-05-31 10:25:00+00:00,Mock tweet 7321,-0.0812187816544705
2026-05-31 10:31:00+00:00,Mock tweet 7322,-0.8312082290157488
2026-05-31 10:32:00+00:00,Mock tweet 7323,-0.34905296893433335
2026-05-31 10:34:00+00:00,Mock tweet 7324,0.8493540421685883
2026-05-31 10:34:00+00:00,Mock tweet 7325,-0.7316053005917433
2026-05-31 10:37:00+00:00,Mock tweet 7326,0.3299340786050915
2026-05-31 10:41:00+00:00,Mock tweet 7327,-0.6617744273457848
2026-05-31 10:54:00+00:00,Mock tweet 7328,-0.42652543266886234
2026-05-31 11:00:00+00:00,Mock tweet 7329,-0.29442261252390467
2026-05-31 11:00:00+00:00,Mock tweet 7330,-0.9276560138785026
2026-05-31 11:01:00+00:00,Mock tweet 7331,-0.9921006492425597
2026-05-31 11:04:00+00:00,Mock tweet 7332,-0.4775284517334286
2026-05-31 11:05:00+00:00,Mock tweet 7333,-0.9650807488664264
2026-05-31 11:09:00+00:00,Mock tweet 7334,-0.6538896909918317
2026-05-31 11:16:00+00:00,Mock tweet 7335,-0.5982327481086354
2026-05-31 11:19:00+00:00,Mock tweet 7336,0.6796802316837156
2026-05-31 11:19:00+00:00,Mock tweet 7337,0.5724888497044311
2026-05-31 11:21:00+00:00,Mock tweet 7338,-0.25544550430679447
2026-05-31 11:21:00+00:00,Mock tweet 7339,-0.18040063439150789
2026-05-31 11:24:00+00:00,Mock tweet 7340,-0.1924231444459077
2026-05-31 11:24:00+00:00,Mock tweet 7341,0.8434110601714155
2026-05-31 11:31:00+00:00,Mock tweet 7342,0.4102265894129813
2026-05-31 11:36:00+00:00,Mock tweet 7343,-0.9248199932724352
2026-05-31 11:39:00+00:00,Mock tweet 7344,0.8517455793137778
2026-05-31 11:41:00+00:00,Mock tweet 7345,-0.48289973976636014
2026-05-31 12:04:00+00:00,Mock tweet 7346,0.529127595483134
2026-05-31 12:18:00+00:00,Mock tweet 7347,-0.300254542438122
2026-05-31 12:18:00+00:00,Mock tweet 7348,-0.5038476953108662
2026-05-31 12:21:00+00:00,Mock tweet 7349,-0.22616541761058162
2026-05-31 12:22:00+00:00,Mock tweet 7350,0.30732364176900306
2026-05-31 12:23:00+00:00,Mock tweet 7351,-0.9606147469255084
2026-05-31 12:24:00+00:00,Mock tweet 7352,-0.18744938907535458
2026-05-31 12:26:00+00:00,Mock tweet 7353,-0.12989040137050112
2026-05-31 12:33:00+00:00,Mock tweet 7354,0.7657021294567761
2026-05-31 12:44:00+00:00,Mock tweet 7355,-0.5980738880980134
2026-05-31 12:48:00+00:00,Mock tweet 7356,-0.29448449246690256
2026-05-31 12:50:00+00:00,Mock tweet 7357,-0.775657764248256
2026-05-31 12:58:00+00:00,Mock tweet 7358,-0.595244807446679
2026-05-31 12:59:00+00:00,Mock tweet 7359,0.8948471450690172
2026-05-31 13:07:00+00:00,Mock tweet 7360,-0.006574344739783244
2026-05-31 13:16:00+00:00,Mock tweet 7361,0.45853527266609606
2026-05-31 13:19:00+00:00,Mock tweet 7362,-0.8134209342971277
2026-05-31 13:36:00+00:00,Mock tweet 7363,0.2744753493142138
2026-05-31 13:46:00+00:00,Mock tweet 7364,-0.39189539991335565
2026-05-31 13:48:00+00:00,Mock tweet 7365,0.7472769248000779
2026-05-31 13:56:00+00:00,Mock tweet 7366,-0.16073422791500458
2026-05-31 13:56:00+00:00,Mock tweet 7367,-0.13447832245051283
2026-05-31 13:59:00+00:00,Mock tweet 7368,-0.40253258887629384
2026-05-31 14:04:00+00:00,Mock tweet 7369,-0.19415910097227052
2026-05-31 14:04:00+00:00,Mock tweet 7370,0.622976822536824
2026-05-31 14:06:00+00:00,Mock tweet 7371,-0.4814917376922099
2026-05-31 14:07:00+00:00,Mock tweet 7372,-0.6820994593879968
2026-05-31 14:10:00+00:00,Mock tweet 7373,-0.4597306597896982
2026-05-31 14:11:00+00:00,Mock tweet 7374,0.21436779451791743
2026-05-31 14:15:00+00:00,Mock tweet 7375,0.23753646238045167
2026-05-31 14:17:00+00:00,Mock tweet 7376,-0.22230518348077144
2026-05-31 14:19:00+00:00,Mock tweet 7377,-0.5490519874440101
2026-05-31 14:28:00+00:00,Mock tweet 7378,0.3599566564726637
2026-05-31 14:29:00+00:00,Mock tweet 7379,-0.8394649240978036
2026-05-31 14:31:00+00:00,Mock tweet 7380,0.7548740827173599
2026-05-31 14:33:00+00:00,Mock tweet 7381,0.5146676616900123
2026-05-31 14:34:00+00:00,Mock tweet 7382,0.41161846967262616
2026-05-31 14:44:00+00:00,Mock tweet 7383,-0.12521337579727976
2026-05-31 14:45:00+00:00,Mock tweet 7384,-0.7832943893324045
2026-05-31 14:47:00+00:00,Mock tweet 7385,0.7438733069908383
2026-05-31 14:55:00+00:00,Mock tweet 7386,0.7668204533624778
2026-05-31 15:05:00+00:00,Mock tweet 7387,-0.32344262790456724
2026-05-31 15:18:00+00:00,Mock tweet 7388,0.23585527075991664
2026-05-31 15:20:00+00:00,Mock tweet 7389,0.5990339005289553
2026-05-31 15:22:00+00:00,Mock tweet 7390,-0.0927590592587424
2026-05-31 15:23:00+00:00,Mock tweet 7391,0.012627327819904721
2026-05-31 15:26:00+00:00,Mock tweet 7392,-0.23366845364884825
2026-05-31 15:29:00+00:00,Mock tweet 7393,8.300371283293998
2026-05-31 15:35:00+00:00,Mock tweet 7394,-0.3648305837182837
2026-05-31 15:37:00+00:00,Mock tweet 7395,-0.8379759988297295
2026-05-31 15:38:00+00:00,Mock tweet 7396,0.7385977020461663
2026-05-31 15:45:00+00:00,Mock tweet 7397,-0.01988348456338418
2026-05-31 15:50:00+00:00,Mock tweet 7398,-0.5414376501983367
2026-05-31 15:57:00+00:00,Mock tweet 7399,-0.3731529832908471
2026-05-31 16:00:00+00:00,Mock tweet 7400,-0.6102672261269111
2026-05-31 16:02:00+00:00,Mock tweet 7401,0.6798721336034625
2026-05-31 16:07:00+00:00,Mock tweet 7402,0.028165195611817184
2026-05-31 16:09:00+00:00,Mock tweet 7403,-0.6344364123927235
2026-05-31 16:11:00+00:00,Mock tweet 7404,0.47394978918223574
2026-05-31 16:13:00+00:00,Mock tweet 7405,0.5698562462620025
2026-05-31 16:20:00+00:00,Mock tweet 7406,0.37262490485395894
2026-05-31 16:28:00+00:00,Mock tweet 7407,-0.7121337146911364
2026-05-31 16:29:00+00:00,Mock tweet 7408,0.6276224395192873
2026-05-31 16:32:00+00:00,Mock tweet 7409,-0.6390547386245737
2026-05-31 16:34:00+00:00,Mock tweet 7410,0.05397312022223755
2026-05-31 16:36:00+00:00,Mock tweet 7411,0.1744352496466337
2026-05-31 16:38:00+00:00,Mock tweet 7412,0.445456559956001
2026-05-31 16:40:00+00:00,Mock tweet 7413,0.851978907018579
2026-05-31 16:49:00+00:00,Mock tweet 7414,-0.20933238268999865
2026-05-31 16:57:00+00:00,Mock tweet 7415,0.29527300261034983
2026-05-31 16:57:00+00:00,Mock tweet 7416,0.1086337536857811
2026-05-31 16:58:00+00:00,Mock tweet 7417,0.15760113673472453
2026-05-31 17:01:00+00:00,Mock tweet 7418,0.7935502669632686
2026-05-31 17:06:00+00:00,Mock tweet 7419,0.9207029193003358
2026-05-31 17:09:00+00:00,Mock tweet 7420,-0.31613567483103844
2026-05-31 17:10:00+00:00,Mock tweet 7421,0.7804777342031397
2026-05-31 17:11:00+00:00,Mock tweet 7422,-0.30074718451376525
2026-05-31 17:11:00+00:00,Mock tweet 7423,0.9661213828029207
2026-05-31 17:18:00+00:00,Mock tweet 7424,-0.36528321386483076
2026-05-31 17:28:00+00:00,Mock tweet 7425,-0.37467553625303984
2026-05-31 17:28:00+00:00,Mock tweet 7426,-0.6351990583730893
2026-05-31 17:29:00+00:00,Mock tweet 7427,0.49059901921083826
2026-05-31 17:29:00+00:00,Mock tweet 7428,-0.391490876445451
2026-05-31 17:29:00+00:00,Mock tweet 7429,0.5058694136406272
2026-05-31 17:33:00+00:00,Mock tweet 7430,-0.40005963564491465
2026-05-31 17:37:00+00:00,Mock tweet 7431,-0.29896545046377665
2026-05-31 17:53:00+00:00,Mock tweet 7432,0.6444565439545462
2026-05-31 17:54:00+00:00,Mock tweet 7433,-0.4258037443501208
2026-05-31 17:56:00+00:00,Mock tweet 7434,0.48545231037571224
2026-05-31 17:58:00+00:00,Mock tweet 7435,-0.26517368576648037
2026-05-31 17:58:00+00:00,Mock tweet 7436,-0.14612764996765448
2026-05-31 18:08:00+00:00,Mock tweet 7437,-0.12116128109866642
2026-05-31 18:11:00+00:00,Mock tweet 7438,0.9446650323976926
2026-05-31 18:20:00+00:00,Mock tweet 7439,-0.7371696480083612
2026-05-31 18:20:00+00:00,Mock tweet 7440,-0.6831526871776623
2026-05-31 18:20:00+00:00,Mock tweet 7441,-0.774781612092651
2026-05-31 18:25:00+00:00,Mock tweet 7442,0.5089646819554585
2026-05-31 18:27:00+00:00,Mock tweet 7443,0.5281830641123082
2026-05-31 18:31:00+00:00,Mock tweet 7444,-0.719750618031842
2026-05-31 18:32:00+00:00,Mock tweet 7445,-0.9522034948436555
2026-05-31 18:33:00+00:00,Mock tweet 7446,-0.8647018019513324
2026-05-31 18:49:00+00:00,Mock tweet 7447,-0.13838987746278186
2026-05-31 18:49:00+00:00,Mock tweet 7448,0.3879340513707559
2026-05-31 18:50:00+00:00,Mock tweet 7449,-0.6287752433272868
2026-05-31 18:51:00+00:00,Mock tweet 7450,0.6218687504487763
2026-05-31 18:52:00+00:00,Mock tweet 7451,-0.6050209692781066
2026-05-31 19:00:00+00:00,Mock tweet 7452,0.9190642729412466
2026-05-31 19:03:00+00:00,Mock tweet 7453,0.6111931758987013
2026-05-31 19:09:00+00:00,Mock tweet 7454,0.16954691557964896
2026-05-31 19:17:00+00:00,Mock tweet 7455,0.030473483937974777
2026-05-31 19:22:00+00:00,Mock tweet 7456,0.2198881211000301
2026-05-31 19:27:00+00:00,Mock tweet 7457,0.3210449534403259
2026-05-31 19:37:00+00:00,Mock tweet 7458,-0.12391972524098493
2026-05-31 19:40:00+00:00,Mock tweet 7459,0.9932549617802939
2026-05-31 19:48:00+00:00,Mock tweet 7460,-0.8544741936923819
2026-05-31 19:48:00+00:00,Mock tweet 7461,0.8627166594359528
2026-05-31 19:57:00+00:00,Mock tweet 7462,0.7304001030168104
2026-05-31 19:58:00+00:00,Mock tweet 7463,0.7575459234600257
2026-05-31 20:00:00+00:00,Mock tweet 7464,0.2875938330970438
2026-05-31 20:06:00+00:00,Mock tweet 7465,-0.5261897715086636
2026-05-31 20:08:00+00:00,Mock tweet 7466,0.3424211590242865
2026-05-31 20:09:00+00:00,Mock tweet 7467,-0.5264641772320922
2026-05-31 20:12:00+00:00,Mock tweet 7468,-0.6526454186732198
2026-05-31 20:15:00+00:00,Mock tweet 7469,-0.36773894194126533
2026-05-31 20:19:00+00:00,Mock tweet 7470,-0.19022454107998943
2026-05-31 20:22:00+00:00,Mock tweet 7471,0.2897916746392337
2026-05-31 20:24:00+00:00,Mock tweet 7472,0.17998919033637106
2026-05-31 20:26:00+00:00,Mock tweet 7473,-0.8694695219152164
2026-05-31 20:34:00+00:00,Mock tweet 7474,-0.12909375459061523
2026-05-31 20:42:00+00:00,Mock tweet 7475,-0.8049108714713393
2026-05-31 21:09:00+00:00,Mock tweet 7476,0.7367875058460271
2026-05-31 21:09:00+00:00,Mock tweet 7477,0.6777853175643216
2026-05-31 21:11:00+00:00,Mock tweet 7478,0.007132433674445382
2026-05-31 21:13:00+00:00,Mock tweet 7479,-0.1901468208612569
2026-05-31 21:18:00+00:00,Mock tweet 7480,0.21078116034084848
2026-05-31 21:31:00+00:00,Mock tweet 7481,0.39479138238503975
2026-05-31 21:43:00+00:00,Mock tweet 7482,0.05317261566895182
2026-05-31 21:48:00+00:00,Mock tweet 7483,-0.0074422051025344604
2026-05-31 22:03:00+00:00,Mock tweet 7484,0.34062622541641785
2026-05-31 22:10:00+00:00,Mock tweet 7485,0.6351467953106213
2026-05-31 22:10:00+00:00,Mock tweet 7486,0.5897452654170303
2026-05-31 22:13:00+00:00,Mock tweet 7487,5.738619482048062
2026-05-31 22:13:00+00:00,Mock tweet 7488,-0.5654987714514454
2026-05-31 22:21:00+00:00,Mock tweet 7489,-0.4074100704132084
2026-05-31 22:27:00+00:00,Mock tweet 7490,-0.7023114823995857
2026-05-31 22:33:00+00:00,Mock tweet 7491,0.3912118243163236
2026-05-31 22:36:00+00:00,Mock tweet 7492,0.5190239732356314
2026-05-31 22:44:00+00:00,Mock tweet 7493,-0.9144995614919111
2026-05-31 22:45:00+00:00,Mock tweet 7494,0.7822359572396982
2026-05-31 22:50:00+00:00,Mock tweet 7495,-0.19334484310429234
2026-05-31 22:54:00+00:00,Mock tweet 7496,-0.3625364970474252
2026-05-31 22:55:00+00:00,Mock tweet 7497,-0.030404725538044186
2026-05-31 22:56:00+00:00,Mock tweet 7498,0.7513196819389683
2026-05-31 22:58:00+00:00,Mock tweet 7499,0.787831404235303
2026-05-31 23:05:00+00:00,Mock tweet 7500,-0.9832696785455506
2026-05-31 23:05:00+00:00,Mock tweet 7501,0.052587414647873754
2026-05-31 23:07:00+00:00,Mock tweet 7502,-0.34989325554460216
2026-05-31 23:09:00+00:00,Mock tweet 7503,0.7272960081645152
2026-05-31 23:36:00+00:00,Mock tweet 7504,0.3337138717835475
2026-05-31 23:38:00+00:00,Mock tweet 7505,0.09406792388235918
2026-05-31 23:39:00+00:00,Mock tweet 7506,-0.4897857176908751
2026-05-31 23:42:00+00:00,Mock tweet 7507,-0.04966053916618818
2026-05-31 23:48:00+00:00,Mock tweet 7508,0.4655287877795682
2026-05-31 23:51:00+00:00,Mock tweet 7509,-0.11987208473590383
2026-06-01 00:10:00+00:00,Mock tweet 7510,0.8523833138502721
2026-06-01 00:15:00+00:00,Mock tweet 7511,0.5013715895430295
2026-06-01 00:19:00+00:00,Mock tweet 7512,-0.061328390129509636
2026-06-01 00:22:00+00:00,Mock tweet 7513,0.1296065113586149
2026-06-01 00:23:00+00:00,Mock tweet 7514,-0.8140636823303371
2026-06-01 00:28:00+00:00,Mock tweet 7515,-0.9986934550084028
2026-06-01 00:36:00+00:00,Mock tweet 7516,0.9512849258822078
2026-06-01 00:36:00+00:00,Mock tweet 7517,-0.07425855509657042
2026-06-01 00:38:00+00:00,Mock tweet 7518,-0.5054080603791884
2026-06-01 00:42:00+00:00,Mock tweet 7519,0.13338917075367296
2026-06-01 00:44:00+00:00,Mock tweet 7520,-0.7385089585268101
2026-06-01 00:44:00+00:00,Mock tweet 7521,0.06871109136721376
2026-06-01 00:48:00+00:00,Mock tweet 7522,0.9124545604587371
2026-06-01 01:10:00+00:00,Mock tweet 7523,-0.9402351111953609
2026-06-01 01:11:00+00:00,Mock tweet 7524,-0.8469315923049765
2026-06-01 01:14:00+00:00,Mock tweet 7525,-0.7821040162254542
2026-06-01 01:14:00+00:00,Mock tweet 7526,-0.7019977093183036
2026-06-01 01:21:00+00:00,Mock tweet 7527,-0.5310779875726364
2026-06-01 01:30:00+00:00,Mock tweet 7528,-0.6373282537443807
2026-06-01 01:34:00+00:00,Mock tweet 7529,-0.9944240750452404
2026-06-01 01:38:00+00:00,Mock tweet 7530,0.519898181342568
2026-06-01 01:40:00+00:00,Mock tweet 7531,0.008625335778573273
2026-06-01 01:42:00+00:00,Mock tweet 7532,-0.6988134330849884
2026-06-01 01:48:00+00:00,Mock tweet 7533,0.9081633127247017
2026-06-01 01:49:00+00:00,Mock tweet 7534,0.7121994762529247
2026-06-01 01:50:00+00:00,Mock tweet 7535,-0.050994822289759156
2026-06-01 01:51:00+00:00,Mock tweet 7536,-0.7713883038637588
2026-06-01 01:53:00+00:00,Mock tweet 7537,0.7222333246930768
2026-06-01 01:59:00+00:00,Mock tweet 7538,-0.6378012773708182
2026-06-01 01:59:00+00:00,Mock tweet 7539,-0.33193406581091933
2026-06-01 02:00:00+00:00,Mock tweet 7540,-0.3410123138194663
2026-06-01 02:01:00+00:00,Mock tweet 7541,-0.16159758025128368
2026-06-01 02:06:00+00:00,Mock tweet 7542,-0.7386946762083315
2026-06-01 02:12:00+00:00,Mock tweet 7543,0.3715533906213362
2026-06-01 02:13:00+00:00,Mock tweet 7544,0.6602526953100292
2026-06-01 02:16:00+00:00,Mock tweet 7545,-0.5630888985236107
2026-06-01 02:16:00+00:00,Mock tweet 7546,0.1985106069047604
2026-06-01 02:21:00+00:00,Mock tweet 7547,-0.6356569244038861
2026-06-01 02:24:00+00:00,Mock tweet 7548,-0.8804592138042018
2026-06-01 02:25:00+00:00,Mock tweet 7549,0.2873751755238634
2026-06-01 02:28:00+00:00,Mock tweet 7550,-0.39458456452319735
2026-06-01 02:33:00+00:00,Mock tweet 7551,-0.43597785189103444
2026-06-01 02:48:00+00:00,Mock tweet 7552,-0.17738772002525094
2026-06-01 02:52:00+00:00,Mock tweet 7553,0.48330711068533505
2026-06-01 02:52:00+00:00,Mock tweet 7554,-0.6299999379487187
2026-06-01 02:54:00+00:00,Mock tweet 7555,0.9296881046030263
2026-06-01 03:01:00+00:00,Mock tweet 7556,0.8929663969041504
2026-06-01 03:06:00+00:00,Mock tweet 7557,-0.6404679095739834
2026-06-01 03:13:00+00:00,Mock tweet 7558,-0.12093735232436664
2026-06-01 03:38:00+00:00,Mock tweet 7559,-0.7573249391084413
2026-06-01 03:39:00+00:00,Mock tweet 7560,-0.9293117562269964
2026-06-01 03:41:00+00:00,Mock tweet 7561,-0.40563057894861965
2026-06-01 03:41:00+00:00,Mock tweet 7562,0.04375945592139785
2026-06-01 03:45:00+00:00,Mock tweet 7563,-0.2531829383685156
2026-06-01 03:46:00+00:00,Mock tweet 7564,0.4279158323278984
2026-06-01 03:52:00+00:00,Mock tweet 7565,-0.923792196429944
2026-06-01 03:53:00+00:00,Mock tweet 7566,0.4902237290817748
2026-06-01 03:59:00+00:00,Mock tweet 7567,0.5622542200540581
2026-06-01 04:04:00+00:00,Mock tweet 7568,0.3300599253641756
2026-06-01 04:04:00+00:00,Mock tweet 7569,-0.2399208635916832
2026-06-01 04:13:00+00:00,Mock tweet 7570,-0.8912744348377406
2026-06-01 04:15:00+00:00,Mock tweet 7571,-0.3773249578308706
2026-06-01 04:18:00+00:00,Mock tweet 7572,0.055812896394947575
2026-06-01 04:19:00+00:00,Mock tweet 7573,-0.5786866751583846
2026-06-01 04:23:00+00:00,Mock tweet 7574,0.31588265227172707
2026-06-01 04:24:00+00:00,Mock tweet 7575,-0.4663836086315387
2026-06-01 04:25:00+00:00,Mock tweet 7576,0.4053199187238068
2026-06-01 04:27:00+00:00,Mock tweet 7577,-0.02134661560008988
2026-06-01 04:31:00+00:00,Mock tweet 7578,-0.8378345155624907
2026-06-01 04:33:00+00:00,Mock tweet 7579,0.9821928351924498
2026-06-01 04:44:00+00:00,Mock tweet 7580,0.8857434984964128
2026-06-01 04:46:00+00:00,Mock tweet 7581,0.775147169468706
2026-06-01 04:47:00+00:00,Mock tweet 7582,0.8452062518902603
2026-06-01 04:50:00+00:00,Mock tweet 7583,0.7545754899773642
2026-06-01 04:52:00+00:00,Mock tweet 7584,0.2277002062798119
2026-06-01 04:52:00+00:00,Mock tweet 7585,0.8875556036342533
2026-06-01 05:01:00+00:00,Mock tweet 7586,-0.29820297943578966
2026-06-01 05:16:00+00:00,Mock tweet 7587,-0.7212747663464765
2026-06-01 05:17:00+00:00,Mock tweet 7588,-0.9766724067318195
2026-06-01 05:19:00+00:00,Mock tweet 7589,0.2026305229152512
2026-06-01 05:31:00+00:00,Mock tweet 7590,0.9872794081813061
2026-06-01 05:37:00+00:00,Mock tweet 7591,-0.4008717405592279
2026-06-01 05:38:00+00:00,Mock tweet 7592,0.8648955017126048
2026-06-01 05:43:00+00:00,Mock tweet 7593,0.7793783678081188
2026-06-01 05:44:00+00:00,Mock tweet 7594,-0.680032917647281
2026-06-01 05:45:00+00:00,Mock tweet 7595,0.6421447285401851
2026-06-01 05:46:00+00:00,Mock tweet 7596,0.711561331499255
2026-06-01 05:56:00+00:00,Mock tweet 7597,0.0864531071275425
2026-06-01 05:59:00+00:00,Mock tweet 7598,0.3339577638374889
2026-06-01 06:07:00+00:00,Mock tweet 7599,-0.5494196716625159
2026-06-01 06:11:00+00:00,Mock tweet 7600,-0.0012452771670143914
2026-06-01 06:12:00+00:00,Mock tweet 7601,6.767419143755541
2026-06-01 06:14:00+00:00,Mock tweet 7602,0.13121439890505648
2026-06-01 06:18:00+00:00,Mock tweet 7603,0.2954433668509908
2026-06-01 06:20:00+00:00,Mock tweet 7604,0.5531884928957418
2026-06-01 06:28:00+00:00,Mock tweet 7605,0.9315996068448882
2026-06-01 06:28:00+00:00,Mock tweet 7606,0.5852309497449528
2026-06-01 06:32:00+00:00,Mock tweet 7607,0.15593868216056084
2026-06-01 06:32:00+00:00,Mock tweet 7608,0.5219449481583844
2026-06-01 06:33:00+00:00,Mock tweet 7609,-0.9241299453346246
2026-06-01 06:44:00+00:00,Mock tweet 7610,-0.9565452734098276
2026-06-01 06:45:00+00:00,Mock tweet 7611,6.27961669316842
2026-06-01 06:45:00+00:00,Mock tweet 7612,0.10294725990116116
2026-06-01 06:46:00+00:00,Mock tweet 7613,-0.21648364290418232
2026-06-01 06:47:00+00:00,Mock tweet 7614,0.2625852399175548
2026-06-01 06:52:00+00:00,Mock tweet 7615,-0.043136321499355645
2026-06-01 07:04:00+00:00,Mock tweet 7616,-0.3338132454827263
2026-06-01 07:05:00+00:00,Mock tweet 7617,0.5743429392766324
2026-06-01 07:12:00+00:00,Mock tweet 7618,0.08363236517363526
2026-06-01 07:13:00+00:00,Mock tweet 7619,0.16691341409522176
2026-06-01 07:15:00+00:00,Mock tweet 7620,0.3621155240937757
2026-06-01 07:18:00+00:00,Mock tweet 7621,0.6619111946599674
2026-06-01 07:19:00+00:00,Mock tweet 7622,-0.6654581806602176
2026-06-01 07:36:00+00:00,Mock tweet 7623,-0.2008168137640951
2026-06-01 07:36:00+00:00,Mock tweet 7624,0.46086700258295177
2026-06-01 07:37:00+00:00,Mock tweet 7625,-0.39045760669365603
2026-06-01 07:38:00+00:00,Mock tweet 7626,-0.5751871668514588
2026-06-01 07:39:00+00:00,Mock tweet 7627,0.3362594884373513
2026-06-01 07:44:00+00:00,Mock tweet 7628,0.009845174951332192
2026-06-01 07:44:00+00:00,Mock tweet 7629,-0.8441484662299135
2026-06-01 07:49:00+00:00,Mock tweet 7630,0.45377336256425993
2026-06-01 08:05:00+00:00,Mock tweet 7631,0.7652745810068124
2026-06-01 08:06:00+00:00,Mock tweet 7632,-0.7572334210277871
2026-06-01 08:08:00+00:00,Mock tweet 7633,-0.0386366338012909
2026-06-01 08:13:00+00:00,Mock tweet 7634,0.044702336803533305
2026-06-01 08:22:00+00:00,Mock tweet 7635,0.5247236692594446
2026-06-01 08:33:00+00:00,Mock tweet 7636,0.775651891234642
2026-06-01 08:33:00+00:00,Mock tweet 7637,0.6866331768254628
2026-06-01 08:38:00+00:00,Mock tweet 7638,0.4777162012421321
2026-06-01 08:41:00+00:00,Mock tweet 7639,0.6214466509979333
2026-06-01 08:55:00+00:00,Mock tweet 7640,0.2686117213926058
2026-06-01 08:55:00+00:00,Mock tweet 7641,-0.9633809453965005
2026-06-01 08:57:00+00:00,Mock tweet 7642,-0.8570620039422927
2026-06-01 09:02:00+00:00,Mock tweet 7643,-0.5451362640861868
2026-06-01 09:05:00+00:00,Mock tweet 7644,-0.19972321432981377
2026-06-01 09:09:00+00:00,Mock tweet 7645,0.02644396354162426
2026-06-01 09:10:00+00:00,Mock tweet 7646,-0.44506710922755044
2026-06-01 09:11:00+00:00,Mock tweet 7647,-0.5419124187977322
2026-06-01 09:17:00+00:00,Mock tweet 7648,-0.6371826125113615
2026-06-01 09:18:00+00:00,Mock tweet 7649,-0.30012556379096256
2026-06-01 09:20:00+00:00,Mock tweet 7650,0.0967939988061064
2026-06-01 09:23:00+00:00,Mock tweet 7651,-0.1374195297375973
2026-06-01 09:23:00+00:00,Mock tweet 7652,0.7776382062449012
2026-06-01 09:24:00+00:00,Mock tweet 7653,0.45699080873127174
2026-06-01 09:33:00+00:00,Mock tweet 7654,0.44480097376643224
2026-06-01 09:41:00+00:00,Mock tweet 7655,-0.5578987421805806
2026-06-01 09:51:00+00:00,Mock tweet 7656,0.22811003238219252
2026-06-01 09:52:00+00:00,Mock tweet 7657,-0.8534057625646181
2026-06-01 09:54:00+00:00,Mock tweet 7658,0.8052928924425666
2026-06-01 10:02:00+00:00,Mock tweet 7659,-0.48024398432148074
2026-06-01 10:04:00+00:00,Mock tweet 7660,-0.8828671224492961
2026-06-01 10:05:00+00:00,Mock tweet 7661,0.5058294138398713
2026-06-01 10:10:00+00:00,Mock tweet 7662,0.046999400317697004
2026-06-01 10:21:00+00:00,Mock tweet 7663,0.41668144392142703
2026-06-01 10:22:00+00:00,Mock tweet 7664,-0.28359044391102173
2026-06-01 10:24:00+00:00,Mock tweet 7665,0.38421135560717556
2026-06-01 10:28:00+00:00,Mock tweet 7666,0.5052789659662391
2026-06-01 10:43:00+00:00,Mock tweet 7667,0.16523349368744245
2026-06-01 10:43:00+00:00,Mock tweet 7668,0.7079796277272112
2026-06-01 10:44:00+00:00,Mock tweet 7669,0.029423805966896532
2026-06-01 10:45:00+00:00,Mock tweet 7670,0.1062200613588129
2026-06-01 10:48:00+00:00,Mock tweet 7671,-0.17153958209178533
2026-06-01 10:52:00+00:00,Mock tweet 7672,0.8564314522114902
2026-06-01 10:57:00+00:00,Mock tweet 7673,-0.7405884091511226
2026-06-01 11:04:00+00:00,Mock tweet 7674,-0.5564266806917746
2026-06-01 11:06:00+00:00,Mock tweet 7675,0.07585056604309282
2026-06-01 11:10:00+00:00,Mock tweet 7676,0.565912354203818
2026-06-01 11:26:00+00:00,Mock tweet 7677,-0.8622377179170251
2026-06-01 11:32:00+00:00,Mock tweet 7678,0.26792441269371725
2026-06-01 11:34:00+00:00,Mock tweet 7679,-0.9732850304796059
2026-06-01 11:34:00+00:00,Mock tweet 7680,-0.12336742573889192
2026-06-01 11:41:00+00:00,Mock tweet 7681,-0.2890723827642856
2026-06-01 11:52:00+00:00,Mock tweet 7682,-0.542734760037463
2026-06-01 11:53:00+00:00,Mock tweet 7683,0.42171552613321395
2026-06-01 11:56:00+00:00,Mock tweet 7684,0.18630123801703347
2026-06-01 12:10:00+00:00,Mock tweet 7685,-0.33922732591068994
2026-06-01 12:11:00+00:00,Mock tweet 7686,-0.7945536433043707
2026-06-01 12:13:00+00:00,Mock tweet 7687,0.1207047798015537
2026-06-01 12:17:00+00:00,Mock tweet 7688,-0.01654250342147967
2026-06-01 12:24:00+00:00,Mock tweet 7689,0.747165248293379
2026-06-01 12:30:00+00:00,Mock tweet 7690,-0.2887169539950214
2026-06-01 12:31:00+00:00,Mock tweet 7691,0.23719695187652934
2026-06-01 12:32:00+00:00,Mock tweet 7692,0.4283972466916355
2026-06-01 12:40:00+00:00,Mock tweet 7693,0.6869234383432481
2026-06-01 12:48:00+00:00,Mock tweet 7694,0.14584309627689862
2026-06-01 12:57:00+00:00,Mock tweet 7695,-0.9943795917870317
2026-06-01 12:59:00+00:00,Mock tweet 7696,-0.033362991957744725
2026-06-01 13:04:00+00:00,Mock tweet 7697,-0.469958138137617
2026-06-01 13:07:00+00:00,Mock tweet 7698,0.4380821527498311
2026-06-01 13:12:00+00:00,Mock tweet 7699,6.835356000243348
2026-06-01 13:18:00+00:00,Mock tweet 7700,0.06390145728585828
2026-06-01 13:25:00+00:00,Mock tweet 7701,-0.20025741424797294
2026-06-01 13:27:00+00:00,Mock tweet 7702,-0.30198077467783624
2026-06-01 13:32:00+00:00,Mock tweet 7703,-0.5703174592780913
2026-06-01 13:38:00+00:00,Mock tweet 7704,-0.05334300812396653
2026-06-01 13:44:00+00:00,Mock tweet 7705,-0.4158171779927722
2026-06-01 13:45:00+00:00,Mock tweet 7706,0.6507174897851093
2026-06-01 13:54:00+00:00,Mock tweet 7707,-0.9097083363743053
2026-06-01 14:03:00+00:00,Mock tweet 7708,0.3275693458194784
2026-06-01 14:03:00+00:00,Mock tweet 7709,-0.23490000741368977
2026-06-01 14:09:00+00:00,Mock tweet 7710,0.4344693364289334
2026-06-01 14:15:00+00:00,Mock tweet 7711,0.03780196000025926
2026-06-01 14:24:00+00:00,Mock tweet 7712,-0.09977214758913622
2026-06-01 14:26:00+00:00,Mock tweet 7713,0.42366055530049285
2026-06-01 14:33:00+00:00,Mock tweet 7714,-0.8464202848040521
2026-06-01 14:34:00+00:00,Mock tweet 7715,0.20401851244833114
2026-06-01 14:37:00+00:00,Mock tweet 7716,0.7845535583191201
2026-06-01 14:47:00+00:00,Mock tweet 7717,0.48556960154144035
2026-06-01 14:47:00+00:00,Mock tweet 7718,0.5274138910454491
2026-06-01 14:52:00+00:00,Mock tweet 7719,0.024118897466622657
2026-06-01 14:55:00+00:00,Mock tweet 7720,0.43986567697791257
2026-06-01 15:01:00+00:00,Mock tweet 7721,0.6837917085875824
2026-06-01 15:02:00+00:00,Mock tweet 7722,0.025799700506544676
2026-06-01 15:14:00+00:00,Mock tweet 7723,-0.9600923339789138
2026-06-01 15:16:00+00:00,Mock tweet 7724,-0.6685492235536503
2026-06-01 15:17:00+00:00,Mock tweet 7725,0.05321302225563729
2026-06-01 15:19:00+00:00,Mock tweet 7726,-0.488027517799849
2026-06-01 15:35:00+00:00,Mock tweet 7727,-0.035776985841873055
2026-06-01 15:40:00+00:00,Mock tweet 7728,-0.7909525439488416
2026-06-01 15:46:00+00:00,Mock tweet 7729,0.5636544116424256
2026-06-01 15:48:00+00:00,Mock tweet 7730,-0.5825961497503256
2026-06-01 15:49:00+00:00,Mock tweet 7731,-0.7810896893013493
2026-06-01 15:57:00+00:00,Mock tweet 7732,-0.16318957229311293
2026-06-01 15:57:00+00:00,Mock tweet 7733,0.6782207070286914
2026-06-01 15:57:00+00:00,Mock tweet 7734,0.12962595598099913
2026-06-01 15:58:00+00:00,Mock tweet 7735,0.5134484378574189
2026-06-01 16:10:00+00:00,Mock tweet 7736,-0.24834797183220436
2026-06-01 16:11:00+00:00,Mock tweet 7737,0.4285387515531125
2026-06-01 16:15:00+00:00,Mock tweet 7738,-0.5143904090030216
2026-06-01 16:28:00+00:00,Mock tweet 7739,0.22244940233980914
2026-06-01 16:32:00+00:00,Mock tweet 7740,-0.24933808277192404
2026-06-01 16:32:00+00:00,Mock tweet 7741,0.6509302880411747
2026-06-01 16:33:00+00:00,Mock tweet 7742,-0.9192796802658212
2026-06-01 16:38:00+00:00,Mock tweet 7743,-0.3987279319322816
2026-06-01 16:55:00+00:00,Mock tweet 7744,-0.5327714285926177
2026-06-01 17:07:00+00:00,Mock tweet 7745,0.07596484663244985
2026-06-01 17:26:00+00:00,Mock tweet 7746,-0.1876010699266577
2026-06-01 17:32:00+00:00,Mock tweet 7747,-0.030155322692206
2026-06-01 17:36:00+00:00,Mock tweet 7748,0.6044597446511171
2026-06-01 17:38:00+00:00,Mock tweet 7749,-0.0031002164762101714
2026-06-01 17:40:00+00:00,Mock tweet 7750,-0.15113668077957154
2026-06-01 17:45:00+00:00,Mock tweet 7751,0.40384088755089076
2026-06-01 17:51:00+00:00,Mock tweet 7752,0.292321313749369
2026-06-01 18:01:00+00:00,Mock tweet 7753,-0.7415624529379878
2026-06-01 18:03:00+00:00,Mock tweet 7754,-0.850537585312422
2026-06-01 18:10:00+00:00,Mock tweet 7755,-0.7971265019858624
2026-06-01 18:22:00+00:00,Mock tweet 7756,-0.6955232170522234
2026-06-01 18:26:00+00:00,Mock tweet 7757,-0.8414551227098102
2026-06-01 18:34:00+00:00,Mock tweet 7758,-0.03119278068466924
2026-06-01 18:46:00+00:00,Mock tweet 7759,0.8861421362593855
2026-06-01 18:49:00+00:00,Mock tweet 7760,0.6672779189070659
2026-06-01 19:02:00+00:00,Mock tweet 7761,-0.7876121286669107
2026-06-01 19:08:00+00:00,Mock tweet 7762,0.5046151940225145
2026-06-01 19:21:00+00:00,Mock tweet 7763,-0.7546405671310843
2026-06-01 19:24:00+00:00,Mock tweet 7764,-0.6543886245595039
2026-06-01 19:25:00+00:00,Mock tweet 7765,0.7711325260227635
2026-06-01 19:35:00+00:00,Mock tweet 7766,-0.06417001000770584
2026-06-01 19:36:00+00:00,Mock tweet 7767,0.6394555174168659
2026-06-01 19:41:00+00:00,Mock tweet 7768,-0.6254021726195256
2026-06-01 19:49:00+00:00,Mock tweet 7769,-0.21573758539213017
2026-06-01 19:54:00+00:00,Mock tweet 7770,-0.8222238819763004
2026-06-01 19:57:00+00:00,Mock tweet 7771,0.7479578796001971
2026-06-01 19:59:00+00:00,Mock tweet 7772,-0.5050025362293649
2026-06-01 20:03:00+00:00,Mock tweet 7773,-0.4507390931019999
2026-06-01 20:11:00+00:00,Mock tweet 7774,-0.9261816069211051
2026-06-01 20:17:00+00:00,Mock tweet 7775,0.6481254361072235
2026-06-01 20:19:00+00:00,Mock tweet 7776,-0.7233813466654488
2026-06-01 20:19:00+00:00,Mock tweet 7777,0.9697854972499707
2026-06-01 20:21:00+00:00,Mock tweet 7778,0.14816101752711663
2026-06-01 20:23:00+00:00,Mock tweet 7779,0.16773058791386997
2026-06-01 20:24:00+00:00,Mock tweet 7780,-0.48250957875975575
2026-06-01 20:31:00+00:00,Mock tweet 7781,-0.44554384459230834
2026-06-01 20:32:00+00:00,Mock tweet 7782,-0.6177404864125404
2026-06-01 20:38:00+00:00,Mock tweet 7783,0.6954013140159698
2026-06-01 20:40:00+00:00,Mock tweet 7784,0.9272552201732627
2026-06-01 20:51:00+00:00,Mock tweet 7785,-0.4898460697202729
2026-06-01 21:00:00+00:00,Mock tweet 7786,-0.34108985891344146
2026-06-01 21:17:00+00:00,Mock tweet 7787,-0.6913624212505685
2026-06-01 21:20:00+00:00,Mock tweet 7788,0.5148299252520223
2026-06-01 21:27:00+00:00,Mock tweet 7789,-0.995553303790442
2026-06-01 21:30:00+00:00,Mock tweet 7790,-0.17901196568325695
2026-06-01 21:31:00+00:00,Mock tweet 7791,0.18925054999047686
2026-06-01 21:35:00+00:00,Mock tweet 7792,-0.7277142887330383
2026-06-01 21:38:00+00:00,Mock tweet 7793,0.07366495280553931
2026-06-01 21:54:00+00:00,Mock tweet 7794,-0.7658496366484466
2026-06-01 21:54:00+00:00,Mock tweet 7795,-0.34698618485797694
2026-06-01 22:02:00+00:00,Mock tweet 7796,0.6827480197838351
2026-06-01 22:07:00+00:00,Mock tweet 7797,-0.08326045254883696
2026-06-01 22:08:00+00:00,Mock tweet 7798,-0.7480366014203068
2026-06-01 22:10:00+00:00,Mock tweet 7799,-0.26978040506865786
2026-06-01 22:11:00+00:00,Mock tweet 7800,-0.556259094363105
2026-06-01 22:13:00+00:00,Mock tweet 7801,-0.28534847294894305
2026-06-01 22:14:00+00:00,Mock tweet 7802,0.7567195813545049
2026-06-01 22:15:00+00:00,Mock tweet 7803,0.10017057879166091
2026-06-01 22:16:00+00:00,Mock tweet 7804,0.7352729458246456
2026-06-01 22:18:00+00:00,Mock tweet 7805,-0.11213923427888339
2026-06-01 22:19:00+00:00,Mock tweet 7806,-0.8494938212506644
2026-06-01 22:22:00+00:00,Mock tweet 7807,0.9772948136506958
2026-06-01 22:23:00+00:00,Mock tweet 7808,-0.06084612398073852
2026-06-01 22:31:00+00:00,Mock tweet 7809,0.9838493316011647
2026-06-01 22:32:00+00:00,Mock tweet 7810,-0.1881780826422379
2026-06-01 22:32:00+00:00,Mock tweet 7811,0.018119464130486707
2026-06-01 22:37:00+00:00,Mock tweet 7812,-0.8063200351446922
2026-06-01 22:39:00+00:00,Mock tweet 7813,-0.024984633966292025
2026-06-01 22:42:00+00:00,Mock tweet 7814,-0.3541585425528211
2026-06-01 22:44:00+00:00,Mock tweet 7815,0.2045138660687098
2026-06-01 22:45:00+00:00,Mock tweet 7816,-0.16589618651154692
2026-06-01 22:45:00+00:00,Mock tweet 7817,-0.49786383620406105
2026-06-01 22:46:00+00:00,Mock tweet 7818,5.430895344584898
2026-06-01 22:47:00+00:00,Mock tweet 7819,-0.8578886638680328
2026-06-01 22:47:00+00:00,Mock tweet 7820,0.1331936052948739
2026-06-01 22:48:00+00:00,Mock tweet 7821,0.2714534075672792
2026-06-01 22:59:00+00:00,Mock tweet 7822,0.928377529642805
2026-06-01 23:07:00+00:00,Mock tweet 7823,-0.1957313132720031
2026-06-01 23:08:00+00:00,Mock tweet 7824,-0.566897408865952
2026-06-01 23:08:00+00:00,Mock tweet 7825,-0.09677344354206485
2026-06-01 23:10:00+00:00,Mock tweet 7826,-0.07040337325632251
2026-06-01 23:19:00+00:00,Mock tweet 7827,0.9648736716118766
2026-06-01 23:25:00+00:00,Mock tweet 7828,0.43476656532684066
2026-06-01 23:27:00+00:00,Mock tweet 7829,-0.13733927920519995
2026-06-01 23:31:00+00:00,Mock tweet 7830,0.16413953551615812
2026-06-01 23:35:00+00:00,Mock tweet 7831,0.14809927792106126
2026-06-01 23:36:00+00:00,Mock tweet 7832,-0.6831975404492325
2026-06-01 23:40:00+00:00,Mock tweet 7833,-0.41445005475362984
2026-06-01 23:40:00+00:00,Mock tweet 7834,0.5091350443326952
2026-06-01 23:46:00+00:00,Mock tweet 7835,-0.6494375428033805
2026-06-01 23:46:00+00:00,Mock tweet 7836,-0.5512132238525305
2026-06-01 23:51:00+00:00,Mock tweet 7837,0.869862740915577
2026-06-02 00:01:00+00:00,Mock tweet 7838,-0.6518329110065464
2026-06-02 00:02:00+00:00,Mock tweet 7839,-0.21566203339454404
2026-06-02 00:05:00+00:00,Mock tweet 7840,0.2711963684889447
2026-06-02 00:15:00+00:00,Mock tweet 7841,0.203221863027216
2026-06-02 00:21:00+00:00,Mock tweet 7842,0.09918194880617559
2026-06-02 00:23:00+00:00,Mock tweet 7843,0.4276105203386018
2026-06-02 00:31:00+00:00,Mock tweet 7844,0.947004970199786
2026-06-02 00:31:00+00:00,Mock tweet 7845,-0.3333247641335606
2026-06-02 00:41:00+00:00,Mock tweet 7846,-0.7852450755318223
2026-06-02 00:42:00+00:00,Mock tweet 7847,0.9326743171563434
2026-06-02 01:00:00+00:00,Mock tweet 7848,0.9701902066367734
2026-06-02 01:04:00+00:00,Mock tweet 7849,0.44967422943484814
2026-06-02 01:07:00+00:00,Mock tweet 7850,0.34448341485449596
2026-06-02 01:07:00+00:00,Mock tweet 7851,-0.4040219040472577
2026-06-02 01:18:00+00:00,Mock tweet 7852,-0.9571255544573809
2026-06-02 01:22:00+00:00,Mock tweet 7853,0.893883264672056
2026-06-02 01:26:00+00:00,Mock tweet 7854,0.22461348728980357
2026-06-02 01:28:00+00:00,Mock tweet 7855,0.47326949819641895
2026-06-02 01:36:00+00:00,Mock tweet 7856,-0.7483992361274268
2026-06-02 02:04:00+00:00,Mock tweet 7857,0.9562506006405203
2026-06-02 02:16:00+00:00,Mock tweet 7858,0.23672715012650136
2026-06-02 02:25:00+00:00,Mock tweet 7859,6.112111171903386
2026-06-02 02:31:00+00:00,Mock tweet 7860,0.9926790829357193
2026-06-02 02:34:00+00:00,Mock tweet 7861,-0.011540153788817342
2026-06-02 02:36:00+00:00,Mock tweet 7862,0.2901450084958239
2026-06-02 02:36:00+00:00,Mock tweet 7863,0.7014896185526756
2026-06-02 02:39:00+00:00,Mock tweet 7864,-0.39962452827773354
2026-06-02 02:46:00+00:00,Mock tweet 7865,0.5883850641395934
2026-06-02 02:49:00+00:00,Mock tweet 7866,0.1522664606676809
2026-06-02 02:54:00+00:00,Mock tweet 7867,9.702463499774968
2026-06-02 02:59:00+00:00,Mock tweet 7868,-0.06488697282368672
2026-06-02 03:02:00+00:00,Mock tweet 7869,-0.023448066884151464
2026-06-02 03:03:00+00:00,Mock tweet 7870,-0.41533278265641593
2026-06-02 03:11:00+00:00,Mock tweet 7871,-0.841713989175193
2026-06-02 03:11:00+00:00,Mock tweet 7872,0.7262598738824639
2026-06-02 03:17:00+00:00,Mock tweet 7873,0.596467647040954
2026-06-02 03:18:00+00:00,Mock tweet 7874,-0.21609271742516434
2026-06-02 03:24:00+00:00,Mock tweet 7875,0.5435637111446954
2026-06-02 03:25:00+00:00,Mock tweet 7876,0.4044616426287517
2026-06-02 03:28:00+00:00,Mock tweet 7877,-0.5749517469021768
2026-06-02 03:35:00+00:00,Mock tweet 7878,-0.3293220405139583
2026-06-02 03:41:00+00:00,Mock tweet 7879,-0.21461087151159441
2026-06-02 03:58:00+00:00,Mock tweet 7880,-0.3304732764047935
2026-06-02 04:02:00+00:00,Mock tweet 7881,-0.23073940918384883
2026-06-02 04:10:00+00:00,Mock tweet 7882,0.37901624004141143
2026-06-02 04:15:00+00:00,Mock tweet 7883,0.109919791321895
2026-06-02 04:16:00+00:00,Mock tweet 7884,0.6606646410474069
2026-06-02 04:27:00+00:00,Mock tweet 7885,-0.5901782972380494
2026-06-02 04:27:00+00:00,Mock tweet 7886,0.809410176858439
2026-06-02 04:29:00+00:00,Mock tweet 7887,-0.6171178270641695
2026-06-02 04:32:00+00:00,Mock tweet 7888,-0.3374432339722764
2026-06-02 04:43:00+00:00,Mock tweet 7889,-0.36140024459694664
2026-06-02 04:45:00+00:00,Mock tweet 7890,-0.48179896816067314
2026-06-02 04:54:00+00:00,Mock tweet 7891,0.9187953717473176
2026-06-02 05:02:00+00:00,Mock tweet 7892,-0.7254638893067937
2026-06-02 05:06:00+00:00,Mock tweet 7893,-0.9871980835181957
2026-06-02 05:11:00+00:00,Mock tweet 7894,0.821511125316915
2026-06-02 05:12:00+00:00,Mock tweet 7895,0.6678168443469534
2026-06-02 05:15:00+00:00,Mock tweet 7896,0.7157147414471581
2026-06-02 05:22:00+00:00,Mock tweet 7897,-0.22229708207002918
2026-06-02 05:23:00+00:00,Mock tweet 7898,-0.3147556787526009
2026-06-02 05:28:00+00:00,Mock tweet 7899,-0.5232933694033406
2026-06-02 05:38:00+00:00,Mock tweet 7900,0.38341089058927014
2026-06-02 05:39:00+00:00,Mock tweet 7901,-0.8217169775988376
2026-06-02 05:42:00+00:00,Mock tweet 7902,0.6680467492751978
2026-06-02 05:52:00+00:00,Mock tweet 7903,0.947302506553213
2026-06-02 05:57:00+00:00,Mock tweet 7904,0.6070111403317486
2026-06-02 06:07:00+00:00,Mock tweet 7905,-0.6300513693059211
2026-06-02 06:10:00+00:00,Mock tweet 7906,-0.4257474190249315
2026-06-02 06:11:00+00:00,Mock tweet 7907,-0.1411508302098392
2026-06-02 06:17:00+00:00,Mock tweet 7908,0.6284865621305091
2026-06-02 06:21:00+00:00,Mock tweet 7909,0.6028740822734904
2026-06-02 06:24:00+00:00,Mock tweet 7910,-0.3166617737411479
2026-06-02 06:29:00+00:00,Mock tweet 7911,-0.45119572393425855
2026-06-02 06:30:00+00:00,Mock tweet 7912,-0.44499584327313246
2026-06-02 06:32:00+00:00,Mock tweet 7913,0.7038354262086424
2026-06-02 06:36:00+00:00,Mock tweet 7914,-0.14382209905476695
2026-06-02 06:38:00+00:00,Mock tweet 7915,0.5359662826636733
2026-06-02 06:42:00+00:00,Mock tweet 7916,0.8174079389841973
2026-06-02 06:43:00+00:00,Mock tweet 7917,0.6794387547408118
2026-06-02 06:44:00+00:00,Mock tweet 7918,-0.07041817709874931
2026-06-02 06:48:00+00:00,Mock tweet 7919,0.03660260428928508
2026-06-02 06:53:00+00:00,Mock tweet 7920,-0.9122506743523962
2026-06-02 06:53:00+00:00,Mock tweet 7921,0.6293203069336397
2026-06-02 06:55:00+00:00,Mock tweet 7922,-0.20106908850069916
2026-06-02 07:00:00+00:00,Mock tweet 7923,-0.5481615941576203
2026-06-02 07:00:00+00:00,Mock tweet 7924,0.01363986899475056
2026-06-02 07:02:00+00:00,Mock tweet 7925,0.9819345739339556
2026-06-02 07:04:00+00:00,Mock tweet 7926,-0.7617775270359366
2026-06-02 07:07:00+00:00,Mock tweet 7927,-0.006984728575632149
2026-06-02 07:08:00+00:00,Mock tweet 7928,-0.8608790037972149
2026-06-02 07:17:00+00:00,Mock tweet 7929,-0.003596614543870169
2026-06-02 07:25:00+00:00,Mock tweet 7930,-0.33747400359616053
2026-06-02 07:31:00+00:00,Mock tweet 7931,-0.8655335157042889
2026-06-02 07:34:00+00:00,Mock tweet 7932,0.797660203905578
2026-06-02 07:37:00+00:00,Mock tweet 7933,0.6137131984501945
2026-06-02 07:39:00+00:00,Mock tweet 7934,0.3521928719609406
2026-06-02 07:49:00+00:00,Mock tweet 7935,-0.29844339608057924
2026-06-02 07:50:00+00:00,Mock tweet 7936,0.36187631381207663
2026-06-02 07:51:00+00:00,Mock tweet 7937,0.6030530938961887
2026-06-02 07:55:00+00:00,Mock tweet 7938,-0.7694908576451831
2026-06-02 08:11:00+00:00,Mock tweet 7939,9.715919448244463
2026-06-02 08:11:00+00:00,Mock tweet 7940,-0.21663810605402234
2026-06-02 08:14:00+00:00,Mock tweet 7941,0.6522067062689612
2026-06-02 08:25:00+00:00,Mock tweet 7942,0.6575466696519738
2026-06-02 08:27:00+00:00,Mock tweet 7943,0.786577418937187
2026-06-02 08:30:00+00:00,Mock tweet 7944,0.7588362150533969
2026-06-02 08:30:00+00:00,Mock tweet 7945,-0.919973618033791
2026-06-02 08:32:00+00:00,Mock tweet 7946,0.7122301321239892
2026-06-02 08:34:00+00:00,Mock tweet 7947,-0.8783336131022523
2026-06-02 08:37:00+00:00,Mock tweet 7948,0.5879293016210816
2026-06-02 08:48:00+00:00,Mock tweet 7949,-0.7080230536541587
2026-06-02 08:49:00+00:00,Mock tweet 7950,-0.9743399030352946
2026-06-02 08:51:00+00:00,Mock tweet 7951,0.33631023291067286
2026-06-02 08:53:00+00:00,Mock tweet 7952,-0.565268143839442
2026-06-02 09:05:00+00:00,Mock tweet 7953,0.5847184158284116
2026-06-02 09:06:00+00:00,Mock tweet 7954,-0.8054865043861563
2026-06-02 09:09:00+00:00,Mock tweet 7955,-0.8786996375915486
2026-06-02 09:14:00+00:00,Mock tweet 7956,-0.9100354530925356
2026-06-02 09:22:00+00:00,Mock tweet 7957,-0.5419099952535096
2026-06-02 09:28:00+00:00,Mock tweet 7958,0.1516085225597783
2026-06-02 09:32:00+00:00,Mock tweet 7959,-0.45102010835211237
2026-06-02 09:35:00+00:00,Mock tweet 7960,0.541173126935357
2026-06-02 09:36:00+00:00,Mock tweet 7961,0.7422935319532966
2026-06-02 09:38:00+00:00,Mock tweet 7962,0.8781385865890385
2026-06-02 09:40:00+00:00,Mock tweet 7963,-0.2705444360451157
2026-06-02 09:44:00+00:00,Mock tweet 7964,-0.44322065173417746
2026-06-02 09:46:00+00:00,Mock tweet 7965,-0.6479218068803105
2026-06-02 09:48:00+00:00,Mock tweet 7966,-0.11105729998951341
2026-06-02 09:57:00+00:00,Mock tweet 7967,0.9811909714098279
2026-06-02 10:09:00+00:00,Mock tweet 7968,-0.7287648954906141
2026-06-02 10:10:00+00:00,Mock tweet 7969,-0.6999401603098101
2026-06-02 10:13:00+00:00,Mock tweet 7970,0.6738668127394201
2026-06-02 10:13:00+00:00,Mock tweet 7971,0.7270631709909541
2026-06-02 10:14:00+00:00,Mock tweet 7972,-0.41015384310606584
2026-06-02 10:18:00+00:00,Mock tweet 7973,-0.5042454856091225
2026-06-02 10:18:00+00:00,Mock tweet 7974,-0.17927851659802818
2026-06-02 10:21:00+00:00,Mock tweet 7975,0.365463433901384
2026-06-02 10:24:00+00:00,Mock tweet 7976,0.05260385786674848
2026-06-02 10:28:00+00:00,Mock tweet 7977,-0.9693003800539
2026-06-02 10:34:00+00:00,Mock tweet 7978,0.12993075070086268
2026-06-02 10:37:00+00:00,Mock tweet 7979,0.5208542633475373
2026-06-02 10:37:00+00:00,Mock tweet 7980,0.38076898719460517
2026-06-02 10:40:00+00:00,Mock tweet 7981,-0.4688868948278295
2026-06-02 10:45:00+00:00,Mock tweet 7982,-0.9630623900726605
2026-06-02 10:46:00+00:00,Mock tweet 7983,0.4172523306828
2026-06-02 10:53:00+00:00,Mock tweet 7984,-0.15222294491201782
2026-06-02 10:56:00+00:00,Mock tweet 7985,0.03469360621045703
2026-06-02 10:59:00+00:00,Mock tweet 7986,-0.34218645851744833
2026-06-02 11:00:00+00:00,Mock tweet 7987,-0.27168391382219403
2026-06-02 11:01:00+00:00,Mock tweet 7988,-0.9678501119690237
2026-06-02 11:01:00+00:00,Mock tweet 7989,0.5596281832206194
2026-06-02 11:05:00+00:00,Mock tweet 7990,-0.7431037084617744
2026-06-02 11:05:00+00:00,Mock tweet 7991,-0.4367196177583925
2026-06-02 11:06:00+00:00,Mock tweet 7992,0.22935572851342556
2026-06-02 11:08:00+00:00,Mock tweet 7993,-0.007255702725653235
2026-06-02 11:09:00+00:00,Mock tweet 7994,0.08025023572279033
2026-06-02 11:09:00+00:00,Mock tweet 7995,-0.6804434446570904
2026-06-02 11:14:00+00:00,Mock tweet 7996,0.15262554857992416
2026-06-02 11:18:00+00:00,Mock tweet 7997,-0.7746581663156415
2026-06-02 11:44:00+00:00,Mock tweet 7998,-0.5276028680887705
2026-06-02 11:45:00+00:00,Mock tweet 7999,0.8007384564138771
2026-06-02 11:47:00+00:00,Mock tweet 8000,0.639386659511201
2026-06-02 11:52:00+00:00,Mock tweet 8001,-0.4051703193340337
2026-06-02 11:55:00+00:00,Mock tweet 8002,0.08999769290242798
2026-06-02 11:56:00+00:00,Mock tweet 8003,0.6676143845133755
2026-06-02 11:59:00+00:00,Mock tweet 8004,-0.13457081586231556
2026-06-02 12:34:00+00:00,Mock tweet 8005,0.9221880811454386
2026-06-02 12:38:00+00:00,Mock tweet 8006,0.39749718292410163
2026-06-02 12:49:00+00:00,Mock tweet 8007,-0.23674012312491066
2026-06-02 12:57:00+00:00,Mock tweet 8008,0.15484210555871236
2026-06-02 13:00:00+00:00,Mock tweet 8009,0.7035764288765218
2026-06-02 13:01:00+00:00,Mock tweet 8010,0.865520938075
2026-06-02 13:02:00+00:00,Mock tweet 8011,-0.6600558094621096
2026-06-02 13:07:00+00:00,Mock tweet 8012,0.7440596940272044
2026-06-02 13:17:00+00:00,Mock tweet 8013,0.8368322774868604
2026-06-02 13:25:00+00:00,Mock tweet 8014,0.7294750891723119
2026-06-02 13:34:00+00:00,Mock tweet 8015,0.7554010254144861
2026-06-02 13:40:00+00:00,Mock tweet 8016,-0.18216906408829558
2026-06-02 13:44:00+00:00,Mock tweet 8017,-0.010150617808969864
2026-06-02 13:44:00+00:00,Mock tweet 8018,0.31090617824807865
2026-06-02 13:45:00+00:00,Mock tweet 8019,-0.08740056313553635
2026-06-02 13:54:00+00:00,Mock tweet 8020,0.7323177779219032
2026-06-02 13:56:00+00:00,Mock tweet 8021,0.13361552120770237
2026-06-02 13:56:00+00:00,Mock tweet 8022,-0.39310178890796244
2026-06-02 13:57:00+00:00,Mock tweet 8023,-0.2661650563814211
2026-06-02 14:00:00+00:00,Mock tweet 8024,0.8637501871241438
2026-06-02 14:04:00+00:00,Mock tweet 8025,-0.44893968970683207
2026-06-02 14:13:00+00:00,Mock tweet 8026,0.4923742717154225
2026-06-02 14:22:00+00:00,Mock tweet 8027,-0.541098520087474
2026-06-02 14:27:00+00:00,Mock tweet 8028,0.010875560896062009
2026-06-02 14:28:00+00:00,Mock tweet 8029,0.01094621780999594
2026-06-02 14:28:00+00:00,Mock tweet 8030,-0.6385763897195285
2026-06-02 14:29:00+00:00,Mock tweet 8031,0.47708428087088195
2026-06-02 14:38:00+00:00,Mock tweet 8032,0.46618101884865193
2026-06-02 14:41:00+00:00,Mock tweet 8033,-0.8986979366978687
2026-06-02 14:43:00+00:00,Mock tweet 8034,-0.6468365221077625
2026-06-02 14:51:00+00:00,Mock tweet 8035,-0.30846969787099354
2026-06-02 15:01:00+00:00,Mock tweet 8036,-0.5747285182606185
2026-06-02 15:09:00+00:00,Mock tweet 8037,-0.8873995067442644
2026-06-02 15:10:00+00:00,Mock tweet 8038,0.7215145547077597
2026-06-02 15:23:00+00:00,Mock tweet 8039,-0.21727117080134173
2026-06-02 15:31:00+00:00,Mock tweet 8040,-0.5941521007712909
2026-06-02 15:36:00+00:00,Mock tweet 8041,0.3480337295183782
2026-06-02 15:41:00+00:00,Mock tweet 8042,0.7085475159815411
2026-06-02 15:43:00+00:00,Mock tweet 8043,0.2073894824064264
2026-06-02 15:46:00+00:00,Mock tweet 8044,0.23572232537293392
2026-06-02 15:47:00+00:00,Mock tweet 8045,-0.1752321639944192
2026-06-02 15:53:00+00:00,Mock tweet 8046,0.5244739381475527
2026-06-02 15:53:00+00:00,Mock tweet 8047,-0.8007869781084538
2026-06-02 15:59:00+00:00,Mock tweet 8048,-0.015391436121175106
2026-06-02 15:59:00+00:00,Mock tweet 8049,0.27658743890939985
2026-06-02 16:05:00+00:00,Mock tweet 8050,0.3868567038086985
2026-06-02 16:06:00+00:00,Mock tweet 8051,-0.6341371419797757
2026-06-02 16:13:00+00:00,Mock tweet 8052,0.2927194043162389
2026-06-02 16:20:00+00:00,Mock tweet 8053,0.8324088978128683
2026-06-02 16:26:00+00:00,Mock tweet 8054,0.9165430637206735
2026-06-02 16:26:00+00:00,Mock tweet 8055,0.9588551539293129
2026-06-02 16:27:00+00:00,Mock tweet 8056,-0.18976598623053942
2026-06-02 16:28:00+00:00,Mock tweet 8057,0.8178126245369974
2026-06-02 16:30:00+00:00,Mock tweet 8058,-0.161126220964682
2026-06-02 16:40:00+00:00,Mock tweet 8059,-0.9667876933758526
2026-06-02 16:41:00+00:00,Mock tweet 8060,0.8882090267218796
2026-06-02 16:41:00+00:00,Mock tweet 8061,0.9954831240093933
2026-06-02 16:44:00+00:00,Mock tweet 8062,-0.1899139240692922
2026-06-02 16:47:00+00:00,Mock tweet 8063,-0.542660235197618
2026-06-02 16:49:00+00:00,Mock tweet 8064,-0.24982509765833116
2026-06-02 16:57:00+00:00,Mock tweet 8065,0.7696503078372954
2026-06-02 17:01:00+00:00,Mock tweet 8066,0.0944429794042061
2026-06-02 17:13:00+00:00,Mock tweet 8067,-0.5538212413282446
2026-06-02 17:13:00+00:00,Mock tweet 8068,0.7375838811025892
2026-06-02 17:21:00+00:00,Mock tweet 8069,-0.7037621136801149
2026-06-02 17:28:00+00:00,Mock tweet 8070,0.7814920068373394
2026-06-02 17:28:00+00:00,Mock tweet 8071,0.438960138497988
2026-06-02 17:42:00+00:00,Mock tweet 8072,0.502067256310005
2026-06-02 17:49:00+00:00,Mock tweet 8073,-0.4340206385169878
2026-06-02 17:52:00+00:00,Mock tweet 8074,0.9003046698894484
2026-06-02 17:52:00+00:00,Mock tweet 8075,0.17396765084462018
2026-06-02 17:55:00+00:00,Mock tweet 8076,0.2316225485845087
2026-06-02 18:00:00+00:00,Mock tweet 8077,-0.9259470046250446
2026-06-02 18:03:00+00:00,Mock tweet 8078,0.43025509746660173
2026-06-02 18:14:00+00:00,Mock tweet 8079,0.7732490277218913
2026-06-02 18:14:00+00:00,Mock tweet 8080,-0.5124056480049455
2026-06-02 18:17:00+00:00,Mock tweet 8081,-0.9538163485015398
2026-06-02 18:20:00+00:00,Mock tweet 8082,-0.7306427159438011
2026-06-02 18:22:00+00:00,Mock tweet 8083,-0.9887234892291128
2026-06-02 18:25:00+00:00,Mock tweet 8084,-0.3533394127525804
2026-06-02 18:30:00+00:00,Mock tweet 8085,-0.7809190188709727
2026-06-02 18:44:00+00:00,Mock tweet 8086,0.4456561648287274
2026-06-02 18:49:00+00:00,Mock tweet 8087,6.064295227004392
2026-06-02 18:55:00+00:00,Mock tweet 8088,0.791993400702727
2026-06-02 18:56:00+00:00,Mock tweet 8089,-0.4080275515930356
2026-06-02 18:58:00+00:00,Mock tweet 8090,-0.29597715001417035
2026-06-02 19:12:00+00:00,Mock tweet 8091,0.15208872267138251
2026-06-02 19:13:00+00:00,Mock tweet 8092,0.6073989972147467
2026-06-02 19:13:00+00:00,Mock tweet 8093,-0.5361424423343462
2026-06-02 19:17:00+00:00,Mock tweet 8094,0.9684820745364371
2026-06-02 19:20:00+00:00,Mock tweet 8095,-0.9360977490310303
2026-06-02 19:20:00+00:00,Mock tweet 8096,0.28642507767163616
2026-06-02 19:21:00+00:00,Mock tweet 8097,-0.44273250724604796
2026-06-02 19:23:00+00:00,Mock tweet 8098,0.6900014389062925
2026-06-02 19:23:00+00:00,Mock tweet 8099,-0.9491674336527076
2026-06-02 19:23:00+00:00,Mock tweet 8100,6.187377861011852
2026-06-02 19:28:00+00:00,Mock tweet 8101,-0.22475808347015858
2026-06-02 19:34:00+00:00,Mock tweet 8102,-0.9694271866129716
2026-06-02 19:34:00+00:00,Mock tweet 8103,-0.986986367324749
2026-06-02 19:37:00+00:00,Mock tweet 8104,0.09992735114643492
2026-06-02 19:37:00+00:00,Mock tweet 8105,0.420521040780808
2026-06-02 19:42:00+00:00,Mock tweet 8106,-0.06225892065391547
2026-06-02 19:54:00+00:00,Mock tweet 8107,-0.9016196671344241
2026-06-02 20:04:00+00:00,Mock tweet 8108,-0.41459260424869826
2026-06-02 20:09:00+00:00,Mock tweet 8109,0.9056130428057476
2026-06-02 20:11:00+00:00,Mock tweet 8110,0.06471231011826495
2026-06-02 20:24:00+00:00,Mock tweet 8111,-0.04922546297525354
2026-06-02 20:27:00+00:00,Mock tweet 8112,-0.6500036787927397
2026-06-02 20:35:00+00:00,Mock tweet 8113,-0.9859910317893694
2026-06-02 20:45:00+00:00,Mock tweet 8114,-0.7435829511427374
2026-06-02 20:46:00+00:00,Mock tweet 8115,-0.3949059647561768
2026-06-02 21:05:00+00:00,Mock tweet 8116,-0.42638883004351813
2026-06-02 21:06:00+00:00,Mock tweet 8117,0.4451863067790338
2026-06-02 21:12:00+00:00,Mock tweet 8118,-0.2609193858808381
2026-06-02 21:14:00+00:00,Mock tweet 8119,-0.13796236275659268
2026-06-02 21:23:00+00:00,Mock tweet 8120,0.621182576487773
2026-06-02 21:26:00+00:00,Mock tweet 8121,-0.41248674879219616
2026-06-02 21:37:00+00:00,Mock tweet 8122,-0.5097804069863998
2026-06-02 21:39:00+00:00,Mock tweet 8123,0.9008272231049594
2026-06-02 21:42:00+00:00,Mock tweet 8124,-0.22521865735757984
2026-06-02 21:42:00+00:00,Mock tweet 8125,-0.13849668802663673
2026-06-02 21:43:00+00:00,Mock tweet 8126,-0.18124736959372134
2026-06-02 21:43:00+00:00,Mock tweet 8127,9.653142283358166
2026-06-02 21:49:00+00:00,Mock tweet 8128,-0.8963024372994244
2026-06-02 21:50:00+00:00,Mock tweet 8129,-0.992064085692131
2026-06-02 21:52:00+00:00,Mock tweet 8130,0.3198554905488624
2026-06-02 22:13:00+00:00,Mock tweet 8131,-0.8743847818893236
2026-06-02 22:15:00+00:00,Mock tweet 8132,0.18972364218565296
2026-06-02 22:21:00+00:00,Mock tweet 8133,-0.0033502903982112198
2026-06-02 22:22:00+00:00,Mock tweet 8134,-0.3806103767595159
2026-06-02 22:23:00+00:00,Mock tweet 8135,-0.6381140220835346
2026-06-02 22:23:00+00:00,Mock tweet 8136,0.6202800971147204
2026-06-02 22:24:00+00:00,Mock tweet 8137,0.4108395685589572
2026-06-02 22:28:00+00:00,Mock tweet 8138,0.07431013774902784
2026-06-02 22:34:00+00:00,Mock tweet 8139,-0.15702754595681379
2026-06-02 22:54:00+00:00,Mock tweet 8140,-0.461317884853262
2026-06-02 23:05:00+00:00,Mock tweet 8141,-0.9582899757943808
2026-06-02 23:09:00+00:00,Mock tweet 8142,-0.9456544073254392
2026-06-02 23:12:00+00:00,Mock tweet 8143,0.4390156295766978
2026-06-02 23:12:00+00:00,Mock tweet 8144,-0.5249763439366542
2026-06-02 23:16:00+00:00,Mock tweet 8145,0.006237879841884064
2026-06-02 23:17:00+00:00,Mock tweet 8146,0.6748960462005145
2026-06-02 23:20:00+00:00,Mock tweet 8147,-0.14495366762929307
2026-06-02 23:20:00+00:00,Mock tweet 8148,0.5040132298074917
2026-06-02 23:40:00+00:00,Mock tweet 8149,-0.7218045133320341
2026-06-02 23:48:00+00:00,Mock tweet 8150,0.4897160708874331
2026-06-02 23:58:00+00:00,Mock tweet 8151,0.3738825085502475
2026-06-03 00:05:00+00:00,Mock tweet 8152,0.013707987029155655
2026-06-03 00:13:00+00:00,Mock tweet 8153,0.6826848941424521
2026-06-03 00:13:00+00:00,Mock tweet 8154,0.784523290382013
2026-06-03 00:13:00+00:00,Mock tweet 8155,0.8410279875318742
2026-06-03 00:23:00+00:00,Mock tweet 8156,-0.51392320056004
2026-06-03 00:28:00+00:00,Mock tweet 8157,0.4202131259670536
2026-06-03 00:37:00+00:00,Mock tweet 8158,-0.500283952502232
2026-06-03 00:39:00+00:00,Mock tweet 8159,-0.9856391838731009
2026-06-03 00:45:00+00:00,Mock tweet 8160,0.7661574338211821
2026-06-03 00:46:00+00:00,Mock tweet 8161,-0.6183352925126646
2026-06-03 00:49:00+00:00,Mock tweet 8162,0.6888024002512638
2026-06-03 01:00:00+00:00,Mock tweet 8163,-0.2569599777260385
2026-06-03 01:02:00+00:00,Mock tweet 8164,0.5900795684117053
2026-06-03 01:04:00+00:00,Mock tweet 8165,0.9793692443493855
2026-06-03 01:04:00+00:00,Mock tweet 8166,0.41602410140401114
2026-06-03 01:13:00+00:00,Mock tweet 8167,0.5317038261443106
2026-06-03 01:16:00+00:00,Mock tweet 8168,-0.568952769250797
2026-06-03 01:19:00+00:00,Mock tweet 8169,-0.1495135438930899
2026-06-03 01:21:00+00:00,Mock tweet 8170,-0.554687199256783
2026-06-03 01:33:00+00:00,Mock tweet 8171,0.5352717239220963
2026-06-03 01:37:00+00:00,Mock tweet 8172,0.2753631346604586
2026-06-03 01:49:00+00:00,Mock tweet 8173,0.9857138439313176
2026-06-03 01:49:00+00:00,Mock tweet 8174,-0.4702618151290121
2026-06-03 01:50:00+00:00,Mock tweet 8175,0.7578542868197486
2026-06-03 01:55:00+00:00,Mock tweet 8176,-0.1893143262017798
2026-06-03 01:56:00+00:00,Mock tweet 8177,-0.1678001093690944
2026-06-03 01:57:00+00:00,Mock tweet 8178,0.7627989822530956
2026-06-03 01:58:00+00:00,Mock tweet 8179,0.34091442893239976
2026-06-03 02:02:00+00:00,Mock tweet 8180,0.7583185573492766
2026-06-03 02:02:00+00:00,Mock tweet 8181,0.8491350917400036
2026-06-03 02:05:00+00:00,Mock tweet 8182,0.27491854520976666
2026-06-03 02:36:00+00:00,Mock tweet 8183,-0.12340595057281178
2026-06-03 02:36:00+00:00,Mock tweet 8184,-0.9982482522008711
2026-06-03 02:37:00+00:00,Mock tweet 8185,0.5649505576731515
2026-06-03 02:40:00+00:00,Mock tweet 8186,-0.3977041832791166
2026-06-03 02:45:00+00:00,Mock tweet 8187,0.9779305427897227
2026-06-03 02:52:00+00:00,Mock tweet 8188,-0.6125543364497708
2026-06-03 02:54:00+00:00,Mock tweet 8189,0.10295077296406019
2026-06-03 03:09:00+00:00,Mock tweet 8190,0.5030687027543619
2026-06-03 03:11:00+00:00,Mock tweet 8191,-0.8441519563284723
2026-06-03 03:16:00+00:00,Mock tweet 8192,0.2597448466583281
2026-06-03 03:20:00+00:00,Mock tweet 8193,-0.08556659188419524
2026-06-03 03:22:00+00:00,Mock tweet 8194,0.6959009592630998
2026-06-03 03:25:00+00:00,Mock tweet 8195,0.2239844428792659
2026-06-03 03:31:00+00:00,Mock tweet 8196,0.9019648711225936
2026-06-03 03:34:00+00:00,Mock tweet 8197,-0.22001359123352504
2026-06-03 03:38:00+00:00,Mock tweet 8198,-0.3267538039606037
2026-06-03 03:43:00+00:00,Mock tweet 8199,0.28834759130711607
2026-06-03 03:46:00+00:00,Mock tweet 8200,0.36233393271786674
2026-06-03 03:48:00+00:00,Mock tweet 8201,0.8014218018191668
2026-06-03 03:49:00+00:00,Mock tweet 8202,-0.26394751060482924
2026-06-03 03:51:00+00:00,Mock tweet 8203,-0.7873514955895031
2026-06-03 04:04:00+00:00,Mock tweet 8204,-0.5655173964517284
2026-06-03 04:08:00+00:00,Mock tweet 8205,0.5695162459744649
2026-06-03 04:11:00+00:00,Mock tweet 8206,0.7965924079231013
2026-06-03 04:26:00+00:00,Mock tweet 8207,-0.9671265550761396
2026-06-03 04:29:00+00:00,Mock tweet 8208,0.3591742715538817
2026-06-03 04:34:00+00:00,Mock tweet 8209,0.930333863139913
2026-06-03 04:35:00+00:00,Mock tweet 8210,-0.3963790222779098
2026-06-03 04:44:00+00:00,Mock tweet 8211,-0.29260330354090547
2026-06-03 04:49:00+00:00,Mock tweet 8212,-0.16397696384341165
2026-06-03 04:57:00+00:00,Mock tweet 8213,0.2570371780448648
2026-06-03 05:01:00+00:00,Mock tweet 8214,0.3189573835445285
2026-06-03 05:21:00+00:00,Mock tweet 8215,0.3612354634621602
2026-06-03 05:21:00+00:00,Mock tweet 8216,0.4484570489252775
2026-06-03 05:23:00+00:00,Mock tweet 8217,0.7947533078237197
2026-06-03 05:24:00+00:00,Mock tweet 8218,0.3051621237739399
2026-06-03 05:27:00+00:00,Mock tweet 8219,0.38316408656793133
2026-06-03 05:28:00+00:00,Mock tweet 8220,0.07783973054812487
2026-06-03 05:28:00+00:00,Mock tweet 8221,-0.43286828959090173
2026-06-03 05:29:00+00:00,Mock tweet 8222,0.5131438365031837
2026-06-03 05:36:00+00:00,Mock tweet 8223,-0.42946427334691073
2026-06-03 05:38:00+00:00,Mock tweet 8224,0.1684604888168817
2026-06-03 05:39:00+00:00,Mock tweet 8225,-0.3287665150759682
2026-06-03 05:39:00+00:00,Mock tweet 8226,0.32794546587327056
2026-06-03 05:49:00+00:00,Mock tweet 8227,-0.24257786433735706
2026-06-03 05:53:00+00:00,Mock tweet 8228,-0.051189464293361464
2026-06-03 05:54:00+00:00,Mock tweet 8229,-0.39905231595037627
2026-06-03 05:57:00+00:00,Mock tweet 8230,-0.17254231734454928
2026-06-03 06:00:00+00:00,Mock tweet 8231,0.5726182123943171
2026-06-03 06:01:00+00:00,Mock tweet 8232,-0.6990383808737768
2026-06-03 06:07:00+00:00,Mock tweet 8233,0.40766958087760297
2026-06-03 06:11:00+00:00,Mock tweet 8234,0.19557685730301766
2026-06-03 06:21:00+00:00,Mock tweet 8235,-0.9981172954286965
2026-06-03 06:24:00+00:00,Mock tweet 8236,-0.8012198086876225
2026-06-03 06:31:00+00:00,Mock tweet 8237,-0.279468851815335
2026-06-03 06:34:00+00:00,Mock tweet 8238,-0.9822723913494038
2026-06-03 06:36:00+00:00,Mock tweet 8239,-0.5081755853170928
2026-06-03 06:40:00+00:00,Mock tweet 8240,0.4066406364747981
2026-06-03 06:42:00+00:00,Mock tweet 8241,-0.13001679258091925
2026-06-03 06:42:00+00:00,Mock tweet 8242,-0.6215417143425459
2026-06-03 06:46:00+00:00,Mock tweet 8243,-0.8376070715111119
2026-06-03 06:50:00+00:00,Mock tweet 8244,0.9567939179248772
2026-06-03 06:55:00+00:00,Mock tweet 8245,-0.9534558897229297
2026-06-03 06:57:00+00:00,Mock tweet 8246,0.9346938633147499
2026-06-03 07:04:00+00:00,Mock tweet 8247,0.7752812768934105
2026-06-03 07:04:00+00:00,Mock tweet 8248,-0.5024953258026477
2026-06-03 07:11:00+00:00,Mock tweet 8249,-0.08758423678969507
2026-06-03 07:13:00+00:00,Mock tweet 8250,-0.7431271383126756
2026-06-03 07:16:00+00:00,Mock tweet 8251,-0.448707491404456
2026-06-03 07:20:00+00:00,Mock tweet 8252,-0.6187051526198009
2026-06-03 07:21:00+00:00,Mock tweet 8253,0.0681611890396896
2026-06-03 07:22:00+00:00,Mock tweet 8254,0.680489962184841
2026-06-03 07:27:00+00:00,Mock tweet 8255,-0.8754476903486015
2026-06-03 07:31:00+00:00,Mock tweet 8256,0.9776924479315272
2026-06-03 07:33:00+00:00,Mock tweet 8257,-0.8043109476454446
2026-06-03 07:35:00+00:00,Mock tweet 8258,-0.4140710925748534
2026-06-03 07:36:00+00:00,Mock tweet 8259,-0.38191973689078496
2026-06-03 07:37:00+00:00,Mock tweet 8260,0.9918572974830231
2026-06-03 07:44:00+00:00,Mock tweet 8261,-0.7043886045618777
2026-06-03 07:44:00+00:00,Mock tweet 8262,0.5713587291841604
2026-06-03 07:45:00+00:00,Mock tweet 8263,0.8359530246533156
2026-06-03 07:47:00+00:00,Mock tweet 8264,-0.18314308005548252
2026-06-03 07:48:00+00:00,Mock tweet 8265,-0.03945628707344184
2026-06-03 07:59:00+00:00,Mock tweet 8266,-0.9251077229867726
2026-06-03 08:07:00+00:00,Mock tweet 8267,-0.5451954646284598
2026-06-03 08:09:00+00:00,Mock tweet 8268,0.2694923393512263
2026-06-03 08:10:00+00:00,Mock tweet 8269,0.14948678545482696
2026-06-03 08:38:00+00:00,Mock tweet 8270,-0.17884359954332885
2026-06-03 08:39:00+00:00,Mock tweet 8271,0.9870468151404486
2026-06-03 08:41:00+00:00,Mock tweet 8272,0.0965841738489126
2026-06-03 08:45:00+00:00,Mock tweet 8273,0.7871475461584361
2026-06-03 08:46:00+00:00,Mock tweet 8274,0.22755871435981767
2026-06-03 08:51:00+00:00,Mock tweet 8275,-0.1622582131131176
2026-06-03 08:57:00+00:00,Mock tweet 8276,0.35848246119519156
2026-06-03 09:09:00+00:00,Mock tweet 8277,-0.3253055926824171
2026-06-03 09:12:00+00:00,Mock tweet 8278,0.9748023991970467
2026-06-03 09:14:00+00:00,Mock tweet 8279,0.06148421416365579
2026-06-03 09:16:00+00:00,Mock tweet 8280,0.6726434539080552
2026-06-03 09:20:00+00:00,Mock tweet 8281,-0.2008106267748222
2026-06-03 09:24:00+00:00,Mock tweet 8282,-0.7309731803874286
2026-06-03 09:45:00+00:00,Mock tweet 8283,-0.539573945052042
2026-06-03 09:53:00+00:00,Mock tweet 8284,0.016429299293374555
2026-06-03 09:55:00+00:00,Mock tweet 8285,0.6232005599782808
2026-06-03 10:04:00+00:00,Mock tweet 8286,-0.6016239325249997
2026-06-03 10:05:00+00:00,Mock tweet 8287,-0.640389082324085
2026-06-03 10:16:00+00:00,Mock tweet 8288,0.5190228905975702
2026-06-03 10:21:00+00:00,Mock tweet 8289,-0.4691661021655482
2026-06-03 10:22:00+00:00,Mock tweet 8290,-0.04675846522441973
2026-06-03 10:25:00+00:00,Mock tweet 8291,0.8868043132000778
2026-06-03 10:29:00+00:00,Mock tweet 8292,-0.2609763784042416
2026-06-03 10:33:00+00:00,Mock tweet 8293,0.23236167340919645
2026-06-03 10:35:00+00:00,Mock tweet 8294,-0.47979374559362276
2026-06-03 10:36:00+00:00,Mock tweet 8295,-0.6102556290384988
2026-06-03 10:38:00+00:00,Mock tweet 8296,0.8388889436399796
2026-06-03 10:39:00+00:00,Mock tweet 8297,0.787627272720127
2026-06-03 10:48:00+00:00,Mock tweet 8298,0.7036012608781474
2026-06-03 10:52:00+00:00,Mock tweet 8299,-0.8097993942242179
2026-06-03 10:52:00+00:00,Mock tweet 8300,-0.7560257665821029
2026-06-03 10:53:00+00:00,Mock tweet 8301,0.5771227163363952
2026-06-03 10:58:00+00:00,Mock tweet 8302,-0.4529497569586909
2026-06-03 11:00:00+00:00,Mock tweet 8303,0.6052197678485092
2026-06-03 11:03:00+00:00,Mock tweet 8304,0.34469855994182197
2026-06-03 11:10:00+00:00,Mock tweet 8305,-0.061569141608516675
2026-06-03 11:22:00+00:00,Mock tweet 8306,0.3717182825657024
2026-06-03 11:24:00+00:00,Mock tweet 8307,-0.6424933009683289
2026-06-03 11:43:00+00:00,Mock tweet 8308,-0.5010294889880607
2026-06-03 11:46:00+00:00,Mock tweet 8309,0.8520088293682637
2026-06-03 11:51:00+00:00,Mock tweet 8310,-0.7576892018571206
2026-06-03 11:51:00+00:00,Mock tweet 8311,-0.5321677022223561
2026-06-03 11:55:00+00:00,Mock tweet 8312,-0.4516516831253905
2026-06-03 12:00:00+00:00,Mock tweet 8313,-0.6294413422108323
2026-06-03 12:19:00+00:00,Mock tweet 8314,0.024367100901178995
2026-06-03 12:23:00+00:00,Mock tweet 8315,0.32462813585276784
2026-06-03 12:24:00+00:00,Mock tweet 8316,-0.07816954656402997
2026-06-03 12:26:00+00:00,Mock tweet 8317,0.00392612193729347
2026-06-03 12:38:00+00:00,Mock tweet 8318,-0.6298192726368002
2026-06-03 12:40:00+00:00,Mock tweet 8319,0.8595630593860657
2026-06-03 12:45:00+00:00,Mock tweet 8320,0.931689161783076
2026-06-03 12:47:00+00:00,Mock tweet 8321,0.7238207485654655
2026-06-03 12:49:00+00:00,Mock tweet 8322,0.7266586084170983
2026-06-03 13:00:00+00:00,Mock tweet 8323,-0.06725905637905827
2026-06-03 13:05:00+00:00,Mock tweet 8324,-0.8579806065825315
2026-06-03 13:08:00+00:00,Mock tweet 8325,-0.07205279567092893
2026-06-03 13:11:00+00:00,Mock tweet 8326,0.27803008861144574
2026-06-03 13:12:00+00:00,Mock tweet 8327,0.9473942265411304
2026-06-03 13:13:00+00:00,Mock tweet 8328,-0.7772796347384787
2026-06-03 13:23:00+00:00,Mock tweet 8329,-0.45887245420470313
2026-06-03 13:32:00+00:00,Mock tweet 8330,0.5100393303686841
2026-06-03 13:34:00+00:00,Mock tweet 8331,0.5559191079281576
2026-06-03 13:42:00+00:00,Mock tweet 8332,0.6960311988863119
2026-06-03 13:46:00+00:00,Mock tweet 8333,-0.265708223691534
2026-06-03 13:47:00+00:00,Mock tweet 8334,-0.8772317247439925
2026-06-03 13:50:00+00:00,Mock tweet 8335,-0.96732722330852
2026-06-03 13:58:00+00:00,Mock tweet 8336,0.3294163725246717
2026-06-03 14:01:00+00:00,Mock tweet 8337,-0.046632869264482624
2026-06-03 14:01:00+00:00,Mock tweet 8338,-0.49212774422569683
2026-06-03 14:02:00+00:00,Mock tweet 8339,-0.07213846311989736
2026-06-03 14:07:00+00:00,Mock tweet 8340,0.450391813198159
2026-06-03 14:07:00+00:00,Mock tweet 8341,-0.40025008630717696
2026-06-03 14:11:00+00:00,Mock tweet 8342,0.4596056354426479
2026-06-03 14:15:00+00:00,Mock tweet 8343,-0.1721275942192131
2026-06-03 14:17:00+00:00,Mock tweet 8344,0.6788487276332846
2026-06-03 14:19:00+00:00,Mock tweet 8345,0.45205103973827576
2026-06-03 14:22:00+00:00,Mock tweet 8346,0.6338877743570015
2026-06-03 14:26:00+00:00,Mock tweet 8347,-0.3077712310653069
2026-06-03 14:33:00+00:00,Mock tweet 8348,-0.11681344701531704
2026-06-03 14:33:00+00:00,Mock tweet 8349,-0.25688832883099066
2026-06-03 14:35:00+00:00,Mock tweet 8350,-0.38475761535514774
2026-06-03 14:47:00+00:00,Mock tweet 8351,0.5138774499521965
2026-06-03 15:02:00+00:00,Mock tweet 8352,-0.4197968807971826
2026-06-03 15:17:00+00:00,Mock tweet 8353,-0.3551864640877722
2026-06-03 15:27:00+00:00,Mock tweet 8354,0.9279892045597529
2026-06-03 15:29:00+00:00,Mock tweet 8355,0.29408714625105925
2026-06-03 15:32:00+00:00,Mock tweet 8356,-0.7206913017324226
2026-06-03 15:38:00+00:00,Mock tweet 8357,0.010069751877553879
2026-06-03 15:43:00+00:00,Mock tweet 8358,0.9913459834111229
2026-06-03 15:44:00+00:00,Mock tweet 8359,0.48330852981466554
2026-06-03 15:48:00+00:00,Mock tweet 8360,-0.07718969088166872
2026-06-03 15:50:00+00:00,Mock tweet 8361,0.5166092220656688
2026-06-03 16:01:00+00:00,Mock tweet 8362,-0.4959015022795732
2026-06-03 16:04:00+00:00,Mock tweet 8363,0.4036387225602305
2026-06-03 16:10:00+00:00,Mock tweet 8364,0.27295298095858644
2026-06-03 16:15:00+00:00,Mock tweet 8365,0.4493314938521078
2026-06-03 16:18:00+00:00,Mock tweet 8366,-0.9148370143858551
2026-06-03 16:21:00+00:00,Mock tweet 8367,0.3368496836270398
2026-06-03 16:24:00+00:00,Mock tweet 8368,0.703498367078925
2026-06-03 16:25:00+00:00,Mock tweet 8369,-0.8543944598799391
2026-06-03 16:29:00+00:00,Mock tweet 8370,-0.36537309186172573
2026-06-03 16:31:00+00:00,Mock tweet 8371,0.04736683427821253
2026-06-03 16:32:00+00:00,Mock tweet 8372,-0.4971063920353047
2026-06-03 16:34:00+00:00,Mock tweet 8373,-0.9677976855711621
2026-06-03 16:37:00+00:00,Mock tweet 8374,-0.17357102540000868
2026-06-03 16:40:00+00:00,Mock tweet 8375,-0.8525617073141911
2026-06-03 16:55:00+00:00,Mock tweet 8376,-0.8080404841076769
2026-06-03 16:56:00+00:00,Mock tweet 8377,-0.25441431879075416
2026-06-03 17:05:00+00:00,Mock tweet 8378,0.1960916575085514
2026-06-03 17:08:00+00:00,Mock tweet 8379,-0.08998064313347376
2026-06-03 17:11:00+00:00,Mock tweet 8380,-0.5303939193860518
2026-06-03 17:21:00+00:00,Mock tweet 8381,-0.2977731545070148
2026-06-03 17:28:00+00:00,Mock tweet 8382,0.6388937201067009
2026-06-03 17:49:00+00:00,Mock tweet 8383,0.7892115869514817
2026-06-03 17:53:00+00:00,Mock tweet 8384,0.9480273152213328
2026-06-03 17:57:00+00:00,Mock tweet 8385,0.8241459772836202
2026-06-03 17:58:00+00:00,Mock tweet 8386,0.7190873130570086
2026-06-03 18:00:00+00:00,Mock tweet 8387,0.13326626631719307
2026-06-03 18:01:00+00:00,Mock tweet 8388,0.4222350042295693
2026-06-03 18:12:00+00:00,Mock tweet 8389,0.10346103961193043
2026-06-03 18:15:00+00:00,Mock tweet 8390,-0.7342879828023052
2026-06-03 18:18:00+00:00,Mock tweet 8391,7.057041055786693
2026-06-03 18:24:00+00:00,Mock tweet 8392,-0.40791590538893474
2026-06-03 18:29:00+00:00,Mock tweet 8393,-0.17113751150371415
2026-06-03 18:31:00+00:00,Mock tweet 8394,0.8210482787266811
2026-06-03 18:47:00+00:00,Mock tweet 8395,0.398274453795755
2026-06-03 18:55:00+00:00,Mock tweet 8396,-0.07385317922850132
2026-06-03 18:59:00+00:00,Mock tweet 8397,0.27030397484377366
2026-06-03 19:04:00+00:00,Mock tweet 8398,0.14174561205919467
2026-06-03 19:06:00+00:00,Mock tweet 8399,0.2923156127846458
2026-06-03 19:07:00+00:00,Mock tweet 8400,-0.7470284968124961
2026-06-03 19:10:00+00:00,Mock tweet 8401,0.1553613554676052
2026-06-03 19:11:00+00:00,Mock tweet 8402,-0.7350163435632315
2026-06-03 19:15:00+00:00,Mock tweet 8403,-0.7738383311052481
2026-06-03 19:20:00+00:00,Mock tweet 8404,-0.4265726985783156
2026-06-03 19:20:00+00:00,Mock tweet 8405,-0.9199157602797636
2026-06-03 19:22:00+00:00,Mock tweet 8406,-0.4780027325345795
2026-06-03 19:31:00+00:00,Mock tweet 8407,-0.5314287870674537
2026-06-03 19:31:00+00:00,Mock tweet 8408,-0.11422317945693283
2026-06-03 19:33:00+00:00,Mock tweet 8409,-0.5086677032195626
2026-06-03 19:35:00+00:00,Mock tweet 8410,-0.40370279276939747
2026-06-03 19:35:00+00:00,Mock tweet 8411,-0.6985145557434529
2026-06-03 19:36:00+00:00,Mock tweet 8412,-0.922187002980521
2026-06-03 19:47:00+00:00,Mock tweet 8413,0.31243891534200907
2026-06-03 19:47:00+00:00,Mock tweet 8414,-0.8742079613275124
2026-06-03 19:49:00+00:00,Mock tweet 8415,0.11613348449132066
2026-06-03 19:54:00+00:00,Mock tweet 8416,0.9245948134318156
2026-06-03 20:07:00+00:00,Mock tweet 8417,-0.2496780117528754
2026-06-03 20:08:00+00:00,Mock tweet 8418,0.7908803944381153
2026-06-03 20:12:00+00:00,Mock tweet 8419,-0.9397753087110421
2026-06-03 20:17:00+00:00,Mock tweet 8420,-0.5804957596728182
2026-06-03 20:24:00+00:00,Mock tweet 8421,0.19747351103713684
2026-06-03 20:33:00+00:00,Mock tweet 8422,-0.5259315018768163
2026-06-03 20:34:00+00:00,Mock tweet 8423,0.5283420764149662
2026-06-03 20:36:00+00:00,Mock tweet 8424,0.2908417461080226
2026-06-03 20:43:00+00:00,Mock tweet 8425,-0.5716858816293298
2026-06-03 20:46:00+00:00,Mock tweet 8426,-0.3783287643416471
2026-06-03 20:48:00+00:00,Mock tweet 8427,-0.6610789316783026
2026-06-03 20:53:00+00:00,Mock tweet 8428,0.5671890517021501
2026-06-03 20:58:00+00:00,Mock tweet 8429,0.5111756449613774
2026-06-03 21:00:00+00:00,Mock tweet 8430,-0.3184919148072276
2026-06-03 21:01:00+00:00,Mock tweet 8431,-0.32221503959349107
2026-06-03 21:07:00+00:00,Mock tweet 8432,-0.12087353798683842
2026-06-03 21:07:00+00:00,Mock tweet 8433,-0.620944091590838
2026-06-03 21:12:00+00:00,Mock tweet 8434,0.9502787628095843
2026-06-03 21:12:00+00:00,Mock tweet 8435,0.9036133634717642
2026-06-03 21:26:00+00:00,Mock tweet 8436,0.18996828257178122
2026-06-03 21:28:00+00:00,Mock tweet 8437,-0.773017688678203
2026-06-03 21:34:00+00:00,Mock tweet 8438,-0.424634059105677
2026-06-03 21:57:00+00:00,Mock tweet 8439,0.6850063839285132
2026-06-03 22:13:00+00:00,Mock tweet 8440,0.8099561242332811
2026-06-03 22:15:00+00:00,Mock tweet 8441,-0.5855835358262509
2026-06-03 22:16:00+00:00,Mock tweet 8442,-0.6358500667714588
2026-06-03 22:18:00+00:00,Mock tweet 8443,0.4068380306610071
2026-06-03 22:22:00+00:00,Mock tweet 8444,-0.1941083068966858
2026-06-03 22:23:00+00:00,Mock tweet 8445,-0.09978515975082525
2026-06-03 22:24:00+00:00,Mock tweet 8446,0.4426915006780887
2026-06-03 22:26:00+00:00,Mock tweet 8447,-0.7327123797583168
2026-06-03 22:31:00+00:00,Mock tweet 8448,0.780869706413776
2026-06-03 22:37:00+00:00,Mock tweet 8449,0.47896251282694413
2026-06-03 22:38:00+00:00,Mock tweet 8450,0.637788112069491
2026-06-03 22:45:00+00:00,Mock tweet 8451,0.6292378447156122
2026-06-03 22:52:00+00:00,Mock tweet 8452,-0.9464231730209207
2026-06-03 22:52:00+00:00,Mock tweet 8453,-0.17579271697235788
2026-06-03 22:55:00+00:00,Mock tweet 8454,0.8744583006163573
2026-06-03 22:56:00+00:00,Mock tweet 8455,0.1275356010952151
2026-06-03 22:57:00+00:00,Mock tweet 8456,-0.7909216776981256
2026-06-03 22:58:00+00:00,Mock tweet 8457,0.9727283679712175
2026-06-03 22:59:00+00:00,Mock tweet 8458,-0.053033078940774026
2026-06-03 22:59:00+00:00,Mock tweet 8459,-0.8981141049850139
2026-06-03 22:59:00+00:00,Mock tweet 8460,-0.8695275758277754
2026-06-03 23:12:00+00:00,Mock tweet 8461,0.33882225419359546
2026-06-03 23:14:00+00:00,Mock tweet 8462,0.8030264494101986
2026-06-03 23:15:00+00:00,Mock tweet 8463,-0.5123715184888105
2026-06-03 23:19:00+00:00,Mock tweet 8464,-0.4547405429099405
2026-06-03 23:20:00+00:00,Mock tweet 8465,0.326666469069379
2026-06-03 23:20:00+00:00,Mock tweet 8466,-0.44257367226222866
2026-06-03 23:31:00+00:00,Mock tweet 8467,0.549448818082821
2026-06-03 23:31:00+00:00,Mock tweet 8468,-0.5107909543015594
2026-06-03 23:35:00+00:00,Mock tweet 8469,0.7210669536135432
2026-06-03 23:37:00+00:00,Mock tweet 8470,-0.19148319880513953
2026-06-03 23:37:00+00:00,Mock tweet 8471,-0.45733491748883637
2026-06-03 23:41:00+00:00,Mock tweet 8472,0.4421655922802714
2026-06-03 23:49:00+00:00,Mock tweet 8473,0.6636965229830958
2026-06-03 23:51:00+00:00,Mock tweet 8474,-0.29679714328731377
2026-06-03 23:58:00+00:00,Mock tweet 8475,-0.2673307174209971
2026-06-04 00:01:00+00:00,Mock tweet 8476,-0.19239347002869578
2026-06-04 00:10:00+00:00,Mock tweet 8477,0.11582238627507291
2026-06-04 00:16:00+00:00,Mock tweet 8478,0.4085891955056311
2026-06-04 00:18:00+00:00,Mock tweet 8479,0.25537725806968115
2026-06-04 00:19:00+00:00,Mock tweet 8480,-0.22574079499180422
2026-06-04 00:31:00+00:00,Mock tweet 8481,0.5931119716373991
2026-06-04 00:33:00+00:00,Mock tweet 8482,-0.33545386998489546
2026-06-04 00:39:00+00:00,Mock tweet 8483,-0.2618119527027527
2026-06-04 00:39:00+00:00,Mock tweet 8484,0.7503229723729832
2026-06-04 00:41:00+00:00,Mock tweet 8485,-0.20749698631985458
2026-06-04 00:44:00+00:00,Mock tweet 8486,0.08353151841775763
2026-06-04 00:50:00+00:00,Mock tweet 8487,-0.7311704564670642
2026-06-04 00:51:00+00:00,Mock tweet 8488,0.3526833450820326
2026-06-04 00:53:00+00:00,Mock tweet 8489,-0.3500753496522979
2026-06-04 00:53:00+00:00,Mock tweet 8490,-0.40589514104667046
2026-06-04 01:03:00+00:00,Mock tweet 8491,0.05585609326505003
2026-06-04 01:06:00+00:00,Mock tweet 8492,0.9109300020158304
2026-06-04 01:11:00+00:00,Mock tweet 8493,0.8994722033792271
2026-06-04 01:11:00+00:00,Mock tweet 8494,-0.9842699156220607
2026-06-04 01:32:00+00:00,Mock tweet 8495,-0.13438402631889157
2026-06-04 01:33:00+00:00,Mock tweet 8496,-0.8728836726316156
2026-06-04 01:35:00+00:00,Mock tweet 8497,0.19053890535593143
2026-06-04 01:39:00+00:00,Mock tweet 8498,0.7105638139696415
2026-06-04 01:42:00+00:00,Mock tweet 8499,-0.15720437267562049
2026-06-04 01:42:00+00:00,Mock tweet 8500,0.5173380839229171
2026-06-04 01:48:00+00:00,Mock tweet 8501,0.4266741343074876
2026-06-04 01:50:00+00:00,Mock tweet 8502,-0.2643055860520789
2026-06-04 01:56:00+00:00,Mock tweet 8503,0.6314568770889741
2026-06-04 02:07:00+00:00,Mock tweet 8504,0.08774059980467896
2026-06-04 02:12:00+00:00,Mock tweet 8505,0.2972180095839283
2026-06-04 02:13:00+00:00,Mock tweet 8506,-0.664650552120069
2026-06-04 02:21:00+00:00,Mock tweet 8507,0.3065367839763635
2026-06-04 02:23:00+00:00,Mock tweet 8508,-0.4266781054000266
2026-06-04 02:29:00+00:00,Mock tweet 8509,-0.43636710239957766
2026-06-04 02:44:00+00:00,Mock tweet 8510,-0.3179038738361366
2026-06-04 02:44:00+00:00,Mock tweet 8511,-0.018141882098423823
2026-06-04 02:47:00+00:00,Mock tweet 8512,-0.39700253455020396
2026-06-04 02:49:00+00:00,Mock tweet 8513,-0.08504664337559587
2026-06-04 02:50:00+00:00,Mock tweet 8514,0.41221780472525915
2026-06-04 02:53:00+00:00,Mock tweet 8515,0.11922119468132975
2026-06-04 02:55:00+00:00,Mock tweet 8516,-0.34510433053262
2026-06-04 02:57:00+00:00,Mock tweet 8517,-0.9270160559884271
2026-06-04 03:00:00+00:00,Mock tweet 8518,-0.27154569814869034
2026-06-04 03:02:00+00:00,Mock tweet 8519,0.7222453053764675
2026-06-04 03:04:00+00:00,Mock tweet 8520,0.03410105751072123
2026-06-04 03:04:00+00:00,Mock tweet 8521,-0.038662227966461016
2026-06-04 03:05:00+00:00,Mock tweet 8522,0.8903941386964549
2026-06-04 03:07:00+00:00,Mock tweet 8523,-0.32110936560473147
2026-06-04 03:11:00+00:00,Mock tweet 8524,0.8547689442399709
2026-06-04 03:14:00+00:00,Mock tweet 8525,0.2546305946241081
2026-06-04 03:23:00+00:00,Mock tweet 8526,0.9866796765714265
2026-06-04 03:26:00+00:00,Mock tweet 8527,-0.6428535406028715
2026-06-04 03:31:00+00:00,Mock tweet 8528,0.3652383122235954
2026-06-04 03:36:00+00:00,Mock tweet 8529,0.8069567236134476
2026-06-04 03:37:00+00:00,Mock tweet 8530,0.013442667723863488
2026-06-04 03:39:00+00:00,Mock tweet 8531,-0.7787334492972986
2026-06-04 03:51:00+00:00,Mock tweet 8532,-0.38191521919265226
2026-06-04 03:55:00+00:00,Mock tweet 8533,-0.6247639110061354
2026-06-04 03:55:00+00:00,Mock tweet 8534,-0.458035028848244
2026-06-04 04:02:00+00:00,Mock tweet 8535,0.9297010480941887
2026-06-04 04:06:00+00:00,Mock tweet 8536,-0.9531517454151257
2026-06-04 04:09:00+00:00,Mock tweet 8537,-0.3752340429351133
2026-06-04 04:11:00+00:00,Mock tweet 8538,-0.0654670974251621
2026-06-04 04:19:00+00:00,Mock tweet 8539,-0.1674610025386689
2026-06-04 04:30:00+00:00,Mock tweet 8540,0.062398929340248044
2026-06-04 04:31:00+00:00,Mock tweet 8541,0.16523238532856732
2026-06-04 04:35:00+00:00,Mock tweet 8542,0.9933998065711538
2026-06-04 04:35:00+00:00,Mock tweet 8543,0.6365105627995642
2026-06-04 04:40:00+00:00,Mock tweet 8544,-0.28229634200906895
2026-06-04 04:43:00+00:00,Mock tweet 8545,-0.4411996524392545
2026-06-04 04:45:00+00:00,Mock tweet 8546,-0.5453287574502428
2026-06-04 04:54:00+00:00,Mock tweet 8547,0.31411552069382154
2026-06-04 05:16:00+00:00,Mock tweet 8548,-0.4920088123491093
2026-06-04 05:20:00+00:00,Mock tweet 8549,0.011710088966545129
2026-06-04 05:21:00+00:00,Mock tweet 8550,0.8369584023486096
2026-06-04 05:26:00+00:00,Mock tweet 8551,-0.694326077430901
2026-06-04 05:59:00+00:00,Mock tweet 8552,-0.08047602750202842
2026-06-04 06:09:00+00:00,Mock tweet 8553,0.6975099666620121
2026-06-04 06:11:00+00:00,Mock tweet 8554,0.4263357773651604
2026-06-04 06:15:00+00:00,Mock tweet 8555,0.7253759233608605
2026-06-04 06:19:00+00:00,Mock tweet 8556,0.3688075922499563
2026-06-04 06:27:00+00:00,Mock tweet 8557,-0.8903736190056779
2026-06-04 06:29:00+00:00,Mock tweet 8558,-0.6788069620827484
2026-06-04 06:33:00+00:00,Mock tweet 8559,0.5621552005732171
2026-06-04 06:38:00+00:00,Mock tweet 8560,0.39777486665366535
2026-06-04 06:42:00+00:00,Mock tweet 8561,-0.46533947659702934
2026-06-04 06:54:00+00:00,Mock tweet 8562,-0.4173477579060263
2026-06-04 07:05:00+00:00,Mock tweet 8563,-0.8939925570265057
2026-06-04 07:06:00+00:00,Mock tweet 8564,-0.22301250038721232
2026-06-04 07:19:00+00:00,Mock tweet 8565,0.3737654199714444
2026-06-04 07:23:00+00:00,Mock tweet 8566,0.22506589799025933
2026-06-04 07:28:00+00:00,Mock tweet 8567,-0.8984847232343633
2026-06-04 07:30:00+00:00,Mock tweet 8568,0.7219444680304368
2026-06-04 07:35:00+00:00,Mock tweet 8569,-0.33970979661913603
2026-06-04 07:37:00+00:00,Mock tweet 8570,0.17990505441819438
2026-06-04 07:39:00+00:00,Mock tweet 8571,0.9956316445879776
2026-06-04 07:41:00+00:00,Mock tweet 8572,0.7870624569088047
2026-06-04 07:43:00+00:00,Mock tweet 8573,-0.4862836871249583
2026-06-04 07:58:00+00:00,Mock tweet 8574,-0.9028801502122454
2026-06-04 08:00:00+00:00,Mock tweet 8575,0.7455126462393213
2026-06-04 08:01:00+00:00,Mock tweet 8576,-0.9529397387364191
2026-06-04 08:01:00+00:00,Mock tweet 8577,-0.6254967743771827
2026-06-04 08:02:00+00:00,Mock tweet 8578,0.15640509155069537
2026-06-04 08:06:00+00:00,Mock tweet 8579,0.3757633030078531
2026-06-04 08:11:00+00:00,Mock tweet 8580,-0.4955113492906844
2026-06-04 08:20:00+00:00,Mock tweet 8581,-0.7688027630399707
2026-06-04 08:21:00+00:00,Mock tweet 8582,-0.7920154864478692
2026-06-04 08:22:00+00:00,Mock tweet 8583,-0.7845934753698434
2026-06-04 08:39:00+00:00,Mock tweet 8584,-0.24074414191798388
2026-06-04 08:42:00+00:00,Mock tweet 8585,-0.2913211658585817
2026-06-04 08:51:00+00:00,Mock tweet 8586,0.6544627074483311
2026-06-04 09:03:00+00:00,Mock tweet 8587,0.7031607003253604
2026-06-04 09:09:00+00:00,Mock tweet 8588,-0.3217692347587473
2026-06-04 09:15:00+00:00,Mock tweet 8589,-0.6435321731166195
2026-06-04 09:18:00+00:00,Mock tweet 8590,-0.7849232815478269
2026-06-04 09:26:00+00:00,Mock tweet 8591,0.6820900792801203
2026-06-04 09:28:00+00:00,Mock tweet 8592,-0.7548901313274599
2026-06-04 09:45:00+00:00,Mock tweet 8593,-0.809202138353553
2026-06-04 09:51:00+00:00,Mock tweet 8594,0.8202642919791543
2026-06-04 09:53:00+00:00,Mock tweet 8595,-0.13918235109260735
2026-06-04 10:00:00+00:00,Mock tweet 8596,-0.5436599958066985
2026-06-04 10:04:00+00:00,Mock tweet 8597,0.3051708929900281
2026-06-04 10:07:00+00:00,Mock tweet 8598,-0.3965724284369756
2026-06-04 10:14:00+00:00,Mock tweet 8599,0.8646630087775518
2026-06-04 10:17:00+00:00,Mock tweet 8600,-0.3361781492191003
2026-06-04 10:17:00+00:00,Mock tweet 8601,0.8982820976832773
2026-06-04 10:20:00+00:00,Mock tweet 8602,0.4864563382949152
2026-06-04 10:26:00+00:00,Mock tweet 8603,0.4584733160562846
2026-06-04 10:40:00+00:00,Mock tweet 8604,0.5878923788732406
2026-06-04 10:41:00+00:00,Mock tweet 8605,0.17094561879009862
2026-06-04 10:54:00+00:00,Mock tweet 8606,-0.12813629709229324
2026-06-04 10:59:00+00:00,Mock tweet 8607,-0.6878384588132518
2026-06-04 11:03:00+00:00,Mock tweet 8608,-0.22209247496757323
2026-06-04 11:05:00+00:00,Mock tweet 8609,-0.8801457657480656
2026-06-04 11:06:00+00:00,Mock tweet 8610,-0.5149354477697197
2026-06-04 11:08:00+00:00,Mock tweet 8611,-0.43799215064810104
2026-06-04 11:11:00+00:00,Mock tweet 8612,0.8408021528021343
2026-06-04 11:12:00+00:00,Mock tweet 8613,-0.4472652954178433
2026-06-04 11:12:00+00:00,Mock tweet 8614,0.36614978895553363
2026-06-04 11:14:00+00:00,Mock tweet 8615,0.3764023893744808
2026-06-04 11:16:00+00:00,Mock tweet 8616,0.041915815428196446
2026-06-04 11:22:00+00:00,Mock tweet 8617,0.3505661772795241
2026-06-04 11:35:00+00:00,Mock tweet 8618,0.4265988255935387
2026-06-04 11:36:00+00:00,Mock tweet 8619,0.8906046666786844
2026-06-04 11:42:00+00:00,Mock tweet 8620,0.9692564901371765
2026-06-04 11:50:00+00:00,Mock tweet 8621,-0.5704569785250715
2026-06-04 11:56:00+00:00,Mock tweet 8622,-0.4527069590143482
2026-06-04 12:18:00+00:00,Mock tweet 8623,0.4763040498037281
2026-06-04 12:25:00+00:00,Mock tweet 8624,-0.12328419767926335
2026-06-04 12:29:00+00:00,Mock tweet 8625,0.4422064645104369
2026-06-04 12:29:00+00:00,Mock tweet 8626,-0.21077118043915966
2026-06-04 12:29:00+00:00,Mock tweet 8627,-0.5387384222982259
2026-06-04 12:34:00+00:00,Mock tweet 8628,0.10568030782637039
2026-06-04 12:36:00+00:00,Mock tweet 8629,0.7227819568091929
2026-06-04 12:36:00+00:00,Mock tweet 8630,-0.6587892170440535
2026-06-04 12:37:00+00:00,Mock tweet 8631,-0.3499697689365413
2026-06-04 12:46:00+00:00,Mock tweet 8632,-0.8487056045208077
2026-06-04 12:46:00+00:00,Mock tweet 8633,0.04623240231542791
2026-06-04 12:48:00+00:00,Mock tweet 8634,-0.039880370036516455
2026-06-04 12:48:00+00:00,Mock tweet 8635,-0.6556950252752152
2026-06-04 12:49:00+00:00,Mock tweet 8636,-0.17289022024247314
2026-06-04 12:49:00+00:00,Mock tweet 8637,-0.3551646970523481
2026-06-04 12:50:00+00:00,Mock tweet 8638,0.9278339986097492
2026-06-04 12:54:00+00:00,Mock tweet 8639,-0.9424456867595052
2026-06-04 12:56:00+00:00,Mock tweet 8640,0.8149460977946685
2026-06-04 13:02:00+00:00,Mock tweet 8641,0.8189366090278718
2026-06-04 13:05:00+00:00,Mock tweet 8642,0.8807896344772606
2026-06-04 13:05:00+00:00,Mock tweet 8643,-0.21296344769221642
2026-06-04 13:10:00+00:00,Mock tweet 8644,0.057821524986866324
2026-06-04 13:12:00+00:00,Mock tweet 8645,0.18430317971150512
2026-06-04 13:12:00+00:00,Mock tweet 8646,-0.4543622390974087
2026-06-04 13:15:00+00:00,Mock tweet 8647,-0.4637832422133872
2026-06-04 13:23:00+00:00,Mock tweet 8648,0.5948284618416713
2026-06-04 13:25:00+00:00,Mock tweet 8649,0.05015562639315818
2026-06-04 13:27:00+00:00,Mock tweet 8650,-0.2142944009236165
2026-06-04 13:27:00+00:00,Mock tweet 8651,0.7043489776294674
2026-06-04 13:28:00+00:00,Mock tweet 8652,-0.1086553205679055
2026-06-04 13:29:00+00:00,Mock tweet 8653,0.5544062061714885
2026-06-04 13:30:00+00:00,Mock tweet 8654,0.5216738084495829
2026-06-04 13:30:00+00:00,Mock tweet 8655,-0.31944593377535435
2026-06-04 13:37:00+00:00,Mock tweet 8656,0.3050383580461069
2026-06-04 13:38:00+00:00,Mock tweet 8657,0.9054219276335702
2026-06-04 13:38:00+00:00,Mock tweet 8658,0.7757351666857137
2026-06-04 13:43:00+00:00,Mock tweet 8659,0.8784948379825976
2026-06-04 13:47:00+00:00,Mock tweet 8660,0.9840676524180463
2026-06-04 13:58:00+00:00,Mock tweet 8661,-0.1007955586803555
2026-06-04 13:58:00+00:00,Mock tweet 8662,0.3989600865897638
2026-06-04 14:13:00+00:00,Mock tweet 8663,0.7445180364035378
2026-06-04 14:14:00+00:00,Mock tweet 8664,-0.9537481912590533
2026-06-04 14:29:00+00:00,Mock tweet 8665,-0.5135199388125946
2026-06-04 14:36:00+00:00,Mock tweet 8666,0.31930352891512737
2026-06-04 14:36:00+00:00,Mock tweet 8667,-0.016654765975255392
2026-06-04 14:48:00+00:00,Mock tweet 8668,0.3515937767871333
2026-06-04 14:50:00+00:00,Mock tweet 8669,-0.23106888343812026
2026-06-04 14:53:00+00:00,Mock tweet 8670,0.6385790314735529
2026-06-04 14:54:00+00:00,Mock tweet 8671,0.013526176373859444
2026-06-04 14:54:00+00:00,Mock tweet 8672,0.48021274229347144
2026-06-04 15:00:00+00:00,Mock tweet 8673,0.25339319084300405
2026-06-04 15:01:00+00:00,Mock tweet 8674,-0.5334747428131876
2026-06-04 15:02:00+00:00,Mock tweet 8675,-0.7046169250698004
2026-06-04 15:04:00+00:00,Mock tweet 8676,0.19486182773908434
2026-06-04 15:06:00+00:00,Mock tweet 8677,-0.39431005324082946
2026-06-04 15:06:00+00:00,Mock tweet 8678,-0.49146970811266
2026-06-04 15:09:00+00:00,Mock tweet 8679,0.805847944602647
2026-06-04 15:12:00+00:00,Mock tweet 8680,-0.761716475789995
2026-06-04 15:15:00+00:00,Mock tweet 8681,-0.5400973920079659
2026-06-04 15:21:00+00:00,Mock tweet 8682,0.030085151119760623
2026-06-04 15:26:00+00:00,Mock tweet 8683,0.130259176631631
2026-06-04 15:29:00+00:00,Mock tweet 8684,-0.29308986669048886
2026-06-04 15:36:00+00:00,Mock tweet 8685,0.6006375071300318
2026-06-04 15:37:00+00:00,Mock tweet 8686,-0.7950560399167512
2026-06-04 15:39:00+00:00,Mock tweet 8687,0.6050890321141449
2026-06-04 15:39:00+00:00,Mock tweet 8688,0.5625304238453566
2026-06-04 15:46:00+00:00,Mock tweet 8689,-0.9046092337552585
2026-06-04 15:49:00+00:00,Mock tweet 8690,0.2144904484940482
2026-06-04 15:54:00+00:00,Mock tweet 8691,0.4461482504998897
2026-06-04 16:05:00+00:00,Mock tweet 8692,-0.615324295200754
2026-06-04 16:05:00+00:00,Mock tweet 8693,-0.7599099211598739
2026-06-04 16:06:00+00:00,Mock tweet 8694,0.6377846781163523
2026-06-04 16:08:00+00:00,Mock tweet 8695,-0.4498058236240585
2026-06-04 16:15:00+00:00,Mock tweet 8696,0.6422698787041778
2026-06-04 16:20:00+00:00,Mock tweet 8697,-0.47140566894951896
2026-06-04 16:22:00+00:00,Mock tweet 8698,-0.008365376992119478
2026-06-04 16:27:00+00:00,Mock tweet 8699,0.19913561116559464
2026-06-04 16:28:00+00:00,Mock tweet 8700,0.8722119672806066
2026-06-04 16:34:00+00:00,Mock tweet 8701,-0.5712751594311207
2026-06-04 16:34:00+00:00,Mock tweet 8702,-0.580049664513471
2026-06-04 16:39:00+00:00,Mock tweet 8703,0.455749742765293
2026-06-04 16:41:00+00:00,Mock tweet 8704,0.16902927938091583
2026-06-04 16:58:00+00:00,Mock tweet 8705,0.6763972071264035
2026-06-04 16:59:00+00:00,Mock tweet 8706,0.7451579786298952
2026-06-04 17:20:00+00:00,Mock tweet 8707,0.5658183197389925
2026-06-04 17:26:00+00:00,Mock tweet 8708,-0.6558274209648896
2026-06-04 17:27:00+00:00,Mock tweet 8709,0.3437712277907292
2026-06-04 17:32:00+00:00,Mock tweet 8710,-0.5884749389068795
2026-06-04 17:34:00+00:00,Mock tweet 8711,-0.24041056652564108
2026-06-04 17:36:00+00:00,Mock tweet 8712,0.03802470025915272
2026-06-04 17:38:00+00:00,Mock tweet 8713,0.5895276333704926
2026-06-04 17:39:00+00:00,Mock tweet 8714,0.1912717547006031
2026-06-04 17:40:00+00:00,Mock tweet 8715,-0.48383222717938135
2026-06-04 17:41:00+00:00,Mock tweet 8716,0.7940571924668751
2026-06-04 17:43:00+00:00,Mock tweet 8717,0.9608232185270071
2026-06-04 17:51:00+00:00,Mock tweet 8718,0.7204432292620486
2026-06-04 18:00:00+00:00,Mock tweet 8719,0.6198558497574995
2026-06-04 18:02:00+00:00,Mock tweet 8720,-0.31616997346182285
2026-06-04 18:09:00+00:00,Mock tweet 8721,0.07771081245207312
2026-06-04 18:11:00+00:00,Mock tweet 8722,-0.6756906815914998
2026-06-04 18:15:00+00:00,Mock tweet 8723,0.0640105178275232
2026-06-04 18:18:00+00:00,Mock tweet 8724,-0.529624989287133
2026-06-04 18:24:00+00:00,Mock tweet 8725,0.08862745014692619
2026-06-04 18:27:00+00:00,Mock tweet 8726,0.2915810907172729
2026-06-04 18:32:00+00:00,Mock tweet 8727,-0.2994978008336411
2026-06-04 18:47:00+00:00,Mock tweet 8728,0.2892377245041473
2026-06-04 18:47:00+00:00,Mock tweet 8729,0.4125053382657762
2026-06-04 18:49:00+00:00,Mock tweet 8730,-0.045699162150004025
2026-06-04 18:50:00+00:00,Mock tweet 8731,0.31535858271996964
2026-06-04 18:51:00+00:00,Mock tweet 8732,0.5497173441864784
2026-06-04 18:53:00+00:00,Mock tweet 8733,0.015427206230453239
2026-06-04 18:54:00+00:00,Mock tweet 8734,-0.8221494504225535
2026-06-04 18:55:00+00:00,Mock tweet 8735,-0.18936184723822147
2026-06-04 18:58:00+00:00,Mock tweet 8736,0.5733688142991482
2026-06-04 19:02:00+00:00,Mock tweet 8737,0.45548370880643163
2026-06-04 19:02:00+00:00,Mock tweet 8738,0.9021941353634277
2026-06-04 19:03:00+00:00,Mock tweet 8739,0.048482557251358305
2026-06-04 19:03:00+00:00,Mock tweet 8740,-0.468655302821017
2026-06-04 19:10:00+00:00,Mock tweet 8741,0.34132653738278473
2026-06-04 19:13:00+00:00,Mock tweet 8742,0.03630785150118254
2026-06-04 19:13:00+00:00,Mock tweet 8743,0.8953568310243865
2026-06-04 19:15:00+00:00,Mock tweet 8744,-0.49203689068413703
2026-06-04 19:21:00+00:00,Mock tweet 8745,-0.3399012181955332
2026-06-04 19:28:00+00:00,Mock tweet 8746,0.012690628194407694
2026-06-04 19:31:00+00:00,Mock tweet 8747,-0.30282521398203666
2026-06-04 19:34:00+00:00,Mock tweet 8748,0.22947971049983473
2026-06-04 19:37:00+00:00,Mock tweet 8749,-0.8715849507771354
2026-06-04 19:38:00+00:00,Mock tweet 8750,0.3706235307594483
2026-06-04 19:44:00+00:00,Mock tweet 8751,-0.049633194688911475
2026-06-04 19:45:00+00:00,Mock tweet 8752,-0.40968184698706667
2026-06-04 19:48:00+00:00,Mock tweet 8753,-0.38877917916665483
2026-06-04 19:54:00+00:00,Mock tweet 8754,0.9842780632286134
2026-06-04 19:56:00+00:00,Mock tweet 8755,-0.01531512560174808
2026-06-04 19:58:00+00:00,Mock tweet 8756,0.33594803280791563
2026-06-04 19:58:00+00:00,Mock tweet 8757,-0.634457427923707
2026-06-04 20:00:00+00:00,Mock tweet 8758,0.981674788038307
2026-06-04 20:06:00+00:00,Mock tweet 8759,0.7895457750180044
2026-06-04 20:08:00+00:00,Mock tweet 8760,0.2604939975599809
2026-06-04 20:11:00+00:00,Mock tweet 8761,-0.3343280753386002
2026-06-04 20:18:00+00:00,Mock tweet 8762,0.05921532198488699
2026-06-04 20:33:00+00:00,Mock tweet 8763,0.7948636913992213
2026-06-04 20:33:00+00:00,Mock tweet 8764,0.635948204031519
2026-06-04 20:34:00+00:00,Mock tweet 8765,0.9777398118889471
2026-06-04 20:35:00+00:00,Mock tweet 8766,0.10368981460046056
2026-06-04 20:35:00+00:00,Mock tweet 8767,-0.25496106666917395
2026-06-04 20:35:00+00:00,Mock tweet 8768,-0.30003551341969814
2026-06-04 20:39:00+00:00,Mock tweet 8769,-0.6185096624084054
2026-06-04 20:42:00+00:00,Mock tweet 8770,0.30021491308866355
2026-06-04 20:45:00+00:00,Mock tweet 8771,-0.2166104764612713
2026-06-04 20:45:00+00:00,Mock tweet 8772,-0.14326675967490154
2026-06-04 20:55:00+00:00,Mock tweet 8773,0.2701435512909818
2026-06-04 21:01:00+00:00,Mock tweet 8774,-0.9687724305404686
2026-06-04 21:06:00+00:00,Mock tweet 8775,0.8726728284858141
2026-06-04 21:06:00+00:00,Mock tweet 8776,0.02221614780422354
2026-06-04 21:14:00+00:00,Mock tweet 8777,-0.37273235081349876
2026-06-04 21:28:00+00:00,Mock tweet 8778,-0.3654581310603289
2026-06-04 21:30:00+00:00,Mock tweet 8779,-0.3910119829027694
2026-06-04 21:34:00+00:00,Mock tweet 8780,-0.22944517371024564
2026-06-04 21:36:00+00:00,Mock tweet 8781,0.8773959915981859
2026-06-04 21:37:00+00:00,Mock tweet 8782,0.2222716893135852
2026-06-04 21:44:00+00:00,Mock tweet 8783,0.4776411934717313
2026-06-04 21:49:00+00:00,Mock tweet 8784,-0.7940914420921306
2026-06-04 21:56:00+00:00,Mock tweet 8785,0.9996347667989318
2026-06-04 22:02:00+00:00,Mock tweet 8786,0.5881744081000386
2026-06-04 22:02:00+00:00,Mock tweet 8787,0.4291228170296446
2026-06-04 22:03:00+00:00,Mock tweet 8788,0.27605488463543093
2026-06-04 22:08:00+00:00,Mock tweet 8789,-0.11332681922950827
2026-06-04 22:09:00+00:00,Mock tweet 8790,-0.3612344460606389
2026-06-04 22:13:00+00:00,Mock tweet 8791,0.4461920907299437
2026-06-04 22:18:00+00:00,Mock tweet 8792,-0.9565268458502489
2026-06-04 22:19:00+00:00,Mock tweet 8793,-0.7075626429576298
2026-06-04 22:22:00+00:00,Mock tweet 8794,-0.7609444284935851
2026-06-04 22:23:00+00:00,Mock tweet 8795,0.3891589058429923
2026-06-04 22:33:00+00:00,Mock tweet 8796,-0.14828964746900075
2026-06-04 22:34:00+00:00,Mock tweet 8797,-0.41254159298181015
2026-06-04 22:36:00+00:00,Mock tweet 8798,-0.6172562340321561
2026-06-04 22:39:00+00:00,Mock tweet 8799,-0.8454320083238918
2026-06-04 22:42:00+00:00,Mock tweet 8800,0.5357100863467499
2026-06-04 22:43:00+00:00,Mock tweet 8801,0.228119457142975
2026-06-04 23:01:00+00:00,Mock tweet 8802,0.12168822518362132
2026-06-04 23:02:00+00:00,Mock tweet 8803,0.778146575367689
2026-06-04 23:08:00+00:00,Mock tweet 8804,-0.2319344166666919
2026-06-04 23:11:00+00:00,Mock tweet 8805,-0.5027897251331646
2026-06-04 23:11:00+00:00,Mock tweet 8806,-0.17601265286207757
2026-06-04 23:16:00+00:00,Mock tweet 8807,0.837913062122219
2026-06-04 23:20:00+00:00,Mock tweet 8808,-0.14753386262324297
2026-06-04 23:32:00+00:00,Mock tweet 8809,0.022865805135247275
2026-06-04 23:33:00+00:00,Mock tweet 8810,-0.19639577259424978
2026-06-04 23:33:00+00:00,Mock tweet 8811,0.9247240276647317
2026-06-04 23:43:00+00:00,Mock tweet 8812,0.8891527104775272
2026-06-04 23:54:00+00:00,Mock tweet 8813,0.2611866814564652
2026-06-05 00:03:00+00:00,Mock tweet 8814,-0.19575068373540971
2026-06-05 00:11:00+00:00,Mock tweet 8815,-0.9850820982131041
2026-06-05 00:14:00+00:00,Mock tweet 8816,0.388064322030107
2026-06-05 00:19:00+00:00,Mock tweet 8817,0.9136982472120498
2026-06-05 00:20:00+00:00,Mock tweet 8818,-0.2669692735132867
2026-06-05 00:23:00+00:00,Mock tweet 8819,0.8177050247226925
2026-06-05 00:37:00+00:00,Mock tweet 8820,0.19975358216646533
2026-06-05 00:38:00+00:00,Mock tweet 8821,-0.9211354838224164
2026-06-05 00:44:00+00:00,Mock tweet 8822,0.39271638027303046
2026-06-05 00:47:00+00:00,Mock tweet 8823,-0.25144266600653187
2026-06-05 00:55:00+00:00,Mock tweet 8824,0.8362267483693118
2026-06-05 00:57:00+00:00,Mock tweet 8825,-0.34569770376286435
2026-06-05 01:03:00+00:00,Mock tweet 8826,-0.8872305507597542
2026-06-05 01:09:00+00:00,Mock tweet 8827,0.8239809105907872
2026-06-05 01:11:00+00:00,Mock tweet 8828,0.7143254008518187
2026-06-05 01:15:00+00:00,Mock tweet 8829,-0.6436712041046218
2026-06-05 01:17:00+00:00,Mock tweet 8830,0.6873859356738947
2026-06-05 01:28:00+00:00,Mock tweet 8831,-0.15841049644122984
2026-06-05 01:36:00+00:00,Mock tweet 8832,0.8196264520441967
2026-06-05 01:40:00+00:00,Mock tweet 8833,-0.9755803900498101
2026-06-05 01:47:00+00:00,Mock tweet 8834,-0.7632661937790854
2026-06-05 01:52:00+00:00,Mock tweet 8835,-0.9461209052193882
2026-06-05 01:53:00+00:00,Mock tweet 8836,-0.16367926232571972
2026-06-05 01:53:00+00:00,Mock tweet 8837,-0.5005056290056304
2026-06-05 01:58:00+00:00,Mock tweet 8838,0.15806788769930646
2026-06-05 01:58:00+00:00,Mock tweet 8839,0.15326654966755027
2026-06-05 02:01:00+00:00,Mock tweet 8840,8.690445313863817
2026-06-05 02:02:00+00:00,Mock tweet 8841,-0.28279261560990365
2026-06-05 02:09:00+00:00,Mock tweet 8842,0.5613800377561224
2026-06-05 02:10:00+00:00,Mock tweet 8843,-0.9971116833627824
2026-06-05 02:12:00+00:00,Mock tweet 8844,-0.7921047239520869
2026-06-05 02:12:00+00:00,Mock tweet 8845,0.9731356863695886
2026-06-05 02:18:00+00:00,Mock tweet 8846,0.3605128245363398
2026-06-05 02:25:00+00:00,Mock tweet 8847,-0.864151770126973
2026-06-05 02:26:00+00:00,Mock tweet 8848,0.18426684921440373
2026-06-05 02:30:00+00:00,Mock tweet 8849,-0.6707384604433697
2026-06-05 02:35:00+00:00,Mock tweet 8850,0.41090714891344793
2026-06-05 02:37:00+00:00,Mock tweet 8851,0.4004745202030582
2026-06-05 02:38:00+00:00,Mock tweet 8852,0.0004437336386342583
2026-06-05 02:44:00+00:00,Mock tweet 8853,0.3120437345774101
2026-06-05 02:50:00+00:00,Mock tweet 8854,-0.8547081377535861
2026-06-05 03:12:00+00:00,Mock tweet 8855,0.925853393634358
2026-06-05 03:25:00+00:00,Mock tweet 8856,0.12601909986179138
2026-06-05 03:32:00+00:00,Mock tweet 8857,-0.7558460181051785
2026-06-05 03:40:00+00:00,Mock tweet 8858,-0.10984549165028334
2026-06-05 03:41:00+00:00,Mock tweet 8859,-0.7161351383487811
2026-06-05 03:51:00+00:00,Mock tweet 8860,-0.9181492975650196
2026-06-05 03:54:00+00:00,Mock tweet 8861,0.15604910458558097
2026-06-05 04:00:00+00:00,Mock tweet 8862,0.046435553651992034
2026-06-05 04:06:00+00:00,Mock tweet 8863,-0.1512676903913166
2026-06-05 04:06:00+00:00,Mock tweet 8864,-0.9126252150319509
2026-06-05 04:09:00+00:00,Mock tweet 8865,0.8428503449270908
2026-06-05 04:24:00+00:00,Mock tweet 8866,-0.8065366458837571
2026-06-05 04:24:00+00:00,Mock tweet 8867,-0.5397789094085479
2026-06-05 04:24:00+00:00,Mock tweet 8868,0.1972476554847824
2026-06-05 04:27:00+00:00,Mock tweet 8869,0.7568890665977617
2026-06-05 04:28:00+00:00,Mock tweet 8870,0.7953919591974132
2026-06-05 04:30:00+00:00,Mock tweet 8871,0.6915255645997092
2026-06-05 04:36:00+00:00,Mock tweet 8872,-0.5247492391808977
2026-06-05 04:37:00+00:00,Mock tweet 8873,-0.42598817983806825
2026-06-05 04:38:00+00:00,Mock tweet 8874,-0.5619997022028826
2026-06-05 04:56:00+00:00,Mock tweet 8875,-0.14557754094376452
2026-06-05 04:58:00+00:00,Mock tweet 8876,-0.8198335818065248
2026-06-05 05:16:00+00:00,Mock tweet 8877,0.6492903376507659
2026-06-05 05:19:00+00:00,Mock tweet 8878,-0.07242602737221704
2026-06-05 05:22:00+00:00,Mock tweet 8879,-0.12262416946391852
2026-06-05 05:35:00+00:00,Mock tweet 8880,-0.8438721452595301
2026-06-05 05:44:00+00:00,Mock tweet 8881,-0.08768494125462745
2026-06-05 05:53:00+00:00,Mock tweet 8882,-0.8774521393463051
2026-06-05 05:57:00+00:00,Mock tweet 8883,0.7473191556925642
2026-06-05 05:58:00+00:00,Mock tweet 8884,-0.24052066518710125
2026-06-05 06:03:00+00:00,Mock tweet 8885,0.6179365883442596
2026-06-05 06:09:00+00:00,Mock tweet 8886,0.5699978603910743
2026-06-05 06:11:00+00:00,Mock tweet 8887,-0.5270389983443546
2026-06-05 06:13:00+00:00,Mock tweet 8888,0.81591897082212
2026-06-05 06:17:00+00:00,Mock tweet 8889,0.20606358339854358
2026-06-05 06:22:00+00:00,Mock tweet 8890,-0.40568658893776766
2026-06-05 06:23:00+00:00,Mock tweet 8891,0.016481850404801657
2026-06-05 06:27:00+00:00,Mock tweet 8892,-0.43045864795572863
2026-06-05 06:29:00+00:00,Mock tweet 8893,-0.4097535780174686
2026-06-05 06:29:00+00:00,Mock tweet 8894,0.8549598030139209
2026-06-05 06:33:00+00:00,Mock tweet 8895,0.8225006763888505
2026-06-05 06:34:00+00:00,Mock tweet 8896,-0.6850644086310902
2026-06-05 06:35:00+00:00,Mock tweet 8897,0.5419091662351747
2026-06-05 06:53:00+00:00,Mock tweet 8898,0.7845806989652995
2026-06-05 06:54:00+00:00,Mock tweet 8899,0.5184365089980405
2026-06-05 06:56:00+00:00,Mock tweet 8900,0.3318850487258713
2026-06-05 07:12:00+00:00,Mock tweet 8901,-0.7996499756359534
2026-06-05 07:16:00+00:00,Mock tweet 8902,-0.2087937262634607
2026-06-05 07:19:00+00:00,Mock tweet 8903,-0.826102495686273
2026-06-05 07:24:00+00:00,Mock tweet 8904,-0.0847747723609742
2026-06-05 07:33:00+00:00,Mock tweet 8905,-0.006309077128488827
2026-06-05 07:57:00+00:00,Mock tweet 8906,-0.9611233131158594
2026-06-05 07:58:00+00:00,Mock tweet 8907,0.4375958515332923
2026-06-05 08:02:00+00:00,Mock tweet 8908,-0.01582130975258922
2026-06-05 08:10:00+00:00,Mock tweet 8909,-0.7105635286106184
2026-06-05 08:15:00+00:00,Mock tweet 8910,0.7788769260515613
2026-06-05 08:18:00+00:00,Mock tweet 8911,-0.6425984237706399
2026-06-05 08:27:00+00:00,Mock tweet 8912,0.211141347199719
2026-06-05 08:31:00+00:00,Mock tweet 8913,-0.7896426774976082
2026-06-05 08:33:00+00:00,Mock tweet 8914,-0.39433168877833613
2026-06-05 08:39:00+00:00,Mock tweet 8915,-0.9981118286990103
2026-06-05 08:42:00+00:00,Mock tweet 8916,-0.23512059233948035
2026-06-05 09:01:00+00:00,Mock tweet 8917,-0.12482950094112977
2026-06-05 09:12:00+00:00,Mock tweet 8918,0.7919463813422039
2026-06-05 09:19:00+00:00,Mock tweet 8919,-0.14877515344208314
2026-06-05 09:19:00+00:00,Mock tweet 8920,0.23080599082629427
2026-06-05 09:22:00+00:00,Mock tweet 8921,0.39006942940511924
2026-06-05 09:23:00+00:00,Mock tweet 8922,-0.17037697384435635
2026-06-05 09:25:00+00:00,Mock tweet 8923,0.21403674273947448
2026-06-05 09:29:00+00:00,Mock tweet 8924,0.8898397547854724
2026-06-05 09:29:00+00:00,Mock tweet 8925,-0.5614683334758805
2026-06-05 09:36:00+00:00,Mock tweet 8926,-0.36584205076709897
2026-06-05 09:46:00+00:00,Mock tweet 8927,-0.234198389515744
2026-06-05 09:47:00+00:00,Mock tweet 8928,0.6451706704405753
2026-06-05 10:04:00+00:00,Mock tweet 8929,0.30560436384957645
2026-06-05 10:18:00+00:00,Mock tweet 8930,-0.11856524872789498
2026-06-05 10:29:00+00:00,Mock tweet 8931,0.21906390191630876
2026-06-05 10:31:00+00:00,Mock tweet 8932,0.6789817471670914
2026-06-05 10:40:00+00:00,Mock tweet 8933,0.2462638825804333
2026-06-05 10:43:00+00:00,Mock tweet 8934,0.7458834598762991
2026-06-05 10:47:00+00:00,Mock tweet 8935,-0.67377944079158
2026-06-05 10:48:00+00:00,Mock tweet 8936,-0.052991290811748915
2026-06-05 10:51:00+00:00,Mock tweet 8937,0.9557387260734245
2026-06-05 10:52:00+00:00,Mock tweet 8938,0.45784828857819204
2026-06-05 10:53:00+00:00,Mock tweet 8939,0.8050463625045097
2026-06-05 11:00:00+00:00,Mock tweet 8940,0.9491964172056147
2026-06-05 11:05:00+00:00,Mock tweet 8941,5.605031089619539
2026-06-05 11:13:00+00:00,Mock tweet 8942,-0.5589206451084336
2026-06-05 11:14:00+00:00,Mock tweet 8943,0.1815437301622551
2026-06-05 11:24:00+00:00,Mock tweet 8944,0.01502518858877111
2026-06-05 11:28:00+00:00,Mock tweet 8945,-0.28640656174927215
2026-06-05 11:30:00+00:00,Mock tweet 8946,0.06018775449321745
2026-06-05 11:33:00+00:00,Mock tweet 8947,-0.0019681979907737457
2026-06-05 11:35:00+00:00,Mock tweet 8948,0.418788033631347
2026-06-05 11:37:00+00:00,Mock tweet 8949,-0.871669405812832
2026-06-05 11:45:00+00:00,Mock tweet 8950,-0.18530932239465403
2026-06-05 11:51:00+00:00,Mock tweet 8951,-0.29701449870048835
2026-06-05 11:54:00+00:00,Mock tweet 8952,0.25320594924335804
2026-06-05 11:59:00+00:00,Mock tweet 8953,0.18452221303289806
2026-06-05 12:03:00+00:00,Mock tweet 8954,0.9621403316258514
2026-06-05 12:07:00+00:00,Mock tweet 8955,-0.9027105447470367
2026-06-05 12:13:00+00:00,Mock tweet 8956,-0.16419730974960256
2026-06-05 12:18:00+00:00,Mock tweet 8957,-0.37239208763795717
2026-06-05 12:24:00+00:00,Mock tweet 8958,-0.5178163524448367
2026-06-05 12:25:00+00:00,Mock tweet 8959,0.6768327083422137
2026-06-05 12:29:00+00:00,Mock tweet 8960,-0.9349339735049891
2026-06-05 12:31:00+00:00,Mock tweet 8961,-0.7748526305359398
2026-06-05 12:39:00+00:00,Mock tweet 8962,0.07327322983549744
2026-06-05 12:50:00+00:00,Mock tweet 8963,-0.07006477530836475
2026-06-05 12:55:00+00:00,Mock tweet 8964,0.2987404562681153
2026-06-05 12:57:00+00:00,Mock tweet 8965,-0.4299624937077242
2026-06-05 13:12:00+00:00,Mock tweet 8966,0.5576646734554684
2026-06-05 13:12:00+00:00,Mock tweet 8967,-0.22722146958942546
2026-06-05 13:18:00+00:00,Mock tweet 8968,-0.5515128946089067
2026-06-05 13:21:00+00:00,Mock tweet 8969,0.13998043095691814
2026-06-05 13:24:00+00:00,Mock tweet 8970,0.2462593816719265
2026-06-05 13:26:00+00:00,Mock tweet 8971,0.5415192638478363
2026-06-05 13:27:00+00:00,Mock tweet 8972,0.33128298443770854
2026-06-05 13:30:00+00:00,Mock tweet 8973,0.805284377433068
2026-06-05 13:30:00+00:00,Mock tweet 8974,-0.28263245834143547
2026-06-05 13:42:00+00:00,Mock tweet 8975,-0.26789373472391587
2026-06-05 13:44:00+00:00,Mock tweet 8976,-0.24074030524016243
2026-06-05 13:45:00+00:00,Mock tweet 8977,0.17084769716581172
2026-06-05 13:45:00+00:00,Mock tweet 8978,0.7715243295530332
2026-06-05 13:48:00+00:00,Mock tweet 8979,0.059055720957640334
2026-06-05 13:57:00+00:00,Mock tweet 8980,-0.47938394275549245
2026-06-05 13:58:00+00:00,Mock tweet 8981,0.6655762536002858
2026-06-05 14:03:00+00:00,Mock tweet 8982,0.2028992984707103
2026-06-05 14:03:00+00:00,Mock tweet 8983,-0.4939331265624911
2026-06-05 14:07:00+00:00,Mock tweet 8984,-0.9011457726161163
2026-06-05 14:11:00+00:00,Mock tweet 8985,-0.34208257417416155
2026-06-05 14:14:00+00:00,Mock tweet 8986,-0.7405263040327632
2026-06-05 14:20:00+00:00,Mock tweet 8987,-0.5528267131222373
2026-06-05 14:22:00+00:00,Mock tweet 8988,-0.7707789561588487
2026-06-05 14:24:00+00:00,Mock tweet 8989,0.34412863602598054
2026-06-05 14:28:00+00:00,Mock tweet 8990,0.8583754744389316
2026-06-05 14:29:00+00:00,Mock tweet 8991,-0.3336430652517255
2026-06-05 14:31:00+00:00,Mock tweet 8992,-0.6995962185075999
2026-06-05 14:31:00+00:00,Mock tweet 8993,8.666743257813447
2026-06-05 14:32:00+00:00,Mock tweet 8994,0.7677491460228489
2026-06-05 14:34:00+00:00,Mock tweet 8995,0.1909857933067216
2026-06-05 14:34:00+00:00,Mock tweet 8996,-0.13564515647740527
2026-06-05 14:39:00+00:00,Mock tweet 8997,-0.6423705268040831
2026-06-05 14:41:00+00:00,Mock tweet 8998,0.1002698247544318
2026-06-05 14:42:00+00:00,Mock tweet 8999,0.8519323413111843
2026-06-05 14:49:00+00:00,Mock tweet 9000,0.24131804717897798
2026-06-05 14:53:00+00:00,Mock tweet 9001,-0.31869059344377537
2026-06-05 14:55:00+00:00,Mock tweet 9002,0.7877229489984034
2026-06-05 15:18:00+00:00,Mock tweet 9003,-0.8632036957925668
2026-06-05 15:24:00+00:00,Mock tweet 9004,0.9056965876576186
2026-06-05 15:27:00+00:00,Mock tweet 9005,0.8905830262943479
2026-06-05 15:30:00+00:00,Mock tweet 9006,0.44654092518395494
2026-06-05 15:43:00+00:00,Mock tweet 9007,0.2653283927023806
2026-06-05 15:51:00+00:00,Mock tweet 9008,0.14218901285293906
2026-06-05 15:52:00+00:00,Mock tweet 9009,-0.6932975712159832
2026-06-05 15:52:00+00:00,Mock tweet 9010,-0.4225966688233793
2026-06-05 15:54:00+00:00,Mock tweet 9011,-0.802711011934667
2026-06-05 15:57:00+00:00,Mock tweet 9012,-0.0848120085887698
2026-06-05 16:03:00+00:00,Mock tweet 9013,0.27001111931552724
2026-06-05 16:04:00+00:00,Mock tweet 9014,0.5237639218400139
2026-06-05 16:06:00+00:00,Mock tweet 9015,-0.830353820063022
2026-06-05 16:06:00+00:00,Mock tweet 9016,-0.43212106725296406
2026-06-05 16:09:00+00:00,Mock tweet 9017,-0.5636799922073754
2026-06-05 16:11:00+00:00,Mock tweet 9018,0.8954766398174105
2026-06-05 16:15:00+00:00,Mock tweet 9019,-0.17782880763513864
2026-06-05 16:22:00+00:00,Mock tweet 9020,0.32639006063683573
2026-06-05 16:24:00+00:00,Mock tweet 9021,0.3002261684065839
2026-06-05 16:25:00+00:00,Mock tweet 9022,0.011476439596621146
2026-06-05 16:25:00+00:00,Mock tweet 9023,0.5315166049948779
2026-06-05 16:29:00+00:00,Mock tweet 9024,-0.1788059210465247
2026-06-05 16:31:00+00:00,Mock tweet 9025,0.8405498071038078
2026-06-05 16:32:00+00:00,Mock tweet 9026,-0.858029643385773
2026-06-05 16:32:00+00:00,Mock tweet 9027,-0.4003349540530423
2026-06-05 16:35:00+00:00,Mock tweet 9028,-0.08881411989894605
2026-06-05 16:36:00+00:00,Mock tweet 9029,-0.3106009143600792
2026-06-05 16:37:00+00:00,Mock tweet 9030,0.20772559739636143
2026-06-05 16:38:00+00:00,Mock tweet 9031,-0.23738182370949734
2026-06-05 16:44:00+00:00,Mock tweet 9032,0.7500186590162772
2026-06-05 16:44:00+00:00,Mock tweet 9033,-0.05793111286518959
2026-06-05 16:46:00+00:00,Mock tweet 9034,-0.297224294279842
2026-06-05 16:49:00+00:00,Mock tweet 9035,-0.8940062211019311
2026-06-05 16:51:00+00:00,Mock tweet 9036,-0.7071962290741762
2026-06-05 16:53:00+00:00,Mock tweet 9037,0.36059137402667973
2026-06-05 17:01:00+00:00,Mock tweet 9038,0.3516030657428797
2026-06-05 17:13:00+00:00,Mock tweet 9039,-0.09185838069943664
2026-06-05 17:20:00+00:00,Mock tweet 9040,0.2691186283560765
2026-06-05 17:30:00+00:00,Mock tweet 9041,-0.5030426898034068
2026-06-05 17:31:00+00:00,Mock tweet 9042,-0.7562391955911243
2026-06-05 17:31:00+00:00,Mock tweet 9043,0.8262893614018072
2026-06-05 17:32:00+00:00,Mock tweet 9044,0.8944687037082317
2026-06-05 17:33:00+00:00,Mock tweet 9045,0.25850027416604604
2026-06-05 17:42:00+00:00,Mock tweet 9046,0.9435399035605789
2026-06-05 17:45:00+00:00,Mock tweet 9047,0.8148830286440865
2026-06-05 17:52:00+00:00,Mock tweet 9048,0.03386669837669176
2026-06-05 18:00:00+00:00,Mock tweet 9049,0.9549237363894005
2026-06-05 18:00:00+00:00,Mock tweet 9050,0.4711058908762831
2026-06-05 18:05:00+00:00,Mock tweet 9051,0.3262971088861246
2026-06-05 18:05:00+00:00,Mock tweet 9052,0.6198285105584924
2026-06-05 18:05:00+00:00,Mock tweet 9053,-0.1265182260342701
2026-06-05 18:21:00+00:00,Mock tweet 9054,-0.42977401945523797
2026-06-05 18:25:00+00:00,Mock tweet 9055,-0.4404002666932947
2026-06-05 18:25:00+00:00,Mock tweet 9056,-0.12441252616445997
2026-06-05 18:25:00+00:00,Mock tweet 9057,0.34549421834084737
2026-06-05 18:30:00+00:00,Mock tweet 9058,-0.2859781052595356
2026-06-05 18:32:00+00:00,Mock tweet 9059,0.011251958562092268
2026-06-05 18:36:00+00:00,Mock tweet 9060,0.47522568631547535
2026-06-05 18:38:00+00:00,Mock tweet 9061,-0.7319211000554671
2026-06-05 18:38:00+00:00,Mock tweet 9062,-0.5019967288707818
2026-06-05 18:39:00+00:00,Mock tweet 9063,-0.5876948707160301
2026-06-05 18:39:00+00:00,Mock tweet 9064,0.9745471688734997
2026-06-05 18:41:00+00:00,Mock tweet 9065,0.5392031573592222
2026-06-05 18:49:00+00:00,Mock tweet 9066,-0.9946486425506644
2026-06-05 19:01:00+00:00,Mock tweet 9067,-0.30986615857691024
2026-06-05 19:03:00+00:00,Mock tweet 9068,-0.054033913698697145
2026-06-05 19:11:00+00:00,Mock tweet 9069,0.14770067004229404
2026-06-05 19:18:00+00:00,Mock tweet 9070,-0.14361801618704617
2026-06-05 19:21:00+00:00,Mock tweet 9071,0.4426739302844329
2026-06-05 19:22:00+00:00,Mock tweet 9072,0.10443209476524329
2026-06-05 19:23:00+00:00,Mock tweet 9073,0.13852308453342155
2026-06-05 19:26:00+00:00,Mock tweet 9074,-0.20097139789428708
2026-06-05 19:34:00+00:00,Mock tweet 9075,-0.3164273556061976
2026-06-05 19:36:00+00:00,Mock tweet 9076,0.8179084611140377
2026-06-05 19:39:00+00:00,Mock tweet 9077,-0.5750129933067143
2026-06-05 19:39:00+00:00,Mock tweet 9078,-0.7982329070211207
2026-06-05 19:48:00+00:00,Mock tweet 9079,-0.35816541743288766
2026-06-05 19:50:00+00:00,Mock tweet 9080,0.3763676544097616
2026-06-05 19:53:00+00:00,Mock tweet 9081,0.11499316639183421
2026-06-05 19:57:00+00:00,Mock tweet 9082,0.9800558335529757
2026-06-05 20:00:00+00:00,Mock tweet 9083,0.1913803935618137
2026-06-05 20:00:00+00:00,Mock tweet 9084,-0.14304117460221355
2026-06-05 20:00:00+00:00,Mock tweet 9085,0.47824372280463834
2026-06-05 20:07:00+00:00,Mock tweet 9086,0.0887137596162264
2026-06-05 20:15:00+00:00,Mock tweet 9087,-0.9209278614276453
2026-06-05 20:15:00+00:00,Mock tweet 9088,0.1339608951992839
2026-06-05 20:15:00+00:00,Mock tweet 9089,0.21593366810225212
2026-06-05 20:17:00+00:00,Mock tweet 9090,-0.442540918956448
2026-06-05 20:19:00+00:00,Mock tweet 9091,0.7244762299125371
2026-06-05 20:23:00+00:00,Mock tweet 9092,-0.13447961592265534
2026-06-05 20:24:00+00:00,Mock tweet 9093,0.7047762521584586
2026-06-05 20:27:00+00:00,Mock tweet 9094,0.02537202720769738
2026-06-05 20:28:00+00:00,Mock tweet 9095,0.6048221233152549
2026-06-05 20:34:00+00:00,Mock tweet 9096,0.4794143079810882
2026-06-05 20:36:00+00:00,Mock tweet 9097,-0.21850034498058934
2026-06-05 20:41:00+00:00,Mock tweet 9098,0.6088327042907151
2026-06-05 20:41:00+00:00,Mock tweet 9099,0.8429191764904738
2026-06-05 20:49:00+00:00,Mock tweet 9100,-0.7135043802813485
2026-06-05 20:53:00+00:00,Mock tweet 9101,0.40784156421499107
2026-06-05 20:55:00+00:00,Mock tweet 9102,0.8834460645620792
2026-06-05 21:11:00+00:00,Mock tweet 9103,-0.44945255444542953
2026-06-05 21:15:00+00:00,Mock tweet 9104,0.1481701576474399
2026-06-05 21:17:00+00:00,Mock tweet 9105,-0.16465663682533416
2026-06-05 21:21:00+00:00,Mock tweet 9106,0.2501008917457255
2026-06-05 21:31:00+00:00,Mock tweet 9107,0.3660499399256163
2026-06-05 21:34:00+00:00,Mock tweet 9108,-0.5697167329635788
2026-06-05 21:38:00+00:00,Mock tweet 9109,0.4522025661819373
2026-06-05 21:39:00+00:00,Mock tweet 9110,0.37505929132285765
2026-06-05 21:40:00+00:00,Mock tweet 9111,0.885896883278634
2026-06-05 21:40:00+00:00,Mock tweet 9112,-0.6388913193236501
2026-06-05 21:43:00+00:00,Mock tweet 9113,-0.3994919220612314
2026-06-05 21:44:00+00:00,Mock tweet 9114,-0.325517210301129
2026-06-05 21:55:00+00:00,Mock tweet 9115,0.46211585275603606
2026-06-05 21:58:00+00:00,Mock tweet 9116,-0.8018777116488822
2026-06-05 22:01:00+00:00,Mock tweet 9117,-0.9520277396242804
2026-06-05 22:03:00+00:00,Mock tweet 9118,-0.19876814308826862
2026-06-05 22:05:00+00:00,Mock tweet 9119,-0.16690245773866663
2026-06-05 22:06:00+00:00,Mock tweet 9120,0.41578338373124346
2026-06-05 22:06:00+00:00,Mock tweet 9121,-0.18626155122256627
2026-06-05 22:07:00+00:00,Mock tweet 9122,0.07498339988654035
2026-06-05 22:09:00+00:00,Mock tweet 9123,0.35552175004360187
2026-06-05 22:15:00+00:00,Mock tweet 9124,-0.702850761984857
2026-06-05 22:22:00+00:00,Mock tweet 9125,0.13191633414328607
2026-06-05 22:25:00+00:00,Mock tweet 9126,-0.5494484064483827
2026-06-05 22:25:00+00:00,Mock tweet 9127,0.35232437106631065
2026-06-05 22:25:00+00:00,Mock tweet 9128,-0.26762783011971525
2026-06-05 22:35:00+00:00,Mock tweet 9129,0.2363947604458767
2026-06-05 22:36:00+00:00,Mock tweet 9130,0.801570189303028
2026-06-05 22:38:00+00:00,Mock tweet 9131,0.9241715921785374
2026-06-05 22:39:00+00:00,Mock tweet 9132,0.233234483511632
2026-06-05 22:47:00+00:00,Mock tweet 9133,0.9991069841209619
2026-06-05 22:50:00+00:00,Mock tweet 9134,-0.21773110223600378
2026-06-05 23:00:00+00:00,Mock tweet 9135,-0.3689332447078324
2026-06-05 23:06:00+00:00,Mock tweet 9136,0.0008677211453411715
2026-06-05 23:12:00+00:00,Mock tweet 9137,0.833498874209011
2026-06-05 23:13:00+00:00,Mock tweet 9138,-0.15184290909197373
2026-06-05 23:14:00+00:00,Mock tweet 9139,0.8064810521934749
2026-06-05 23:16:00+00:00,Mock tweet 9140,-0.9944976503960414
2026-06-05 23:26:00+00:00,Mock tweet 9141,-0.458132699833095
2026-06-05 23:31:00+00:00,Mock tweet 9142,-0.8617653541536072
2026-06-05 23:33:00+00:00,Mock tweet 9143,-0.5346279601181438
2026-06-05 23:40:00+00:00,Mock tweet 9144,0.998251809162521
2026-06-05 23:44:00+00:00,Mock tweet 9145,0.3443278371160483
2026-06-05 23:50:00+00:00,Mock tweet 9146,0.4399944252713852
2026-06-05 23:52:00+00:00,Mock tweet 9147,0.3020258816871044
2026-06-05 23:53:00+00:00,Mock tweet 9148,-0.5155840342888665
2026-06-05 23:58:00+00:00,Mock tweet 9149,-0.4916549837715598
2026-06-06 00:00:00+00:00,Mock tweet 9150,0.2184190955343699
2026-06-06 00:04:00+00:00,Mock tweet 9151,0.8788923667476971
2026-06-06 00:16:00+00:00,Mock tweet 9152,0.5769561715185607
2026-06-06 00:16:00+00:00,Mock tweet 9153,0.8453130732182117
2026-06-06 00:17:00+00:00,Mock tweet 9154,-0.7176720834311425
2026-06-06 00:18:00+00:00,Mock tweet 9155,0.1764064518495263
2026-06-06 00:20:00+00:00,Mock tweet 9156,0.03535857855379376
2026-06-06 00:30:00+00:00,Mock tweet 9157,-0.9769203040055272
2026-06-06 00:31:00+00:00,Mock tweet 9158,-0.287409865828828
2026-06-06 00:34:00+00:00,Mock tweet 9159,0.49099131351925474
2026-06-06 00:35:00+00:00,Mock tweet 9160,-0.5504460283359613
2026-06-06 00:36:00+00:00,Mock tweet 9161,0.5614438899858063
2026-06-06 00:39:00+00:00,Mock tweet 9162,0.8483663042964416
2026-06-06 00:45:00+00:00,Mock tweet 9163,-0.5866556653660784
2026-06-06 00:50:00+00:00,Mock tweet 9164,-0.31331512987503873
2026-06-06 00:58:00+00:00,Mock tweet 9165,-0.9101328106709838
2026-06-06 00:58:00+00:00,Mock tweet 9166,-0.9537386352347508
2026-06-06 01:05:00+00:00,Mock tweet 9167,0.5130656542086038
2026-06-06 01:09:00+00:00,Mock tweet 9168,0.3389799894581216
2026-06-06 01:09:00+00:00,Mock tweet 9169,0.003786067754934397
2026-06-06 01:34:00+00:00,Mock tweet 9170,-0.17418464043775161
2026-06-06 01:35:00+00:00,Mock tweet 9171,-0.8257035655614426
2026-06-06 01:39:00+00:00,Mock tweet 9172,-0.4094940381712249
2026-06-06 01:40:00+00:00,Mock tweet 9173,0.5767252818268409
2026-06-06 02:02:00+00:00,Mock tweet 9174,-0.04957288963862183
2026-06-06 02:10:00+00:00,Mock tweet 9175,-0.20667265757353492
2026-06-06 02:12:00+00:00,Mock tweet 9176,-0.8540584353332334
2026-06-06 02:13:00+00:00,Mock tweet 9177,-0.15349499553680257
2026-06-06 02:17:00+00:00,Mock tweet 9178,0.7478725340752252
2026-06-06 02:22:00+00:00,Mock tweet 9179,0.368425909311233
2026-06-06 02:25:00+00:00,Mock tweet 9180,-0.01041264135322506
2026-06-06 02:30:00+00:00,Mock tweet 9181,-0.27571479147310174
2026-06-06 02:36:00+00:00,Mock tweet 9182,-0.8277704536219124
2026-06-06 02:38:00+00:00,Mock tweet 9183,0.44671428117519674
2026-06-06 02:40:00+00:00,Mock tweet 9184,-0.6382807599661129
2026-06-06 02:44:00+00:00,Mock tweet 9185,-0.9673939843953578
2026-06-06 02:58:00+00:00,Mock tweet 9186,-0.33190422969529587
2026-06-06 03:05:00+00:00,Mock tweet 9187,0.5853489778258787
2026-06-06 03:06:00+00:00,Mock tweet 9188,0.4710811493351721
2026-06-06 03:08:00+00:00,Mock tweet 9189,0.8902473986342625
2026-06-06 03:09:00+00:00,Mock tweet 9190,0.21942012457396531
2026-06-06 03:14:00+00:00,Mock tweet 9191,-0.5638066578573875
2026-06-06 03:15:00+00:00,Mock tweet 9192,-0.7631718702345809
2026-06-06 03:16:00+00:00,Mock tweet 9193,0.3532489243429764
2026-06-06 03:17:00+00:00,Mock tweet 9194,-0.017544475193009612
2026-06-06 03:25:00+00:00,Mock tweet 9195,0.05495085253099252
2026-06-06 03:30:00+00:00,Mock tweet 9196,-0.915136265857031
2026-06-06 03:32:00+00:00,Mock tweet 9197,-0.28298852891789217
2026-06-06 03:32:00+00:00,Mock tweet 9198,-0.7977437029461489
2026-06-06 03:32:00+00:00,Mock tweet 9199,0.39413870367544224
2026-06-06 03:33:00+00:00,Mock tweet 9200,-0.6339609627759859
2026-06-06 03:35:00+00:00,Mock tweet 9201,0.4911384129205085
2026-06-06 03:45:00+00:00,Mock tweet 9202,0.192452020866261
2026-06-06 03:49:00+00:00,Mock tweet 9203,-0.4625105165175565
2026-06-06 04:01:00+00:00,Mock tweet 9204,0.6026445749722562
2026-06-06 04:13:00+00:00,Mock tweet 9205,-0.5632192986812403
2026-06-06 04:18:00+00:00,Mock tweet 9206,0.8491272101885594
2026-06-06 04:19:00+00:00,Mock tweet 9207,0.19241261777500918
2026-06-06 04:19:00+00:00,Mock tweet 9208,0.29286169303842446
2026-06-06 04:30:00+00:00,Mock tweet 9209,-0.1869294609336516
2026-06-06 04:35:00+00:00,Mock tweet 9210,0.37159576774823466
2026-06-06 04:36:00+00:00,Mock tweet 9211,-0.003599022727730272
2026-06-06 04:41:00+00:00,Mock tweet 9212,-0.971340854779128
2026-06-06 04:51:00+00:00,Mock tweet 9213,-0.6103573285743418
2026-06-06 04:55:00+00:00,Mock tweet 9214,-0.10714373413947387
2026-06-06 04:56:00+00:00,Mock tweet 9215,0.6387592767514525
2026-06-06 04:58:00+00:00,Mock tweet 9216,0.727775366635828
2026-06-06 05:08:00+00:00,Mock tweet 9217,0.6626710285489092
2026-06-06 05:11:00+00:00,Mock tweet 9218,0.12855872232238497
2026-06-06 05:12:00+00:00,Mock tweet 9219,-0.558694485687188
2026-06-06 05:14:00+00:00,Mock tweet 9220,-0.40252020398716515
2026-06-06 05:14:00+00:00,Mock tweet 9221,-0.35810195982748416
2026-06-06 05:15:00+00:00,Mock tweet 9222,-0.2602972482364825
2026-06-06 05:17:00+00:00,Mock tweet 9223,-0.26320783989086083
2026-06-06 05:22:00+00:00,Mock tweet 9224,-0.8270124496450943
2026-06-06 05:24:00+00:00,Mock tweet 9225,0.9137634952205587
2026-06-06 05:25:00+00:00,Mock tweet 9226,-0.5682465654019291
2026-06-06 05:44:00+00:00,Mock tweet 9227,-0.7119374528306459
2026-06-06 05:44:00+00:00,Mock tweet 9228,-0.1454211698224539
2026-06-06 05:54:00+00:00,Mock tweet 9229,0.5207993425778947
2026-06-06 05:57:00+00:00,Mock tweet 9230,-0.7219699090011433
2026-06-06 05:59:00+00:00,Mock tweet 9231,0.7181580899471194
2026-06-06 06:01:00+00:00,Mock tweet 9232,-0.23866633282972316
2026-06-06 06:03:00+00:00,Mock tweet 9233,0.9499348648724086
2026-06-06 06:03:00+00:00,Mock tweet 9234,-0.8081280042760104
2026-06-06 06:11:00+00:00,Mock tweet 9235,0.3680692663808618
2026-06-06 06:12:00+00:00,Mock tweet 9236,-0.5119900682674459
2026-06-06 06:12:00+00:00,Mock tweet 9237,0.04214837681891992
2026-06-06 06:24:00+00:00,Mock tweet 9238,-0.48614558846267686
2026-06-06 06:28:00+00:00,Mock tweet 9239,0.23892369587482487
2026-06-06 06:30:00+00:00,Mock tweet 9240,0.02985246217328208
2026-06-06 06:32:00+00:00,Mock tweet 9241,0.6346995448882593
2026-06-06 06:40:00+00:00,Mock tweet 9242,0.22220634979198484
2026-06-06 06:42:00+00:00,Mock tweet 9243,-0.3007149328292402
2026-06-06 07:01:00+00:00,Mock tweet 9244,0.29706361652721447
2026-06-06 07:02:00+00:00,Mock tweet 9245,-0.8111143720952578
2026-06-06 07:12:00+00:00,Mock tweet 9246,0.2170944137168258
2026-06-06 07:13:00+00:00,Mock tweet 9247,0.8037489435184224
2026-06-06 07:26:00+00:00,Mock tweet 9248,-0.3206578773799007
2026-06-06 07:32:00+00:00,Mock tweet 9249,-0.01975427444433131
2026-06-06 07:35:00+00:00,Mock tweet 9250,0.7565313697835938
2026-06-06 07:37:00+00:00,Mock tweet 9251,0.9056372937682453
2026-06-06 07:42:00+00:00,Mock tweet 9252,0.12807256764850372
2026-06-06 07:48:00+00:00,Mock tweet 9253,-0.18649358503774494
2026-06-06 07:52:00+00:00,Mock tweet 9254,0.9856166237219302
2026-06-06 07:54:00+00:00,Mock tweet 9255,-0.8949256783040453
2026-06-06 08:01:00+00:00,Mock tweet 9256,-0.41419163847522866
2026-06-06 08:02:00+00:00,Mock tweet 9257,-0.45944998160676787
2026-06-06 08:03:00+00:00,Mock tweet 9258,-0.8472906109250133
2026-06-06 08:08:00+00:00,Mock tweet 9259,-0.14158471711304532
2026-06-06 08:13:00+00:00,Mock tweet 9260,-0.14552956929814043
2026-06-06 08:17:00+00:00,Mock tweet 9261,0.7802260390702473
2026-06-06 08:18:00+00:00,Mock tweet 9262,-0.7235688729651095
2026-06-06 08:23:00+00:00,Mock tweet 9263,-0.5004246904795322
2026-06-06 08:27:00+00:00,Mock tweet 9264,-0.7639815468310232
2026-06-06 08:35:00+00:00,Mock tweet 9265,-0.46341680764768456
2026-06-06 08:43:00+00:00,Mock tweet 9266,-0.6160173363609567
2026-06-06 08:43:00+00:00,Mock tweet 9267,-0.46893310991505577
2026-06-06 08:52:00+00:00,Mock tweet 9268,-0.9569769923764804
2026-06-06 08:54:00+00:00,Mock tweet 9269,-0.8315719882863237
2026-06-06 08:55:00+00:00,Mock tweet 9270,-0.09802175677915215
2026-06-06 08:58:00+00:00,Mock tweet 9271,-0.8013361857737216
2026-06-06 09:02:00+00:00,Mock tweet 9272,-0.3184752191137137
2026-06-06 09:08:00+00:00,Mock tweet 9273,0.26669697649089064
2026-06-06 09:08:00+00:00,Mock tweet 9274,0.6947561879333399
2026-06-06 09:15:00+00:00,Mock tweet 9275,-0.1817652416285469
2026-06-06 09:18:00+00:00,Mock tweet 9276,0.945199490040914
2026-06-06 09:26:00+00:00,Mock tweet 9277,0.9351251966327505
2026-06-06 09:52:00+00:00,Mock tweet 9278,-0.17259311464617344
2026-06-06 09:56:00+00:00,Mock tweet 9279,-0.13171518482048916
2026-06-06 10:01:00+00:00,Mock tweet 9280,-0.38609468731313856
2026-06-06 10:08:00+00:00,Mock tweet 9281,-0.5792032725717038
2026-06-06 10:10:00+00:00,Mock tweet 9282,-0.9374749801488445
2026-06-06 10:11:00+00:00,Mock tweet 9283,-0.904390280083964
2026-06-06 10:24:00+00:00,Mock tweet 9284,0.45057628239308856
2026-06-06 10:25:00+00:00,Mock tweet 9285,0.5119441003565821
2026-06-06 10:26:00+00:00,Mock tweet 9286,0.5144254499008494
2026-06-06 10:27:00+00:00,Mock tweet 9287,-0.5440831500008485
2026-06-06 10:28:00+00:00,Mock tweet 9288,0.2944245748614591
2026-06-06 10:29:00+00:00,Mock tweet 9289,-0.45832260109338474
2026-06-06 10:29:00+00:00,Mock tweet 9290,0.5563225965729106
2026-06-06 10:37:00+00:00,Mock tweet 9291,0.1876806008059786
2026-06-06 10:46:00+00:00,Mock tweet 9292,-0.0027329498394046414
2026-06-06 10:46:00+00:00,Mock tweet 9293,-0.9713543773183202
2026-06-06 10:47:00+00:00,Mock tweet 9294,-0.314367170398564
2026-06-06 10:53:00+00:00,Mock tweet 9295,-0.9416324789333101
2026-06-06 10:59:00+00:00,Mock tweet 9296,0.06943775094137794
2026-06-06 11:15:00+00:00,Mock tweet 9297,6.2183320467523995
2026-06-06 11:17:00+00:00,Mock tweet 9298,-0.6575775244241995
2026-06-06 11:21:00+00:00,Mock tweet 9299,-0.9595448159720235
2026-06-06 11:25:00+00:00,Mock tweet 9300,0.04250414036237893
2026-06-06 11:25:00+00:00,Mock tweet 9301,-0.9211583525766305
2026-06-06 11:27:00+00:00,Mock tweet 9302,-0.7099357740326504
2026-06-06 11:37:00+00:00,Mock tweet 9303,-0.17703147366392358
2026-06-06 11:53:00+00:00,Mock tweet 9304,0.27312512123953403
2026-06-06 12:06:00+00:00,Mock tweet 9305,-0.355013143793353
2026-06-06 12:10:00+00:00,Mock tweet 9306,-0.5653795549070264
2026-06-06 12:13:00+00:00,Mock tweet 9307,-0.060585253721136656
2026-06-06 12:15:00+00:00,Mock tweet 9308,0.568128851435165
2026-06-06 12:18:00+00:00,Mock tweet 9309,0.6061882012447153
2026-06-06 12:22:00+00:00,Mock tweet 9310,-0.8967841827073368
2026-06-06 12:28:00+00:00,Mock tweet 9311,0.03856146959496298
2026-06-06 12:28:00+00:00,Mock tweet 9312,0.7166118790154272
2026-06-06 12:31:00+00:00,Mock tweet 9313,0.1576885246862172
2026-06-06 12:31:00+00:00,Mock tweet 9314,-0.586311227641066
2026-06-06 12:43:00+00:00,Mock tweet 9315,-0.5621179490570056
2026-06-06 12:50:00+00:00,Mock tweet 9316,0.8796520466947761
2026-06-06 13:01:00+00:00,Mock tweet 9317,-0.41677874481806243
2026-06-06 13:03:00+00:00,Mock tweet 9318,0.47229165012983954
2026-06-06 13:14:00+00:00,Mock tweet 9319,0.7535486228414352
2026-06-06 13:17:00+00:00,Mock tweet 9320,-0.9065229023007477
2026-06-06 13:21:00+00:00,Mock tweet 9321,-0.8173075683538902
2026-06-06 13:22:00+00:00,Mock tweet 9322,-0.1511567617887335
2026-06-06 13:31:00+00:00,Mock tweet 9323,0.708414718997119
2026-06-06 13:34:00+00:00,Mock tweet 9324,-0.25360361250698404
2026-06-06 13:39:00+00:00,Mock tweet 9325,-0.8841477226880201
2026-06-06 13:40:00+00:00,Mock tweet 9326,0.53242602009944
2026-06-06 13:45:00+00:00,Mock tweet 9327,0.6101358083033828
2026-06-06 13:48:00+00:00,Mock tweet 9328,-0.9573057439710371
2026-06-06 13:54:00+00:00,Mock tweet 9329,0.06740679279528594
2026-06-06 14:02:00+00:00,Mock tweet 9330,0.17764525067503123
2026-06-06 14:14:00+00:00,Mock tweet 9331,-0.6313109795973673
2026-06-06 14:14:00+00:00,Mock tweet 9332,0.4624279155770141
2026-06-06 14:22:00+00:00,Mock tweet 9333,0.7289701508589974
2026-06-06 14:23:00+00:00,Mock tweet 9334,0.10767771839858686
2026-06-06 14:29:00+00:00,Mock tweet 9335,-0.3994010002344055
2026-06-06 14:35:00+00:00,Mock tweet 9336,-0.7791127238264082
2026-06-06 14:37:00+00:00,Mock tweet 9337,-0.3318205738625588
2026-06-06 14:37:00+00:00,Mock tweet 9338,0.6574547039926584
2026-06-06 14:37:00+00:00,Mock tweet 9339,-0.11073573686246263
2026-06-06 14:42:00+00:00,Mock tweet 9340,0.1317781237132638
2026-06-06 14:44:00+00:00,Mock tweet 9341,0.38739275551451957
2026-06-06 14:45:00+00:00,Mock tweet 9342,-0.7732022441437492
2026-06-06 14:46:00+00:00,Mock tweet 9343,-0.662486660724865
2026-06-06 14:54:00+00:00,Mock tweet 9344,0.4383093979692114
2026-06-06 14:56:00+00:00,Mock tweet 9345,0.1307707790291308
2026-06-06 15:02:00+00:00,Mock tweet 9346,-0.7129707272057557
2026-06-06 15:04:00+00:00,Mock tweet 9347,-0.17036180866019301
2026-06-06 15:04:00+00:00,Mock tweet 9348,0.46098889574859303
2026-06-06 15:09:00+00:00,Mock tweet 9349,0.7168029894785057
2026-06-06 15:11:00+00:00,Mock tweet 9350,0.33935476436575596
2026-06-06 15:11:00+00:00,Mock tweet 9351,-0.15607399599912086
2026-06-06 15:12:00+00:00,Mock tweet 9352,0.9766937693133773
2026-06-06 15:19:00+00:00,Mock tweet 9353,-0.016821075727612156
2026-06-06 15:30:00+00:00,Mock tweet 9354,-0.7605527574872863
2026-06-06 15:33:00+00:00,Mock tweet 9355,0.8899610205591724
2026-06-06 15:43:00+00:00,Mock tweet 9356,0.4785324424965336
2026-06-06 15:50:00+00:00,Mock tweet 9357,-0.9846949193738541
2026-06-06 16:02:00+00:00,Mock tweet 9358,0.1972788941230852
2026-06-06 16:21:00+00:00,Mock tweet 9359,-0.0570350571633782
2026-06-06 16:21:00+00:00,Mock tweet 9360,0.6332147534184116
2026-06-06 16:23:00+00:00,Mock tweet 9361,0.07363507790191459
2026-06-06 16:27:00+00:00,Mock tweet 9362,0.6099258945713943
2026-06-06 16:27:00+00:00,Mock tweet 9363,-0.4922934858654546
2026-06-06 16:31:00+00:00,Mock tweet 9364,-0.3082883728510586
2026-06-06 16:31:00+00:00,Mock tweet 9365,0.5268307392300429
2026-06-06 16:34:00+00:00,Mock tweet 9366,-0.13130477508594418
2026-06-06 16:39:00+00:00,Mock tweet 9367,-0.09308066087231825
2026-06-06 16:41:00+00:00,Mock tweet 9368,0.5766103560371219
2026-06-06 16:42:00+00:00,Mock tweet 9369,0.507490211593919
2026-06-06 16:44:00+00:00,Mock tweet 9370,-0.8988407713782047
2026-06-06 16:44:00+00:00,Mock tweet 9371,-0.7006161767342429
2026-06-06 16:48:00+00:00,Mock tweet 9372,-0.594452068136115
2026-06-06 16:52:00+00:00,Mock tweet 9373,0.15516822100185812
2026-06-06 16:56:00+00:00,Mock tweet 9374,0.11346235031646357
2026-06-06 17:02:00+00:00,Mock tweet 9375,-0.7675434435735589
2026-06-06 17:07:00+00:00,Mock tweet 9376,0.4208247699094618
2026-06-06 17:10:00+00:00,Mock tweet 9377,0.9264318873102593
2026-06-06 17:12:00+00:00,Mock tweet 9378,0.8008532248420357
2026-06-06 17:12:00+00:00,Mock tweet 9379,-0.9207300460782746
2026-06-06 17:13:00+00:00,Mock tweet 9380,-0.5746287137229453
2026-06-06 17:17:00+00:00,Mock tweet 9381,0.9397541894792194
2026-06-06 17:29:00+00:00,Mock tweet 9382,-0.11303199433341993
2026-06-06 17:32:00+00:00,Mock tweet 9383,-0.6773537321321415
2026-06-06 17:34:00+00:00,Mock tweet 9384,0.6907883386625253
2026-06-06 17:43:00+00:00,Mock tweet 9385,-0.8859824827814873
2026-06-06 17:43:00+00:00,Mock tweet 9386,-0.7295400449208875
2026-06-06 17:45:00+00:00,Mock tweet 9387,0.8874343928882595
2026-06-06 17:46:00+00:00,Mock tweet 9388,-0.3008219094178488
2026-06-06 18:11:00+00:00,Mock tweet 9389,-0.15247838284017146
2026-06-06 18:15:00+00:00,Mock tweet 9390,-0.3957224016477927
2026-06-06 18:15:00+00:00,Mock tweet 9391,-0.3317001722489712
2026-06-06 18:20:00+00:00,Mock tweet 9392,0.046174906117461445
2026-06-06 18:38:00+00:00,Mock tweet 9393,0.35472911751395286
2026-06-06 18:41:00+00:00,Mock tweet 9394,-0.30340491150985316
2026-06-06 18:42:00+00:00,Mock tweet 9395,-0.7361346292099413
2026-06-06 18:46:00+00:00,Mock tweet 9396,-0.821895086500561
2026-06-06 18:58:00+00:00,Mock tweet 9397,-0.7992456890356259
2026-06-06 19:08:00+00:00,Mock tweet 9398,0.17341162959738865
2026-06-06 19:21:00+00:00,Mock tweet 9399,0.20696240187206305
2026-06-06 19:23:00+00:00,Mock tweet 9400,-0.6574754645592649
2026-06-06 19:28:00+00:00,Mock tweet 9401,-0.3197816936347042
2026-06-06 19:28:00+00:00,Mock tweet 9402,0.21351531614586605
2026-06-06 19:30:00+00:00,Mock tweet 9403,0.9407421290379618
2026-06-06 19:33:00+00:00,Mock tweet 9404,-0.698571293105331
2026-06-06 19:35:00+00:00,Mock tweet 9405,0.19132581639302892
2026-06-06 19:49:00+00:00,Mock tweet 9406,0.20102023754089648
2026-06-06 20:00:00+00:00,Mock tweet 9407,-0.49316853215765244
2026-06-06 20:01:00+00:00,Mock tweet 9408,-0.28377606606386796
2026-06-06 20:02:00+00:00,Mock tweet 9409,0.3153065410876965
2026-06-06 20:09:00+00:00,Mock tweet 9410,-0.532513930202682
2026-06-06 20:10:00+00:00,Mock tweet 9411,-0.8619186850622267
2026-06-06 20:15:00+00:00,Mock tweet 9412,-0.5361218101212295
2026-06-06 20:16:00+00:00,Mock tweet 9413,-0.013940181715796696
2026-06-06 20:24:00+00:00,Mock tweet 9414,-0.7440491698403431
2026-06-06 20:24:00+00:00,Mock tweet 9415,-0.2073325407430231
2026-06-06 20:27:00+00:00,Mock tweet 9416,0.8870093395659164
2026-06-06 20:30:00+00:00,Mock tweet 9417,0.7521819302734332
2026-06-06 20:35:00+00:00,Mock tweet 9418,0.8612115127169937
2026-06-06 20:39:00+00:00,Mock tweet 9419,0.03681077228171725
2026-06-06 20:52:00+00:00,Mock tweet 9420,-0.545959310258368
2026-06-06 21:06:00+00:00,Mock tweet 9421,0.12294891346388814
2026-06-06 21:07:00+00:00,Mock tweet 9422,-0.1940572757283261
2026-06-06 21:20:00+00:00,Mock tweet 9423,0.5421036987656096
2026-06-06 21:22:00+00:00,Mock tweet 9424,-0.18885636839340036
2026-06-06 21:22:00+00:00,Mock tweet 9425,-0.9387342372866758
2026-06-06 21:27:00+00:00,Mock tweet 9426,-0.2737544858337819
2026-06-06 21:29:00+00:00,Mock tweet 9427,-0.5775866864416521
2026-06-06 21:32:00+00:00,Mock tweet 9428,0.8442286647805173
2026-06-06 21:36:00+00:00,Mock tweet 9429,0.9676151220309752
2026-06-06 21:42:00+00:00,Mock tweet 9430,0.6106698906570687
2026-06-06 21:49:00+00:00,Mock tweet 9431,-0.17021450237352354
2026-06-06 21:55:00+00:00,Mock tweet 9432,-0.7205683061340225
2026-06-06 21:57:00+00:00,Mock tweet 9433,-0.3646097222428102
2026-06-06 21:57:00+00:00,Mock tweet 9434,0.7755505253987378
2026-06-06 22:01:00+00:00,Mock tweet 9435,-0.10511398130827909
2026-06-06 22:03:00+00:00,Mock tweet 9436,9.783297341421289
2026-06-06 22:19:00+00:00,Mock tweet 9437,-0.7375367594443223
2026-06-06 22:22:00+00:00,Mock tweet 9438,0.81272309274806
2026-06-06 22:26:00+00:00,Mock tweet 9439,-0.4217267027303615
2026-06-06 22:34:00+00:00,Mock tweet 9440,-0.29981127745184666
2026-06-06 22:36:00+00:00,Mock tweet 9441,0.8760236518098128
2026-06-06 22:43:00+00:00,Mock tweet 9442,-0.44141906395142017
2026-06-06 22:49:00+00:00,Mock tweet 9443,-0.5553917704644296
2026-06-06 22:50:00+00:00,Mock tweet 9444,-0.9877693001919936
2026-06-06 22:51:00+00:00,Mock tweet 9445,-0.16618284344949918
2026-06-06 22:54:00+00:00,Mock tweet 9446,-0.6890311466304213
2026-06-06 22:57:00+00:00,Mock tweet 9447,0.21206770832295185
2026-06-06 23:00:00+00:00,Mock tweet 9448,0.7243822472104962
2026-06-06 23:01:00+00:00,Mock tweet 9449,-0.49451843238104387
2026-06-06 23:05:00+00:00,Mock tweet 9450,0.47162960369987705
2026-06-06 23:19:00+00:00,Mock tweet 9451,0.702858952555464
2026-06-06 23:23:00+00:00,Mock tweet 9452,-0.33267736821815475
2026-06-06 23:29:00+00:00,Mock tweet 9453,0.08097985264567709
2026-06-06 23:35:00+00:00,Mock tweet 9454,-0.7372002614126725
2026-06-06 23:42:00+00:00,Mock tweet 9455,-0.38518009593097857
2026-06-06 23:44:00+00:00,Mock tweet 9456,-0.9403318848619933
2026-06-06 23:47:00+00:00,Mock tweet 9457,-0.2363512563091552
2026-06-06 23:48:00+00:00,Mock tweet 9458,-0.8043331243036838
2026-06-06 23:50:00+00:00,Mock tweet 9459,0.3890453601904713
2026-06-06 23:51:00+00:00,Mock tweet 9460,0.5991048027427164
2026-06-06 23:51:00+00:00,Mock tweet 9461,0.1996386277805331
2026-06-06 23:53:00+00:00,Mock tweet 9462,0.7959873385358882
2026-06-06 23:57:00+00:00,Mock tweet 9463,0.6099641253498924
2026-06-06 23:58:00+00:00,Mock tweet 9464,0.48508579664186335
2026-06-07 00:00:00+00:00,Mock tweet 9465,0.06070217305943437
2026-06-07 00:00:00+00:00,Mock tweet 9466,-0.3926378379059532
2026-06-07 00:01:00+00:00,Mock tweet 9467,-0.04774225615198757
2026-06-07 00:02:00+00:00,Mock tweet 9468,-0.9460368225648217
2026-06-07 00:03:00+00:00,Mock tweet 9469,0.5610377850941588
2026-06-07 00:09:00+00:00,Mock tweet 9470,-0.8953706051838943
2026-06-07 00:09:00+00:00,Mock tweet 9471,-0.8141216140072094
2026-06-07 00:10:00+00:00,Mock tweet 9472,-0.5589761837256435
2026-06-07 00:15:00+00:00,Mock tweet 9473,0.4299562340054801
2026-06-07 00:18:00+00:00,Mock tweet 9474,0.03078004421763203
2026-06-07 00:45:00+00:00,Mock tweet 9475,-0.4692226446432328
2026-06-07 00:53:00+00:00,Mock tweet 9476,0.961116166728269
2026-06-07 00:57:00+00:00,Mock tweet 9477,-0.9218258554980212
2026-06-07 01:02:00+00:00,Mock tweet 9478,-0.8951716310639624
2026-06-07 01:06:00+00:00,Mock tweet 9479,-0.5156384483382981
2026-06-07 01:07:00+00:00,Mock tweet 9480,0.4954770230993504
2026-06-07 01:07:00+00:00,Mock tweet 9481,-0.5571139423659928
2026-06-07 01:19:00+00:00,Mock tweet 9482,0.7547937340510202
2026-06-07 01:20:00+00:00,Mock tweet 9483,-0.738012695948479
2026-06-07 01:23:00+00:00,Mock tweet 9484,0.46229018750501294
2026-06-07 01:34:00+00:00,Mock tweet 9485,-0.36789367634011483
2026-06-07 01:39:00+00:00,Mock tweet 9486,0.49305493925886856
2026-06-07 01:39:00+00:00,Mock tweet 9487,0.3417737961183642
2026-06-07 01:40:00+00:00,Mock tweet 9488,0.42907791069973045
2026-06-07 01:40:00+00:00,Mock tweet 9489,-0.1923362603668617
2026-06-07 01:44:00+00:00,Mock tweet 9490,0.6714579130901817
2026-06-07 01:44:00+00:00,Mock tweet 9491,0.8415670217076723
2026-06-07 01:47:00+00:00,Mock tweet 9492,0.6519708641732214
2026-06-07 01:48:00+00:00,Mock tweet 9493,0.8702676697973621
2026-06-07 01:49:00+00:00,Mock tweet 9494,0.8121477454710353
2026-06-07 01:58:00+00:00,Mock tweet 9495,0.9594030002108225
2026-06-07 01:59:00+00:00,Mock tweet 9496,0.6498149492298555
2026-06-07 02:00:00+00:00,Mock tweet 9497,0.1780468169072318
2026-06-07 02:00:00+00:00,Mock tweet 9498,-0.776527921727824
2026-06-07 02:03:00+00:00,Mock tweet 9499,-0.5932592565115349
2026-06-07 02:09:00+00:00,Mock tweet 9500,0.06435438468505406
2026-06-07 02:21:00+00:00,Mock tweet 9501,0.2582319349334019
2026-06-07 02:21:00+00:00,Mock tweet 9502,0.8892867932596715
2026-06-07 02:23:00+00:00,Mock tweet 9503,-0.36670507174479305
2026-06-07 02:26:00+00:00,Mock tweet 9504,0.7728226246968035
2026-06-07 02:27:00+00:00,Mock tweet 9505,-0.11851939114561905
2026-06-07 02:36:00+00:00,Mock tweet 9506,0.29546360388495607
2026-06-07 02:48:00+00:00,Mock tweet 9507,-0.9934309623262065
2026-06-07 02:48:00+00:00,Mock tweet 9508,-0.41495231528554255
2026-06-07 02:48:00+00:00,Mock tweet 9509,0.5595118905039214
2026-06-07 02:51:00+00:00,Mock tweet 9510,0.39325346636918135
2026-06-07 03:04:00+00:00,Mock tweet 9511,0.5681811822770955
2026-06-07 03:05:00+00:00,Mock tweet 9512,-0.6103198586983332
2026-06-07 03:17:00+00:00,Mock tweet 9513,0.23830251523693757
2026-06-07 03:18:00+00:00,Mock tweet 9514,-0.18386424617659913
2026-06-07 03:25:00+00:00,Mock tweet 9515,0.41615565315371295
2026-06-07 03:32:00+00:00,Mock tweet 9516,-0.15314548937097072
2026-06-07 03:35:00+00:00,Mock tweet 9517,0.3222455887221065
2026-06-07 03:58:00+00:00,Mock tweet 9518,-0.4833555255886377
2026-06-07 04:00:00+00:00,Mock tweet 9519,0.20103391828318218
2026-06-07 04:03:00+00:00,Mock tweet 9520,-0.08840353813854662
2026-06-07 04:05:00+00:00,Mock tweet 9521,0.12141350240580873
2026-06-07 04:05:00+00:00,Mock tweet 9522,0.2299411178624009
2026-06-07 04:09:00+00:00,Mock tweet 9523,-0.0238287662243879
2026-06-07 04:18:00+00:00,Mock tweet 9524,0.5850257618751158
2026-06-07 04:19:00+00:00,Mock tweet 9525,-0.7905967218695691
2026-06-07 04:24:00+00:00,Mock tweet 9526,0.4329463622813954
2026-06-07 04:28:00+00:00,Mock tweet 9527,0.38698774463578567
2026-06-07 04:29:00+00:00,Mock tweet 9528,-0.5752724110011218
2026-06-07 04:36:00+00:00,Mock tweet 9529,0.08678738702788769
2026-06-07 04:40:00+00:00,Mock tweet 9530,-0.5230690839093237
2026-06-07 04:48:00+00:00,Mock tweet 9531,-0.9347071379331706
2026-06-07 04:55:00+00:00,Mock tweet 9532,0.7470785726869931
2026-06-07 04:55:00+00:00,Mock tweet 9533,-0.7081994126474134
2026-06-07 05:02:00+00:00,Mock tweet 9534,-0.42752884159242455
2026-06-07 05:07:00+00:00,Mock tweet 9535,0.40638300675471517
2026-06-07 05:10:00+00:00,Mock tweet 9536,-0.24290369397534106
2026-06-07 05:20:00+00:00,Mock tweet 9537,-0.8405578759438341
2026-06-07 05:24:00+00:00,Mock tweet 9538,0.943944989270421
2026-06-07 05:27:00+00:00,Mock tweet 9539,0.10757681193750668
2026-06-07 05:30:00+00:00,Mock tweet 9540,0.050637315999858545
2026-06-07 05:33:00+00:00,Mock tweet 9541,-0.6613370786237411
2026-06-07 05:39:00+00:00,Mock tweet 9542,0.715516772543767
2026-06-07 05:42:00+00:00,Mock tweet 9543,0.5448345868297235
2026-06-07 05:53:00+00:00,Mock tweet 9544,-0.18505544106359384
2026-06-07 05:56:00+00:00,Mock tweet 9545,-0.6451968978226781
2026-06-07 06:00:00+00:00,Mock tweet 9546,0.18039665293792617
2026-06-07 06:16:00+00:00,Mock tweet 9547,0.308132561057638
2026-06-07 06:17:00+00:00,Mock tweet 9548,-0.815458029319758
2026-06-07 06:17:00+00:00,Mock tweet 9549,0.4496168148092141
2026-06-07 06:26:00+00:00,Mock tweet 9550,-0.96930450283142
2026-06-07 06:27:00+00:00,Mock tweet 9551,0.023189864148288386
2026-06-07 06:30:00+00:00,Mock tweet 9552,0.9060750048816919
2026-06-07 06:38:00+00:00,Mock tweet 9553,0.9985186350245965
2026-06-07 06:39:00+00:00,Mock tweet 9554,0.8277707817896305
2026-06-07 06:43:00+00:00,Mock tweet 9555,0.9483373368337134
2026-06-07 06:46:00+00:00,Mock tweet 9556,-0.44238875821479984
2026-06-07 06:46:00+00:00,Mock tweet 9557,0.8422013636219492
2026-06-07 06:59:00+00:00,Mock tweet 9558,-0.1433478951017375
2026-06-07 07:00:00+00:00,Mock tweet 9559,0.5356975230890413
2026-06-07 07:03:00+00:00,Mock tweet 9560,0.8482070522728202
2026-06-07 07:04:00+00:00,Mock tweet 9561,-0.6253971021735327
2026-06-07 07:05:00+00:00,Mock tweet 9562,-0.02445915543522359
2026-06-07 07:05:00+00:00,Mock tweet 9563,0.20993750864956695
2026-06-07 07:12:00+00:00,Mock tweet 9564,-0.37959004179952527
2026-06-07 07:26:00+00:00,Mock tweet 9565,-0.3254388301319713
2026-06-07 07:36:00+00:00,Mock tweet 9566,-0.6646238766998405
2026-06-07 07:38:00+00:00,Mock tweet 9567,-0.651179068024871
2026-06-07 07:40:00+00:00,Mock tweet 9568,-0.22012515828133483
2026-06-07 07:41:00+00:00,Mock tweet 9569,0.7237501134324031
2026-06-07 07:43:00+00:00,Mock tweet 9570,-0.8953825939410451
2026-06-07 07:44:00+00:00,Mock tweet 9571,-0.6685629324265576
2026-06-07 07:46:00+00:00,Mock tweet 9572,-0.18531133361921204
2026-06-07 08:01:00+00:00,Mock tweet 9573,0.637959295572339
2026-06-07 08:07:00+00:00,Mock tweet 9574,0.7904862275673192
2026-06-07 08:07:00+00:00,Mock tweet 9575,-0.3829877455023891
2026-06-07 08:08:00+00:00,Mock tweet 9576,-0.5583084840192052
2026-06-07 08:13:00+00:00,Mock tweet 9577,0.029508757950069464
2026-06-07 08:34:00+00:00,Mock tweet 9578,-0.09129623029608758
2026-06-07 08:39:00+00:00,Mock tweet 9579,-0.1563378447720265
2026-06-07 08:41:00+00:00,Mock tweet 9580,0.41905795713537786
2026-06-07 08:44:00+00:00,Mock tweet 9581,0.08656678425089215
2026-06-07 08:46:00+00:00,Mock tweet 9582,0.5721018702697156
2026-06-07 08:48:00+00:00,Mock tweet 9583,0.4914588157303126
2026-06-07 08:51:00+00:00,Mock tweet 9584,-0.1756234005930788
2026-06-07 09:09:00+00:00,Mock tweet 9585,-0.6773672780168689
2026-06-07 09:13:00+00:00,Mock tweet 9586,-0.6943568914129714
2026-06-07 09:22:00+00:00,Mock tweet 9587,-0.3623168067555258
2026-06-07 09:26:00+00:00,Mock tweet 9588,0.7385787320913693
2026-06-07 09:28:00+00:00,Mock tweet 9589,-0.9988899296909481
2026-06-07 09:29:00+00:00,Mock tweet 9590,-0.4287687951732595
2026-06-07 09:39:00+00:00,Mock tweet 9591,0.09860645750332986
2026-06-07 09:40:00+00:00,Mock tweet 9592,0.0285655678748149
2026-06-07 09:40:00+00:00,Mock tweet 9593,-0.4072890703700558
2026-06-07 09:42:00+00:00,Mock tweet 9594,0.5603694089997473
2026-06-07 09:46:00+00:00,Mock tweet 9595,0.6437710987064074
2026-06-07 09:56:00+00:00,Mock tweet 9596,-0.5382849525425464
2026-06-07 09:57:00+00:00,Mock tweet 9597,-0.9007070670640172
2026-06-07 09:59:00+00:00,Mock tweet 9598,0.9718087559625008
2026-06-07 10:00:00+00:00,Mock tweet 9599,0.6754255411501222
2026-06-07 10:02:00+00:00,Mock tweet 9600,0.04969807230945733
2026-06-07 10:02:00+00:00,Mock tweet 9601,-0.43464482779534985
2026-06-07 10:09:00+00:00,Mock tweet 9602,0.795642780221961
2026-06-07 10:11:00+00:00,Mock tweet 9603,-0.4235363941823198
2026-06-07 10:12:00+00:00,Mock tweet 9604,0.954504930901279
2026-06-07 10:15:00+00:00,Mock tweet 9605,-0.7018272896608797
2026-06-07 10:15:00+00:00,Mock tweet 9606,-0.7584096894847987
2026-06-07 10:19:00+00:00,Mock tweet 9607,0.237464449093016
2026-06-07 10:22:00+00:00,Mock tweet 9608,-0.26125780104168617
2026-06-07 10:23:00+00:00,Mock tweet 9609,-0.5920346851186111
2026-06-07 10:24:00+00:00,Mock tweet 9610,-0.9665045425282637
2026-06-07 10:25:00+00:00,Mock tweet 9611,-0.8696004274434677
2026-06-07 10:38:00+00:00,Mock tweet 9612,0.6255528895774158
2026-06-07 10:40:00+00:00,Mock tweet 9613,-0.19625407841331177
2026-06-07 10:42:00+00:00,Mock tweet 9614,0.43223984187330977
2026-06-07 10:43:00+00:00,Mock tweet 9615,-0.3656372532239658
2026-06-07 10:45:00+00:00,Mock tweet 9616,0.6856784813792507
2026-06-07 10:46:00+00:00,Mock tweet 9617,0.06384813955930957
2026-06-07 10:50:00+00:00,Mock tweet 9618,-0.588451702064245
2026-06-07 10:51:00+00:00,Mock tweet 9619,0.3857345680642259
2026-06-07 10:55:00+00:00,Mock tweet 9620,0.13485472050966707
2026-06-07 10:58:00+00:00,Mock tweet 9621,-0.7602925679291141
2026-06-07 11:04:00+00:00,Mock tweet 9622,-0.3292526133686433
2026-06-07 11:06:00+00:00,Mock tweet 9623,-0.5748649435654147
2026-06-07 11:20:00+00:00,Mock tweet 9624,-0.6103332418910028
2026-06-07 11:27:00+00:00,Mock tweet 9625,0.5847190494387826
2026-06-07 11:28:00+00:00,Mock tweet 9626,0.07012437879871003
2026-06-07 11:30:00+00:00,Mock tweet 9627,-0.3419063313928967
2026-06-07 11:30:00+00:00,Mock tweet 9628,-0.3118727779167265
2026-06-07 11:31:00+00:00,Mock tweet 9629,-0.7782714479581905
2026-06-07 11:31:00+00:00,Mock tweet 9630,0.8278565457595604
2026-06-07 11:33:00+00:00,Mock tweet 9631,0.8637570011401079
2026-06-07 11:34:00+00:00,Mock tweet 9632,0.20809384853837964
2026-06-07 11:35:00+00:00,Mock tweet 9633,0.31524072390203717
2026-06-07 11:39:00+00:00,Mock tweet 9634,0.22484033221023214
2026-06-07 11:43:00+00:00,Mock tweet 9635,-0.8170138783306904
2026-06-07 11:50:00+00:00,Mock tweet 9636,0.02610288945694017
2026-06-07 11:52:00+00:00,Mock tweet 9637,-0.0777391774750682
2026-06-07 12:09:00+00:00,Mock tweet 9638,0.5972329920196979
2026-06-07 12:22:00+00:00,Mock tweet 9639,0.31011757049567623
2026-06-07 12:25:00+00:00,Mock tweet 9640,-0.8912201291698676
2026-06-07 12:31:00+00:00,Mock tweet 9641,-0.7377166158008803
2026-06-07 12:31:00+00:00,Mock tweet 9642,-0.13295512075488403
2026-06-07 12:33:00+00:00,Mock tweet 9643,0.772262618612702
2026-06-07 12:34:00+00:00,Mock tweet 9644,0.33431574802342645
2026-06-07 12:38:00+00:00,Mock tweet 9645,-0.41914042532035056
2026-06-07 12:47:00+00:00,Mock tweet 9646,0.3855848477738888
2026-06-07 12:54:00+00:00,Mock tweet 9647,0.7237267221098478
2026-06-07 12:58:00+00:00,Mock tweet 9648,0.723688066425672
2026-06-07 13:09:00+00:00,Mock tweet 9649,-0.84561241010301
2026-06-07 13:24:00+00:00,Mock tweet 9650,-0.4949069697896391
2026-06-07 13:32:00+00:00,Mock tweet 9651,0.21830764358960075
2026-06-07 13:38:00+00:00,Mock tweet 9652,0.7867338741897616
2026-06-07 13:39:00+00:00,Mock tweet 9653,0.6922385059937228
2026-06-07 13:40:00+00:00,Mock tweet 9654,-0.6218676709034059
2026-06-07 13:46:00+00:00,Mock tweet 9655,-0.42502829460131
2026-06-07 13:53:00+00:00,Mock tweet 9656,0.16382426245293202
2026-06-07 13:56:00+00:00,Mock tweet 9657,-0.1570087748973048
2026-06-07 13:58:00+00:00,Mock tweet 9658,0.08966125542375525
2026-06-07 14:06:00+00:00,Mock tweet 9659,0.764485094105009
2026-06-07 14:10:00+00:00,Mock tweet 9660,0.6584136683466695
2026-06-07 14:15:00+00:00,Mock tweet 9661,0.6976602243168599
2026-06-07 14:16:00+00:00,Mock tweet 9662,-0.1864161335890342
2026-06-07 14:24:00+00:00,Mock tweet 9663,0.6052684089920788
2026-06-07 14:28:00+00:00,Mock tweet 9664,0.7107705770534039
2026-06-07 14:37:00+00:00,Mock tweet 9665,-0.22966755338519684
2026-06-07 14:41:00+00:00,Mock tweet 9666,0.28143390068235563
2026-06-07 14:42:00+00:00,Mock tweet 9667,0.5224035548535089
2026-06-07 14:44:00+00:00,Mock tweet 9668,-0.2915247519169397
2026-06-07 14:48:00+00:00,Mock tweet 9669,0.6150460938762456
2026-06-07 14:56:00+00:00,Mock tweet 9670,-0.6118560878218344
2026-06-07 14:58:00+00:00,Mock tweet 9671,-0.8614374582277262
2026-06-07 14:58:00+00:00,Mock tweet 9672,0.8100765604887319
2026-06-07 15:03:00+00:00,Mock tweet 9673,-0.7734268730473575
2026-06-07 15:08:00+00:00,Mock tweet 9674,0.21554774429059753
2026-06-07 15:09:00+00:00,Mock tweet 9675,-0.6496620306016108
2026-06-07 15:14:00+00:00,Mock tweet 9676,0.7853679603978247
2026-06-07 15:27:00+00:00,Mock tweet 9677,-0.11703818768841412
2026-06-07 15:30:00+00:00,Mock tweet 9678,0.5188945872520627
2026-06-07 15:32:00+00:00,Mock tweet 9679,0.12554595699875337
2026-06-07 15:36:00+00:00,Mock tweet 9680,0.6588848938325591
2026-06-07 15:39:00+00:00,Mock tweet 9681,0.9151701311846545
2026-06-07 15:52:00+00:00,Mock tweet 9682,-0.13806788368537992
2026-06-07 15:52:00+00:00,Mock tweet 9683,-0.9662353556808265
2026-06-07 15:53:00+00:00,Mock tweet 9684,0.23292044487867725
2026-06-07 15:55:00+00:00,Mock tweet 9685,-0.8996583643439915
2026-06-07 15:57:00+00:00,Mock tweet 9686,-0.6173289449244204
2026-06-07 16:01:00+00:00,Mock tweet 9687,-0.28418103667127825
2026-06-07 16:02:00+00:00,Mock tweet 9688,-0.6268516386653593
2026-06-07 16:02:00+00:00,Mock tweet 9689,0.6338943635836662
2026-06-07 16:05:00+00:00,Mock tweet 9690,0.6406589631496731
2026-06-07 16:06:00+00:00,Mock tweet 9691,-0.6297548031108593
2026-06-07 16:08:00+00:00,Mock tweet 9692,0.39462268217736973
2026-06-07 16:11:00+00:00,Mock tweet 9693,0.5978344207421089
2026-06-07 16:11:00+00:00,Mock tweet 9694,0.06405148669549532
2026-06-07 16:13:00+00:00,Mock tweet 9695,-0.5579363295384177
2026-06-07 16:17:00+00:00,Mock tweet 9696,-0.6489982390015521
2026-06-07 16:23:00+00:00,Mock tweet 9697,0.6761598048831421
2026-06-07 16:30:00+00:00,Mock tweet 9698,0.54791877516574
2026-06-07 16:31:00+00:00,Mock tweet 9699,0.4678603855240375
2026-06-07 16:32:00+00:00,Mock tweet 9700,0.3721837217674917
2026-06-07 16:41:00+00:00,Mock tweet 9701,0.5350235872415106
2026-06-07 16:45:00+00:00,Mock tweet 9702,-0.5497211517490153
2026-06-07 16:51:00+00:00,Mock tweet 9703,-0.08659261276364671
2026-06-07 17:09:00+00:00,Mock tweet 9704,-0.37566065708349816
2026-06-07 17:16:00+00:00,Mock tweet 9705,-0.43488255152017263
2026-06-07 17:18:00+00:00,Mock tweet 9706,0.4647059000813958
2026-06-07 17:35:00+00:00,Mock tweet 9707,-0.4122125593202306
2026-06-07 17:38:00+00:00,Mock tweet 9708,0.6165392047511078
2026-06-07 17:38:00+00:00,Mock tweet 9709,-0.5534496436344241
2026-06-07 17:38:00+00:00,Mock tweet 9710,0.015638423081616226
2026-06-07 17:42:00+00:00,Mock tweet 9711,-0.4551972627802814
2026-06-07 17:48:00+00:00,Mock tweet 9712,0.9016135638022571
2026-06-07 17:52:00+00:00,Mock tweet 9713,0.6565484348413231
2026-06-07 18:00:00+00:00,Mock tweet 9714,0.4598854670828745
2026-06-07 18:05:00+00:00,Mock tweet 9715,0.7685181968076991
2026-06-07 18:09:00+00:00,Mock tweet 9716,-0.7767403959930046
2026-06-07 18:11:00+00:00,Mock tweet 9717,-0.5291919588130591
2026-06-07 18:17:00+00:00,Mock tweet 9718,-0.6768681209308731
2026-06-07 18:17:00+00:00,Mock tweet 9719,0.5847170293085828
2026-06-07 18:29:00+00:00,Mock tweet 9720,-0.4744097528098312
2026-06-07 18:33:00+00:00,Mock tweet 9721,-0.08807139983898327
2026-06-07 18:39:00+00:00,Mock tweet 9722,-0.9357390366466078
2026-06-07 18:46:00+00:00,Mock tweet 9723,-0.26051400515629686
2026-06-07 18:52:00+00:00,Mock tweet 9724,-0.7237083357694263
2026-06-07 18:52:00+00:00,Mock tweet 9725,-0.4971610916620539
2026-06-07 18:55:00+00:00,Mock tweet 9726,0.504790299426225
2026-06-07 19:04:00+00:00,Mock tweet 9727,-0.36991901739359045
2026-06-07 19:07:00+00:00,Mock tweet 9728,0.24848325607695987
2026-06-07 19:12:00+00:00,Mock tweet 9729,-0.061652249462737396
2026-06-07 19:18:00+00:00,Mock tweet 9730,0.5545000926208761
2026-06-07 19:18:00+00:00,Mock tweet 9731,-0.4766351306405292
2026-06-07 19:19:00+00:00,Mock tweet 9732,0.15459770451888555
2026-06-07 19:21:00+00:00,Mock tweet 9733,-0.9015999528618299
2026-06-07 19:24:00+00:00,Mock tweet 9734,-0.4218898016901085
2026-06-07 19:26:00+00:00,Mock tweet 9735,0.5020231670232376
2026-06-07 19:28:00+00:00,Mock tweet 9736,-0.17947665325174844
2026-06-07 19:30:00+00:00,Mock tweet 9737,0.8469901128616777
2026-06-07 19:31:00+00:00,Mock tweet 9738,0.42853580644467804
2026-06-07 19:42:00+00:00,Mock tweet 9739,-0.5267233541331118
2026-06-07 19:43:00+00:00,Mock tweet 9740,0.8272665029352555
2026-06-07 19:45:00+00:00,Mock tweet 9741,0.07954053092842117
2026-06-07 19:46:00+00:00,Mock tweet 9742,0.08531593444334318
2026-06-07 19:47:00+00:00,Mock tweet 9743,-0.4131248993881014
2026-06-07 19:48:00+00:00,Mock tweet 9744,0.5928323196428951
2026-06-07 19:49:00+00:00,Mock tweet 9745,-0.145731865589124
2026-06-07 19:58:00+00:00,Mock tweet 9746,0.1354534691783964
2026-06-07 20:00:00+00:00,Mock tweet 9747,0.8321834609514862
2026-06-07 20:07:00+00:00,Mock tweet 9748,-0.2317511618938224
2026-06-07 20:11:00+00:00,Mock tweet 9749,-0.012985415652863042
2026-06-07 20:11:00+00:00,Mock tweet 9750,-0.20925551025582578
2026-06-07 20:18:00+00:00,Mock tweet 9751,0.37447517853821677
2026-06-07 20:22:00+00:00,Mock tweet 9752,-0.4680037207125729
2026-06-07 20:23:00+00:00,Mock tweet 9753,0.5861809095033566
2026-06-07 20:34:00+00:00,Mock tweet 9754,0.8147965512334565
2026-06-07 20:36:00+00:00,Mock tweet 9755,-0.8123925381562223
2026-06-07 20:41:00+00:00,Mock tweet 9756,0.9277242746535463
2026-06-07 20:42:00+00:00,Mock tweet 9757,-0.7125069538980755
2026-06-07 20:49:00+00:00,Mock tweet 9758,0.10933784445571693
2026-06-07 20:50:00+00:00,Mock tweet 9759,-0.4158787523285401
2026-06-07 20:51:00+00:00,Mock tweet 9760,0.5916984069865454
2026-06-07 20:52:00+00:00,Mock tweet 9761,-0.7146183113281437
2026-06-07 20:59:00+00:00,Mock tweet 9762,0.5665032749901364
2026-06-07 21:05:00+00:00,Mock tweet 9763,0.9692975246190352
2026-06-07 21:09:00+00:00,Mock tweet 9764,0.15947167816069152
2026-06-07 21:11:00+00:00,Mock tweet 9765,-0.2911325596311034
2026-06-07 21:35:00+00:00,Mock tweet 9766,-0.036218189377575705
2026-06-07 21:37:00+00:00,Mock tweet 9767,-0.05470098129480938
2026-06-07 21:40:00+00:00,Mock tweet 9768,-0.17958907443117567
2026-06-07 21:44:00+00:00,Mock tweet 9769,-0.7995970434924786
2026-06-07 21:48:00+00:00,Mock tweet 9770,0.19017281802927832
2026-06-07 21:48:00+00:00,Mock tweet 9771,0.5291031234372223
2026-06-07 21:55:00+00:00,Mock tweet 9772,0.421786732878076
2026-06-07 21:55:00+00:00,Mock tweet 9773,-0.7266452381317627
2026-06-07 21:56:00+00:00,Mock tweet 9774,0.30372161908795103
2026-06-07 22:04:00+00:00,Mock tweet 9775,0.7168303699546352
2026-06-07 22:09:00+00:00,Mock tweet 9776,0.8396017368826161
2026-06-07 22:09:00+00:00,Mock tweet 9777,0.2644087716729213
2026-06-07 22:17:00+00:00,Mock tweet 9778,6.187780558236208
2026-06-07 22:21:00+00:00,Mock tweet 9779,0.10475792243919102
2026-06-07 22:30:00+00:00,Mock tweet 9780,0.736591726410678
2026-06-07 22:38:00+00:00,Mock tweet 9781,9.479735777599407
2026-06-07 22:47:00+00:00,Mock tweet 9782,0.529594237037347
2026-06-07 22:47:00+00:00,Mock tweet 9783,0.5738850922874661
2026-06-07 22:51:00+00:00,Mock tweet 9784,0.5783254635390234
2026-06-07 22:51:00+00:00,Mock tweet 9785,0.8760956402930666
2026-06-07 22:52:00+00:00,Mock tweet 9786,0.27869218856440403
2026-06-07 22:53:00+00:00,Mock tweet 9787,-0.44402633641448497
2026-06-07 22:55:00+00:00,Mock tweet 9788,0.3520715092481317
2026-06-07 22:56:00+00:00,Mock tweet 9789,0.009921485856917878
2026-06-07 22:59:00+00:00,Mock tweet 9790,0.6022916519882238
2026-06-07 23:08:00+00:00,Mock tweet 9791,0.16223967476809165
2026-06-07 23:13:00+00:00,Mock tweet 9792,0.26226541995053254
2026-06-07 23:15:00+00:00,Mock tweet 9793,0.6505256362967928
2026-06-07 23:19:00+00:00,Mock tweet 9794,-0.30652683001308345
2026-06-07 23:25:00+00:00,Mock tweet 9795,0.8430322471052647
2026-06-07 23:33:00+00:00,Mock tweet 9796,0.1318207803760234
2026-06-07 23:35:00+00:00,Mock tweet 9797,0.6517806578508112
2026-06-07 23:38:00+00:00,Mock tweet 9798,0.19208648484533852
2026-06-07 23:39:00+00:00,Mock tweet 9799,-0.04849566225836299
2026-06-07 23:52:00+00:00,Mock tweet 9800,-0.19157194606363825
2026-06-07 23:59:00+00:00,Mock tweet 9801,-0.5069397238141058
2026-06-08 00:01:00+00:00,Mock tweet 9802,0.24236466100956755
2026-06-08 00:12:00+00:00,Mock tweet 9803,-0.7430376213350993
2026-06-08 00:14:00+00:00,Mock tweet 9804,-0.24500272912923116
2026-06-08 00:15:00+00:00,Mock tweet 9805,-0.4688261583778659
2026-06-08 00:15:00+00:00,Mock tweet 9806,-0.2723013799234777
2026-06-08 00:19:00+00:00,Mock tweet 9807,-0.3952112778116543
2026-06-08 00:23:00+00:00,Mock tweet 9808,0.08555195391731796
2026-06-08 00:24:00+00:00,Mock tweet 9809,0.5324163434688522
2026-06-08 00:28:00+00:00,Mock tweet 9810,8.529747808765833
2026-06-08 00:28:00+00:00,Mock tweet 9811,-0.11516781638054385
2026-06-08 00:29:00+00:00,Mock tweet 9812,0.792400234424322
2026-06-08 00:29:00+00:00,Mock tweet 9813,0.9060538483173473
2026-06-08 00:30:00+00:00,Mock tweet 9814,-0.8590665412519456
2026-06-08 00:32:00+00:00,Mock tweet 9815,0.13850027423710265
2026-06-08 00:41:00+00:00,Mock tweet 9816,-0.8798043632703183
2026-06-08 00:42:00+00:00,Mock tweet 9817,0.9914998068838592
2026-06-08 00:48:00+00:00,Mock tweet 9818,-0.8660969300139811
2026-06-08 00:58:00+00:00,Mock tweet 9819,-0.9083853737296792
2026-06-08 00:59:00+00:00,Mock tweet 9820,-0.825936665818225
2026-06-08 01:01:00+00:00,Mock tweet 9821,-0.9866412496402479
2026-06-08 01:22:00+00:00,Mock tweet 9822,-0.684343912133283
2026-06-08 01:23:00+00:00,Mock tweet 9823,-0.8743007927955031
2026-06-08 01:28:00+00:00,Mock tweet 9824,0.6835002819825693
2026-06-08 01:31:00+00:00,Mock tweet 9825,0.2731758655130949
2026-06-08 01:34:00+00:00,Mock tweet 9826,-0.72892005852605
2026-06-08 01:35:00+00:00,Mock tweet 9827,-0.3654511071397377
2026-06-08 01:38:00+00:00,Mock tweet 9828,-0.5066443365417104
2026-06-08 01:43:00+00:00,Mock tweet 9829,0.9277977973301517
2026-06-08 01:45:00+00:00,Mock tweet 9830,0.8845066316100461
2026-06-08 01:49:00+00:00,Mock tweet 9831,0.09062032659840558
2026-06-08 01:53:00+00:00,Mock tweet 9832,-0.6297245534229585
2026-06-08 01:56:00+00:00,Mock tweet 9833,-0.9183990204971935
2026-06-08 01:57:00+00:00,Mock tweet 9834,0.06165938163637219
2026-06-08 01:58:00+00:00,Mock tweet 9835,0.4406404733178655
2026-06-08 02:01:00+00:00,Mock tweet 9836,-0.09039778441153268
2026-06-08 02:02:00+00:00,Mock tweet 9837,-0.8145256808115569
2026-06-08 02:14:00+00:00,Mock tweet 9838,0.46912089689991543
2026-06-08 02:18:00+00:00,Mock tweet 9839,0.2976341330546415
2026-06-08 02:22:00+00:00,Mock tweet 9840,0.9007799551114086
2026-06-08 02:24:00+00:00,Mock tweet 9841,0.24042722414451556
2026-06-08 02:31:00+00:00,Mock tweet 9842,0.679133156869079
2026-06-08 02:42:00+00:00,Mock tweet 9843,-0.022484394032723287
2026-06-08 02:44:00+00:00,Mock tweet 9844,0.13430793267955599
2026-06-08 02:45:00+00:00,Mock tweet 9845,-0.737016966244346
2026-06-08 02:47:00+00:00,Mock tweet 9846,0.5417865200089755
2026-06-08 02:49:00+00:00,Mock tweet 9847,0.544974540796169
2026-06-08 03:05:00+00:00,Mock tweet 9848,0.6227419313556846
2026-06-08 03:08:00+00:00,Mock tweet 9849,0.5297033645868852
2026-06-08 03:11:00+00:00,Mock tweet 9850,-0.18328636628810102
2026-06-08 03:18:00+00:00,Mock tweet 9851,0.8721779265010074
2026-06-08 03:18:00+00:00,Mock tweet 9852,0.11398175742083239
2026-06-08 03:25:00+00:00,Mock tweet 9853,0.15673853298146834
2026-06-08 03:26:00+00:00,Mock tweet 9854,0.6191834212702789
2026-06-08 03:27:00+00:00,Mock tweet 9855,-0.5683875254404771
2026-06-08 03:28:00+00:00,Mock tweet 9856,-0.7115443409631479
2026-06-08 03:30:00+00:00,Mock tweet 9857,-0.10028806468834794
2026-06-08 03:31:00+00:00,Mock tweet 9858,-0.44971309352061684
2026-06-08 03:33:00+00:00,Mock tweet 9859,0.2310209399417269
2026-06-08 03:38:00+00:00,Mock tweet 9860,0.8621147671242111
2026-06-08 03:48:00+00:00,Mock tweet 9861,-0.6117702765809547
2026-06-08 03:48:00+00:00,Mock tweet 9862,-0.5789563019636097
2026-06-08 03:51:00+00:00,Mock tweet 9863,0.31216605663912156
2026-06-08 03:58:00+00:00,Mock tweet 9864,0.6742897664191185
2026-06-08 04:02:00+00:00,Mock tweet 9865,-0.5740641158573223
2026-06-08 04:09:00+00:00,Mock tweet 9866,-0.7553983383606253
2026-06-08 04:15:00+00:00,Mock tweet 9867,-0.7658652433908468
2026-06-08 04:23:00+00:00,Mock tweet 9868,0.5773219748574929
2026-06-08 04:30:00+00:00,Mock tweet 9869,-0.6388959390384541
2026-06-08 04:30:00+00:00,Mock tweet 9870,0.6801477938617975
2026-06-08 04:30:00+00:00,Mock tweet 9871,-0.753858918210361
2026-06-08 04:32:00+00:00,Mock tweet 9872,0.6116356668862291
2026-06-08 04:37:00+00:00,Mock tweet 9873,0.8100311836356948
2026-06-08 04:40:00+00:00,Mock tweet 9874,0.7057394798627015
2026-06-08 04:43:00+00:00,Mock tweet 9875,0.8216137211427241
2026-06-08 04:46:00+00:00,Mock tweet 9876,0.48378594457041846
2026-06-08 05:02:00+00:00,Mock tweet 9877,-0.5622455159951365
2026-06-08 05:15:00+00:00,Mock tweet 9878,-0.39653799497189124
2026-06-08 05:16:00+00:00,Mock tweet 9879,-0.19084431125467782
2026-06-08 05:18:00+00:00,Mock tweet 9880,-0.622875903865705
2026-06-08 05:21:00+00:00,Mock tweet 9881,0.8150075801500665
2026-06-08 05:31:00+00:00,Mock tweet 9882,0.2558259402700995
2026-06-08 05:32:00+00:00,Mock tweet 9883,0.9550457044795475
2026-06-08 05:36:00+00:00,Mock tweet 9884,0.796281234580912
2026-06-08 05:44:00+00:00,Mock tweet 9885,-0.297534725767848
2026-06-08 05:54:00+00:00,Mock tweet 9886,0.2993163100503573
2026-06-08 05:55:00+00:00,Mock tweet 9887,-0.017940170228235353
2026-06-08 05:56:00+00:00,Mock tweet 9888,-0.3015860119253886
2026-06-08 06:04:00+00:00,Mock tweet 9889,-0.46542809076021907
2026-06-08 06:13:00+00:00,Mock tweet 9890,0.6894492430801418
2026-06-08 06:22:00+00:00,Mock tweet 9891,-0.9556782574049485
2026-06-08 06:26:00+00:00,Mock tweet 9892,-0.3845192976818417
2026-06-08 06:32:00+00:00,Mock tweet 9893,-0.18798231682757538
2026-06-08 06:41:00+00:00,Mock tweet 9894,0.878872722043107
2026-06-08 06:43:00+00:00,Mock tweet 9895,0.5922136783663186
2026-06-08 06:47:00+00:00,Mock tweet 9896,0.11544890837640409
2026-06-08 06:48:00+00:00,Mock tweet 9897,0.992942507445917
2026-06-08 06:50:00+00:00,Mock tweet 9898,-0.03349017865143966
2026-06-08 06:58:00+00:00,Mock tweet 9899,0.5590746541386631
2026-06-08 06:59:00+00:00,Mock tweet 9900,0.1909771214328171
2026-06-08 07:00:00+00:00,Mock tweet 9901,0.3121817606956181
2026-06-08 07:01:00+00:00,Mock tweet 9902,-0.40502313549792635
2026-06-08 07:08:00+00:00,Mock tweet 9903,0.685751878627
2026-06-08 07:11:00+00:00,Mock tweet 9904,0.36562295019662727
2026-06-08 07:15:00+00:00,Mock tweet 9905,0.5954529954894734
2026-06-08 07:16:00+00:00,Mock tweet 9906,-0.6328051858127925
2026-06-08 07:17:00+00:00,Mock tweet 9907,0.5708488535653968
2026-06-08 07:24:00+00:00,Mock tweet 9908,0.870904582178706
2026-06-08 07:25:00+00:00,Mock tweet 9909,0.4615795421036839
2026-06-08 07:29:00+00:00,Mock tweet 9910,-0.389786135760416
2026-06-08 07:38:00+00:00,Mock tweet 9911,0.7928977052661155
2026-06-08 07:52:00+00:00,Mock tweet 9912,-0.8117567773647132
2026-06-08 08:10:00+00:00,Mock tweet 9913,0.1274513719918806
2026-06-08 08:14:00+00:00,Mock tweet 9914,0.49568700264129517
2026-06-08 08:15:00+00:00,Mock tweet 9915,-0.4790458680620737
2026-06-08 08:22:00+00:00,Mock tweet 9916,-0.11228459657088541
2026-06-08 08:30:00+00:00,Mock tweet 9917,0.27176405683991844
2026-06-08 08:34:00+00:00,Mock tweet 9918,0.8578689819213616
2026-06-08 08:38:00+00:00,Mock tweet 9919,0.09859994288017071
2026-06-08 08:40:00+00:00,Mock tweet 9920,-0.6342588381011574
2026-06-08 08:42:00+00:00,Mock tweet 9921,-0.9041535287751616
2026-06-08 08:43:00+00:00,Mock tweet 9922,0.3838225200573375
2026-06-08 08:45:00+00:00,Mock tweet 9923,-0.36441565302027934
2026-06-08 08:52:00+00:00,Mock tweet 9924,-0.5226872716549562
2026-06-08 08:54:00+00:00,Mock tweet 9925,0.9866658073078958
2026-06-08 08:54:00+00:00,Mock tweet 9926,-0.9135531454203198
2026-06-08 08:54:00+00:00,Mock tweet 9927,0.719469473476654
2026-06-08 08:59:00+00:00,Mock tweet 9928,0.2526427014934238
2026-06-08 09:07:00+00:00,Mock tweet 9929,0.014007071141261207
2026-06-08 09:09:00+00:00,Mock tweet 9930,-0.5183352470635978
2026-06-08 09:15:00+00:00,Mock tweet 9931,-0.9108576776657911
2026-06-08 09:16:00+00:00,Mock tweet 9932,0.9743532361070033
2026-06-08 09:18:00+00:00,Mock tweet 9933,-0.7441374787150568
2026-06-08 09:21:00+00:00,Mock tweet 9934,0.0238602868521669
2026-06-08 09:23:00+00:00,Mock tweet 9935,0.4344392622320554
2026-06-08 09:24:00+00:00,Mock tweet 9936,0.9506421742361972
2026-06-08 09:39:00+00:00,Mock tweet 9937,0.7326904513473862
2026-06-08 09:47:00+00:00,Mock tweet 9938,0.07672174330293413
2026-06-08 09:49:00+00:00,Mock tweet 9939,-0.2788953521567905
2026-06-08 09:50:00+00:00,Mock tweet 9940,0.9084158849453048
2026-06-08 09:52:00+00:00,Mock tweet 9941,-0.5990623001664601
2026-06-08 09:54:00+00:00,Mock tweet 9942,-0.5898392929399336
2026-06-08 10:01:00+00:00,Mock tweet 9943,9.71250101674693
2026-06-08 10:16:00+00:00,Mock tweet 9944,0.5611960932577646
2026-06-08 10:21:00+00:00,Mock tweet 9945,-0.4227425559965561
2026-06-08 10:25:00+00:00,Mock tweet 9946,0.8398369654650304
2026-06-08 10:31:00+00:00,Mock tweet 9947,-0.7096882529561122
2026-06-08 10:32:00+00:00,Mock tweet 9948,-0.2402877646463717
2026-06-08 10:42:00+00:00,Mock tweet 9949,0.32703907737191584
2026-06-08 10:53:00+00:00,Mock tweet 9950,-0.3054501674724208
2026-06-08 10:59:00+00:00,Mock tweet 9951,-0.14410982931102878
2026-06-08 11:03:00+00:00,Mock tweet 9952,0.6078349007399348
2026-06-08 11:10:00+00:00,Mock tweet 9953,0.6298276409153758
2026-06-08 11:24:00+00:00,Mock tweet 9954,-0.6976810110687619
2026-06-08 11:27:00+00:00,Mock tweet 9955,-0.8010522553008954
2026-06-08 11:30:00+00:00,Mock tweet 9956,0.6631793946124767
2026-06-08 11:32:00+00:00,Mock tweet 9957,0.5772409779150265
2026-06-08 11:33:00+00:00,Mock tweet 9958,-0.046818693991732996
2026-06-08 11:35:00+00:00,Mock tweet 9959,0.9898633153501224
2026-06-08 11:42:00+00:00,Mock tweet 9960,-0.5491430013883143
2026-06-08 11:44:00+00:00,Mock tweet 9961,0.612194573658591
2026-06-08 11:48:00+00:00,Mock tweet 9962,-0.602906872624337
2026-06-08 11:48:00+00:00,Mock tweet 9963,-0.02042581094830931
2026-06-08 12:02:00+00:00,Mock tweet 9964,-0.3780803242581381
2026-06-08 12:07:00+00:00,Mock tweet 9965,-0.506810024881843
2026-06-08 12:08:00+00:00,Mock tweet 9966,0.48067063021231693
2026-06-08 12:08:00+00:00,Mock tweet 9967,0.6545465330276299
2026-06-08 12:10:00+00:00,Mock tweet 9968,-0.9174955055056433
2026-06-08 12:15:00+00:00,Mock tweet 9969,-0.4888131920361636
2026-06-08 12:31:00+00:00,Mock tweet 9970,-0.07137016379902739
2026-06-08 12:32:00+00:00,Mock tweet 9971,-0.6005430412965289
2026-06-08 12:33:00+00:00,Mock tweet 9972,0.9918240014553097
2026-06-08 12:37:00+00:00,Mock tweet 9973,-0.11793326746784238
2026-06-08 12:40:00+00:00,Mock tweet 9974,-0.3660358088177491
2026-06-08 12:40:00+00:00,Mock tweet 9975,-0.06082206442554994
2026-06-08 12:42:00+00:00,Mock tweet 9976,0.8176843218809535
2026-06-08 12:45:00+00:00,Mock tweet 9977,0.5319190097487665
2026-06-08 12:46:00+00:00,Mock tweet 9978,0.4161336691113853
2026-06-08 12:59:00+00:00,Mock tweet 9979,-0.5728880268484511
2026-06-08 13:05:00+00:00,Mock tweet 9980,0.24542241180109414
2026-06-08 13:09:00+00:00,Mock tweet 9981,-0.4302539968468251
2026-06-08 13:10:00+00:00,Mock tweet 9982,-0.03439134626967855
2026-06-08 13:14:00+00:00,Mock tweet 9983,-0.729512106167004
2026-06-08 13:28:00+00:00,Mock tweet 9984,0.3118381468256499
2026-06-08 13:33:00+00:00,Mock tweet 9985,0.37202476487777947
2026-06-08 13:36:00+00:00,Mock tweet 9986,0.02884644532104308
2026-06-08 13:40:00+00:00,Mock tweet 9987,0.6396492365320663
2026-06-08 13:53:00+00:00,Mock tweet 9988,-0.029519430309173922
2026-06-08 13:56:00+00:00,Mock tweet 9989,-0.08256939512619188
2026-06-08 13:57:00+00:00,Mock tweet 9990,-0.39047590069136384
2026-06-08 13:58:00+00:00,Mock tweet 9991,-0.5420264219801716
2026-06-08 14:00:00+00:00,Mock tweet 9992,-0.615143410783187
2026-06-08 14:00:00+00:00,Mock tweet 9993,0.1447644138267965
2026-06-08 14:00:00+00:00,Mock tweet 9994,0.7546893811064215
2026-06-08 14:03:00+00:00,Mock tweet 9995,0.3540702799290454
2026-06-08 14:03:00+00:00,Mock tweet 9996,0.12150130093832057
2026-06-08 14:06:00+00:00,Mock tweet 9997,-0.06790580109728417
2026-06-08 14:08:00+00:00,Mock tweet 9998,-0.21321489466555854
2026-06-08 14:13:00+00:00,Mock tweet 9999,-0.2737652640740902
